customer_id,activity_date,login_count,features_used_count,support_tickets_opened
1001,2024-11-07,11,6,1
1001,2024-11-14,15,7,0
1001,2024-11-21,23,9,0
1001,2024-11-28,8,5,0
1001,2024-12-05,6,6,1
1001,2024-12-12,6,6,0
1001,2024-12-19,16,4,0
1001,2024-12-26,16,3,0
1002,2024-06-06,14,6,1
1002,2024-06-13,19,8,0
1002,2024-06-20,23,6,0
1002,2024-06-27,7,7,0
1002,2024-07-04,13,9,0
1002,2024-07-11,18,4,0
1002,2024-07-18,6,6,0
1002,2024-07-25,11,6,0
1002,2024-08-01,19,5,1
1002,2024-08-08,8,4,0
1002,2024-08-15,6,8,0
1002,2024-08-22,14,6,0
1002,2024-08-29,22,4,0
1002,2024-09-05,14,8,1
1002,2024-09-12,20,9,0
1002,2024-09-19,12,7,0
1002,2024-09-26,22,9,0
1002,2024-10-03,17,3,0
1002,2024-10-10,17,3,0
1002,2024-10-17,13,3,0
1002,2024-10-24,15,5,0
1002,2024-10-31,7,5,0
1002,2024-11-07,9,4,0
1002,2024-11-14,13,6,0
1002,2024-11-21,12,6,0
1002,2024-11-28,20,9,0
1002,2024-12-05,9,5,0
1002,2024-12-12,7,3,0
1002,2024-12-19,19,8,0
1002,2024-12-26,9,4,0
1003,2024-12-31,18,9,0
1004,2024-11-21,19,9,0
1004,2024-11-28,17,5,0
1004,2024-12-05,11,3,0
1004,2024-12-12,8,8,0
1004,2024-12-19,11,7,0
1004,2024-12-26,8,7,0
1005,2024-08-16,23,8,0
1005,2024-08-23,14,7,0
1005,2024-08-30,10,6,0
1005,2024-09-06,16,6,0
1005,2024-09-13,15,4,0
1005,2024-09-20,11,8,0
1005,2024-09-27,24,7,0
1005,2024-10-04,11,8,0
1005,2024-10-11,13,8,0
1005,2024-10-18,23,4,0
1005,2024-10-25,19,5,0
1005,2024-11-01,13,6,0
1005,2024-11-08,21,4,1
1005,2024-11-15,11,4,0
1005,2024-11-22,9,3,1
1005,2024-11-29,21,4,0
1005,2024-12-06,9,3,0
1005,2024-12-13,6,7,0
1005,2024-12-20,10,9,0
1005,2024-12-27,15,5,0
1006,2024-11-10,10,7,0
1006,2024-11-17,10,8,0
1006,2024-11-24,20,3,0
1006,2024-12-01,10,7,0
1006,2024-12-08,8,5,0
1006,2024-12-15,23,6,0
1006,2024-12-22,24,3,0
1006,2024-12-29,11,4,0
1007,2024-03-12,15,6,0
1007,2024-03-19,22,9,0
1007,2024-03-26,14,5,0
1007,2024-04-02,20,4,1
1007,2024-04-09,24,6,0
1007,2024-04-16,5,8,0
1007,2024-04-23,9,5,0
1007,2024-04-30,13,5,0
1007,2024-05-07,20,5,0
1007,2024-05-14,5,6,0
1007,2024-05-21,12,6,0
1007,2024-05-28,24,8,0
1007,2024-06-04,7,3,0
1007,2024-06-11,18,4,0
1007,2024-06-18,7,7,0
1007,2024-06-25,5,6,0
1007,2024-07-02,20,6,0
1007,2024-07-09,12,9,0
1007,2024-07-16,5,6,0
1007,2024-07-23,18,8,1
1007,2024-07-30,17,5,0
1007,2024-08-06,6,7,0
1007,2024-08-13,19,3,0
1007,2024-08-20,20,5,0
1007,2024-08-27,21,3,1
1007,2024-09-03,18,7,0
1007,2024-09-10,13,7,1
1007,2024-09-17,21,8,1
1007,2024-09-24,7,6,0
1007,2024-10-01,5,5,0
1007,2024-10-08,14,9,0
1007,2024-10-15,7,8,0
1007,2024-10-22,19,8,0
1007,2024-10-29,14,4,0
1007,2024-11-05,12,3,0
1007,2024-11-12,20,9,0
1007,2024-11-19,7,4,0
1007,2024-11-26,17,6,0
1007,2024-12-03,8,7,0
1007,2024-12-10,12,8,0
1007,2024-12-17,16,5,0
1007,2024-12-24,6,4,0
1007,2024-12-31,23,3,0
1008,2024-11-09,21,6,0
1008,2024-11-16,19,8,0
1008,2024-11-23,9,3,0
1008,2024-11-30,16,6,0
1008,2024-12-07,8,8,0
1008,2024-12-14,24,8,0
1008,2024-12-21,12,6,0
1008,2024-12-28,22,6,0
1009,2024-08-16,23,3,0
1009,2024-08-23,23,6,0
1009,2024-08-30,9,4,1
1009,2024-09-06,13,6,0
1009,2024-09-13,5,9,0
1009,2024-09-20,20,3,0
1009,2024-09-27,5,7,0
1009,2024-10-04,9,8,0
1009,2024-10-11,7,6,0
1009,2024-10-18,23,7,0
1009,2024-10-25,18,6,0
1009,2024-11-01,21,8,0
1009,2024-11-08,24,7,0
1009,2024-11-15,20,7,0
1009,2024-11-22,5,8,0
1009,2024-11-29,14,8,0
1009,2024-12-06,6,6,0
1009,2024-12-13,23,4,0
1009,2024-12-20,9,7,0
1009,2024-12-27,20,9,1
1016,2024-08-02,24,6,0
1016,2024-08-09,5,3,0
1016,2024-08-16,15,7,0
1016,2024-08-23,5,3,0
1016,2024-08-30,15,6,0
1016,2024-09-06,16,9,0
1016,2024-09-13,23,4,0
1016,2024-09-20,21,4,0
1016,2024-09-27,14,4,0
1016,2024-10-04,23,3,0
1016,2024-10-11,22,7,1
1016,2024-10-18,8,3,0
1016,2024-10-25,8,4,0
1016,2024-11-01,7,3,0
1016,2024-11-08,8,4,0
1016,2024-11-15,9,6,0
1016,2024-11-22,17,9,0
1016,2024-11-29,13,8,1
1016,2024-12-06,24,3,0
1016,2024-12-13,23,3,0
1016,2024-12-20,13,5,0
1016,2024-12-27,11,6,1
1017,2024-05-06,24,5,0
1017,2024-05-13,20,7,0
1017,2024-05-20,16,3,0
1017,2024-05-27,8,7,0
1017,2024-06-03,11,7,1
1017,2024-06-10,11,8,0
1017,2024-06-17,9,5,0
1017,2024-06-24,15,5,0
1017,2024-07-01,16,3,0
1017,2024-07-08,16,3,0
1017,2024-07-15,11,8,0
1017,2024-07-22,14,3,0
1017,2024-07-29,6,7,0
1017,2024-08-05,10,5,0
1017,2024-08-12,17,3,0
1017,2024-08-19,21,9,1
1017,2024-08-26,17,6,0
1017,2024-09-02,23,7,0
1017,2024-09-09,11,5,0
1017,2024-09-16,23,9,0
1017,2024-09-23,17,7,0
1017,2024-09-30,24,6,0
1017,2024-10-07,13,9,0
1017,2024-10-14,17,6,1
1017,2024-10-21,21,3,0
1017,2024-10-28,10,7,1
1017,2024-11-04,16,7,1
1017,2024-11-11,19,7,0
1017,2024-11-18,15,6,0
1017,2024-11-25,7,5,1
1017,2024-12-02,22,9,0
1017,2024-12-09,18,9,0
1017,2024-12-16,7,9,0
1017,2024-12-23,16,4,1
1017,2024-12-30,12,8,0
1018,2024-03-31,12,4,0
1018,2024-04-07,12,4,0
1018,2024-04-14,9,3,0
1018,2024-04-21,21,3,0
1018,2024-04-28,24,7,0
1018,2024-05-05,17,8,0
1018,2024-05-12,10,4,0
1018,2024-05-19,9,9,1
1018,2024-05-26,14,8,0
1018,2024-06-02,17,7,0
1018,2024-06-09,5,8,0
1018,2024-06-16,19,3,0
1018,2024-06-23,21,7,0
1018,2024-06-30,13,5,0
1018,2024-07-07,20,9,0
1018,2024-07-14,21,7,1
1018,2024-07-21,10,5,0
1018,2024-07-28,9,7,1
1018,2024-08-04,14,5,0
1018,2024-08-11,18,3,0
1018,2024-08-18,23,7,0
1018,2024-08-25,5,3,0
1018,2024-09-01,6,6,0
1018,2024-09-08,11,4,0
1018,2024-09-15,7,5,0
1018,2024-09-22,5,8,1
1018,2024-09-29,21,9,0
1018,2024-10-06,19,7,0
1018,2024-10-13,6,5,0
1018,2024-10-20,10,6,1
1018,2024-10-27,22,4,0
1018,2024-11-03,19,5,0
1018,2024-11-10,6,6,0
1018,2024-11-17,5,9,0
1018,2024-11-24,14,5,0
1018,2024-12-01,8,4,1
1018,2024-12-08,14,3,0
1018,2024-12-15,9,4,0
1018,2024-12-22,6,7,0
1018,2024-12-29,15,5,0
1019,2024-06-29,20,9,0
1019,2024-07-06,20,6,0
1019,2024-07-13,7,5,0
1019,2024-07-20,22,7,0
1019,2024-07-27,23,7,0
1019,2024-08-03,14,7,0
1019,2024-08-10,10,3,0
1019,2024-08-17,16,4,0
1019,2024-08-24,21,8,0
1019,2024-08-31,13,4,0
1019,2024-09-07,19,8,0
1019,2024-09-14,20,7,0
1019,2024-09-21,8,3,0
1019,2024-09-28,7,7,1
1019,2024-10-05,19,9,1
1019,2024-10-12,18,4,0
1019,2024-10-19,18,4,0
1019,2024-10-26,18,5,0
1019,2024-11-02,11,5,0
1019,2024-11-09,18,5,0
1019,2024-11-16,17,4,0
1019,2024-11-23,7,5,0
1019,2024-11-30,9,6,0
1019,2024-12-07,21,9,0
1019,2024-12-14,16,3,0
1019,2024-12-21,24,3,0
1019,2024-12-28,7,3,0
1020,2024-10-13,19,6,0
1020,2024-10-20,6,9,0
1020,2024-10-27,21,6,0
1020,2024-11-03,13,7,0
1020,2024-11-10,6,5,0
1020,2024-11-17,17,8,0
1020,2024-11-24,5,7,0
1020,2024-12-01,10,8,0
1020,2024-12-08,8,8,0
1020,2024-12-15,13,9,0
1020,2024-12-22,12,7,1
1020,2024-12-29,10,4,0
1020,2025-01-05,15,6,0
1020,2025-01-12,21,8,0
1020,2025-01-19,23,8,1
1020,2025-01-26,19,5,0
1020,2025-02-02,23,7,0
1020,2025-02-09,10,4,0
1020,2025-02-16,23,6,0
1020,2025-02-23,21,6,0
1020,2025-03-02,18,8,0
1020,2025-03-09,15,9,0
1020,2025-03-16,15,5,0
1020,2025-03-23,22,4,0
1020,2025-03-30,14,6,0
1020,2025-04-06,12,4,0
1020,2025-04-13,2,1,0
1020,2025-04-20,0,1,0
1020,2025-04-27,1,1,1
1020,2025-05-04,2,1,1
1021,2024-04-29,16,4,0
1021,2024-05-06,15,3,0
1021,2024-05-13,7,5,1
1021,2024-05-20,12,5,0
1021,2024-05-27,1,2,0
1021,2024-06-03,0,1,1
1021,2024-06-10,2,2,0
1021,2024-06-17,0,1,0
1022,2024-03-22,22,9,0
1022,2024-03-29,23,7,0
1022,2024-04-05,19,3,0
1022,2024-04-12,5,9,0
1022,2024-04-19,18,7,1
1022,2024-04-26,23,9,0
1022,2024-05-03,10,5,0
1022,2024-05-10,12,4,0
1022,2024-05-17,19,9,0
1022,2024-05-24,24,8,0
1022,2024-05-31,8,7,0
1022,2024-06-07,5,7,0
1022,2024-06-14,5,8,0
1022,2024-06-21,6,4,0
1022,2024-06-28,14,3,0
1022,2024-07-05,17,9,0
1022,2024-07-12,17,6,0
1022,2024-07-19,12,7,0
1022,2024-07-26,8,6,0
1022,2024-08-02,23,5,0
1022,2024-08-09,15,5,0
1022,2024-08-16,15,8,1
1022,2024-08-23,10,8,0
1022,2024-08-30,19,4,1
1022,2024-09-06,16,4,0
1022,2024-09-13,22,3,0
1022,2024-09-20,12,6,0
1022,2024-09-27,16,6,1
1022,2024-10-04,9,7,0
1022,2024-10-11,14,3,0
1022,2024-10-18,13,8,0
1022,2024-10-25,18,3,1
1022,2024-11-01,5,8,0
1022,2024-11-08,18,6,0
1022,2024-11-15,5,9,0
1022,2024-11-22,23,9,0
1022,2024-11-29,13,7,0
1022,2024-12-06,24,3,0
1022,2024-12-13,13,5,0
1022,2024-12-20,15,8,0
1022,2024-12-27,22,5,0
1023,2024-12-15,21,5,0
1023,2024-12-22,23,8,0
1023,2024-12-29,11,6,0
1023,2025-01-05,5,3,0
1023,2025-01-12,15,8,0
1023,2025-01-19,22,7,0
1023,2025-01-26,21,6,0
1023,2025-02-02,24,8,0
1023,2025-02-09,12,3,0
1023,2025-02-16,17,8,0
1023,2025-02-23,23,8,0
1023,2025-03-02,21,7,0
1023,2025-03-09,20,5,0
1023,2025-03-16,18,5,0
1023,2025-03-23,6,8,0
1023,2025-03-30,22,8,0
1023,2025-04-06,8,3,0
1023,2025-04-13,11,5,0
1023,2025-04-20,14,5,0
1023,2025-04-27,5,9,1
1023,2025-05-04,22,9,0
1023,2025-05-11,5,3,0
1023,2025-05-18,12,8,0
1023,2025-05-25,0,1,1
1023,2025-06-01,2,2,0
1023,2025-06-08,1,2,1
1023,2025-06-15,2,2,0
1023,2025-06-22,0,2,0
1024,2024-10-22,20,4,0
1024,2024-10-29,11,3,0
1024,2024-11-05,23,7,0
1024,2024-11-12,22,4,1
1024,2024-11-19,9,6,0
1024,2024-11-26,6,5,0
1024,2024-12-03,16,6,0
1024,2024-12-10,10,8,0
1024,2024-12-17,16,5,1
1024,2024-12-24,16,3,0
1024,2024-12-31,18,9,0
1025,2024-03-13,21,4,0
1025,2024-03-20,18,3,0
1025,2024-03-27,17,3,0
1025,2024-04-03,15,8,1
1025,2024-04-10,17,4,0
1025,2024-04-17,15,8,1
1025,2024-04-24,14,6,0
1025,2024-05-01,6,3,0
1025,2024-05-08,10,4,0
1025,2024-05-15,14,8,0
1025,2024-05-22,10,5,0
1025,2024-05-29,16,7,0
1025,2024-06-05,11,4,1
1025,2024-06-12,18,4,0
1025,2024-06-19,15,3,0
1025,2024-06-26,8,5,0
1025,2024-07-03,15,5,0
1025,2024-07-10,21,5,0
1025,2024-07-17,7,8,0
1025,2024-07-24,19,8,0
1025,2024-07-31,5,4,0
1025,2024-08-07,24,5,0
1025,2024-08-14,15,3,0
1025,2024-08-21,17,5,0
1025,2024-08-28,6,7,0
1025,2024-09-04,12,3,0
1025,2024-09-11,15,4,0
1025,2024-09-18,7,5,0
1025,2024-09-25,16,6,1
1025,2024-10-02,10,4,0
1025,2024-10-09,9,6,0
1025,2024-10-16,21,7,0
1025,2024-10-23,21,9,0
1025,2024-10-30,20,5,0
1025,2024-11-06,21,9,0
1025,2024-11-13,20,8,1
1025,2024-11-20,22,3,0
1025,2024-11-27,13,7,0
1025,2024-12-04,14,9,1
1025,2024-12-11,11,8,0
1025,2024-12-18,11,3,0
1025,2024-12-25,12,4,0
1025,2025-01-01,22,9,0
1026,2025-03-27,11,5,0
1026,2025-04-03,14,9,0
1026,2025-04-10,7,6,0
1026,2025-04-17,6,5,0
1026,2025-04-24,12,4,0
1026,2025-05-01,16,9,0
1026,2025-05-08,21,6,0
1026,2025-05-15,0,1,1
1026,2025-05-22,0,2,1
1026,2025-05-29,1,1,0
1026,2025-06-05,1,2,0
1027,2024-06-12,17,7,0
1027,2024-06-19,7,5,1
1027,2024-06-26,24,7,0
1027,2024-07-03,16,3,0
1027,2024-07-10,16,9,0
1027,2024-07-17,11,6,0
1027,2024-07-24,21,5,0
1027,2024-07-31,22,6,0
1027,2024-08-07,9,3,0
1027,2024-08-14,18,9,0
1027,2024-08-21,21,3,0
1027,2024-08-28,16,5,1
1027,2024-09-04,9,5,0
1027,2024-09-11,11,9,1
1027,2024-09-18,15,8,0
1027,2024-09-25,11,6,0
1027,2024-10-02,12,6,0
1027,2024-10-09,23,7,0
1027,2024-10-16,15,4,0
1027,2024-10-23,13,3,1
1027,2024-10-30,10,7,0
1027,2024-11-06,19,9,0
1027,2024-11-13,7,6,1
1027,2024-11-20,14,5,0
1027,2024-11-27,21,5,0
1027,2024-12-04,10,7,0
1027,2024-12-11,19,3,0
1027,2024-12-18,18,7,0
1027,2024-12-25,13,5,0
1027,2025-01-01,13,5,1
1030,2024-11-18,16,4,0
1030,2024-11-25,12,3,0
1030,2024-12-02,6,6,0
1030,2024-12-09,12,5,0
1030,2024-12-16,22,8,1
1030,2024-12-23,20,7,0
1030,2024-12-30,17,3,0
1031,2024-04-08,17,8,0
1031,2024-04-15,7,4,0
1031,2024-04-22,17,7,0
1031,2024-04-29,23,6,0
1031,2024-05-06,20,3,0
1031,2024-05-13,17,3,1
1031,2024-05-20,8,9,0
1031,2024-05-27,11,7,0
1031,2024-06-03,23,9,0
1031,2024-06-10,14,5,0
1031,2024-06-17,11,9,0
1031,2024-06-24,6,8,0
1031,2024-07-01,16,9,0
1031,2024-07-08,17,8,0
1031,2024-07-15,13,3,0
1031,2024-07-22,6,6,0
1031,2024-07-29,17,5,0
1031,2024-08-05,23,8,0
1031,2024-08-12,13,4,0
1031,2024-08-19,19,8,0
1031,2024-08-26,8,6,0
1031,2024-09-02,22,6,0
1031,2024-09-09,21,6,0
1031,2024-09-16,14,8,0
1031,2024-09-23,22,4,1
1031,2024-09-30,19,7,0
1031,2024-10-07,7,6,0
1031,2024-10-14,11,7,0
1031,2024-10-21,10,9,0
1031,2024-10-28,23,5,0
1031,2024-11-04,6,8,0
1031,2024-11-11,8,3,0
1031,2024-11-18,0,1,0
1031,2024-11-25,0,1,0
1031,2024-12-02,1,1,1
1031,2024-12-09,1,1,0
1034,2024-04-06,21,8,0
1034,2024-04-13,19,7,0
1034,2024-04-20,10,5,0
1034,2024-04-27,7,5,0
1034,2024-05-04,10,9,0
1034,2024-05-11,7,3,0
1034,2024-05-18,16,4,0
1034,2024-05-25,20,5,1
1034,2024-06-01,18,3,0
1034,2024-06-08,12,9,0
1034,2024-06-15,22,6,0
1034,2024-06-22,16,7,1
1034,2024-06-29,7,6,0
1034,2024-07-06,18,9,0
1034,2024-07-13,16,6,0
1034,2024-07-20,10,3,0
1034,2024-07-27,6,5,1
1034,2024-08-03,21,7,0
1034,2024-08-10,22,8,1
1034,2024-08-17,10,5,0
1034,2024-08-24,5,6,0
1034,2024-08-31,12,5,0
1034,2024-09-07,13,3,0
1034,2024-09-14,18,9,0
1034,2024-09-21,24,3,0
1034,2024-09-28,22,6,0
1034,2024-10-05,5,3,0
1034,2024-10-12,5,7,0
1034,2024-10-19,11,4,1
1034,2024-10-26,18,4,0
1034,2024-11-02,6,4,0
1034,2024-11-09,21,5,0
1034,2024-11-16,10,3,1
1034,2024-11-23,11,9,0
1034,2024-11-30,22,6,0
1034,2024-12-07,22,6,0
1034,2024-12-14,19,5,0
1034,2024-12-21,15,6,0
1034,2024-12-28,10,4,0
1034,2025-01-04,7,9,0
1034,2025-01-11,14,8,0
1034,2025-01-18,16,9,0
1034,2025-01-25,17,5,0
1034,2025-02-01,18,6,0
1034,2025-02-08,23,6,0
1034,2025-02-15,22,5,0
1034,2025-02-22,13,5,0
1034,2025-03-01,14,5,0
1034,2025-03-08,0,2,0
1034,2025-03-15,0,1,0
1034,2025-03-22,1,1,1
1034,2025-03-29,0,2,0
1034,2025-04-05,1,2,0
1035,2024-07-31,22,3,0
1035,2024-08-07,13,6,0
1035,2024-08-14,6,6,0
1035,2024-08-21,6,6,0
1035,2024-08-28,14,5,0
1035,2024-09-04,16,5,0
1035,2024-09-11,12,7,0
1035,2024-09-18,7,4,0
1035,2024-09-25,20,8,0
1035,2024-10-02,16,8,1
1035,2024-10-09,9,7,0
1035,2024-10-16,13,8,0
1035,2024-10-23,19,8,0
1035,2024-10-30,24,4,0
1035,2024-11-06,21,5,0
1035,2024-11-13,6,5,0
1035,2024-11-20,5,6,0
1035,2024-11-27,17,9,0
1035,2024-12-04,15,4,0
1035,2024-12-11,18,4,0
1035,2024-12-18,16,8,0
1035,2024-12-25,9,6,0
1035,2025-01-01,16,3,0
1035,2025-01-08,24,6,0
1035,2025-01-15,9,9,0
1035,2025-01-22,9,3,0
1035,2025-01-29,16,6,0
1035,2025-02-05,10,6,0
1035,2025-02-12,24,4,1
1035,2025-02-19,13,9,0
1035,2025-02-26,5,9,0
1035,2025-03-05,9,7,0
1035,2025-03-12,5,3,0
1035,2025-03-19,16,4,0
1035,2025-03-26,22,5,0
1035,2025-04-02,6,3,0
1035,2025-04-09,0,1,0
1035,2025-04-16,2,1,0
1035,2025-04-23,1,2,0
1035,2025-04-30,1,1,0
1036,2024-05-07,22,4,0
1036,2024-05-14,12,4,0
1036,2024-05-21,12,7,0
1036,2024-05-28,9,9,0
1036,2024-06-04,6,3,0
1036,2024-06-11,15,4,0
1036,2024-06-18,22,3,0
1036,2024-06-25,19,3,0
1036,2024-07-02,12,3,0
1036,2024-07-09,5,3,0
1036,2024-07-16,20,8,0
1036,2024-07-23,9,3,0
1036,2024-07-30,6,4,0
1036,2024-08-06,13,3,0
1036,2024-08-13,20,7,0
1036,2024-08-20,17,9,0
1036,2024-08-27,8,4,0
1036,2024-09-03,18,6,0
1036,2024-09-10,10,4,0
1036,2024-09-17,13,9,0
1036,2024-09-24,15,3,0
1036,2024-10-01,11,3,0
1036,2024-10-08,5,6,0
1036,2024-10-15,19,7,0
1036,2024-10-22,5,3,0
1036,2024-10-29,7,6,0
1036,2024-11-05,15,5,0
1036,2024-11-12,18,4,0
1036,2024-11-19,13,5,0
1036,2024-11-26,12,4,0
1036,2024-12-03,16,7,0
1036,2024-12-10,9,9,0
1036,2024-12-17,19,5,0
1036,2024-12-24,10,8,0
1036,2024-12-31,15,7,0
1037,2024-11-30,15,9,0
1037,2024-12-07,19,3,0
1037,2024-12-14,23,9,0
1037,2024-12-21,17,8,0
1037,2024-12-28,18,7,0
1038,2024-01-28,24,8,0
1038,2024-02-04,19,6,0
1038,2024-02-11,20,4,0
1038,2024-02-18,22,4,0
1038,2024-02-25,8,4,0
1038,2024-03-03,15,9,0
1038,2024-03-10,14,9,0
1038,2024-03-17,11,9,0
1038,2024-03-24,14,7,0
1038,2024-03-31,8,6,0
1038,2024-04-07,11,8,0
1038,2024-04-14,17,4,0
1038,2024-04-21,17,9,0
1038,2024-04-28,13,4,0
1038,2024-05-05,14,4,0
1038,2024-05-12,14,3,0
1038,2024-05-19,9,6,0
1038,2024-05-26,23,6,0
1038,2024-06-02,14,3,0
1038,2024-06-09,8,4,0
1038,2024-06-16,22,7,0
1038,2024-06-23,7,6,0
1038,2024-06-30,21,8,0
1038,2024-07-07,19,5,0
1038,2024-07-14,15,4,0
1038,2024-07-21,17,7,0
1038,2024-07-28,6,5,0
1038,2024-08-04,22,5,0
1038,2024-08-11,11,3,0
1038,2024-08-18,11,6,0
1038,2024-08-25,8,4,0
1038,2024-09-01,11,7,0
1038,2024-09-08,12,7,0
1038,2024-09-15,7,3,0
1038,2024-09-22,10,3,0
1038,2024-09-29,17,3,0
1038,2024-10-06,9,6,0
1038,2024-10-13,12,8,0
1038,2024-10-20,7,8,0
1038,2024-10-27,7,8,0
1038,2024-11-03,16,4,0
1038,2024-11-10,7,4,0
1038,2024-11-17,24,8,0
1038,2024-11-24,8,7,0
1038,2024-12-01,19,3,0
1038,2024-12-08,14,8,0
1038,2024-12-15,20,6,0
1038,2024-12-22,16,6,0
1038,2024-12-29,17,9,0
1040,2024-05-16,12,8,1
1040,2024-05-23,12,6,0
1040,2024-05-30,24,8,0
1040,2024-06-06,12,9,0
1040,2024-06-13,20,6,0
1040,2024-06-20,6,7,0
1040,2024-06-27,5,9,0
1040,2024-07-04,6,3,0
1040,2024-07-11,13,3,0
1040,2024-07-18,24,8,0
1040,2024-07-25,8,4,0
1040,2024-08-01,7,8,0
1040,2024-08-08,9,6,0
1040,2024-08-15,19,3,0
1040,2024-08-22,22,7,0
1040,2024-08-29,14,8,0
1040,2024-09-05,7,9,0
1040,2024-09-12,13,9,0
1040,2024-09-19,6,5,0
1040,2024-09-26,22,8,1
1040,2024-10-03,14,3,0
1040,2024-10-10,5,6,0
1040,2024-10-17,5,8,0
1040,2024-10-24,18,7,0
1040,2024-10-31,7,3,0
1040,2024-11-07,17,7,0
1040,2024-11-14,6,6,0
1040,2024-11-21,8,7,0
1040,2024-11-28,17,9,0
1040,2024-12-05,22,7,0
1040,2024-12-12,10,7,0
1040,2024-12-19,6,6,0
1040,2024-12-26,23,7,0
1041,2024-06-21,14,3,0
1041,2024-06-28,15,4,0
1041,2024-07-05,19,3,0
1041,2024-07-12,13,5,0
1041,2024-07-19,18,5,0
1041,2024-07-26,20,6,0
1041,2024-08-02,8,9,0
1041,2024-08-09,9,9,0
1041,2024-08-16,24,6,0
1041,2024-08-23,11,4,0
1041,2024-08-30,24,9,0
1041,2024-09-06,7,9,0
1041,2024-09-13,18,9,0
1041,2024-09-20,9,8,0
1041,2024-09-27,10,9,0
1041,2024-10-04,11,7,0
1041,2024-10-11,22,7,1
1041,2024-10-18,22,7,1
1041,2024-10-25,8,3,0
1041,2024-11-01,15,9,0
1041,2024-11-08,8,4,0
1041,2024-11-15,22,5,0
1041,2024-11-22,24,7,0
1041,2024-11-29,14,7,0
1041,2024-12-06,21,3,1
1041,2024-12-13,6,6,0
1041,2024-12-20,5,4,1
1041,2024-12-27,12,7,0
1042,2024-04-18,6,5,0
1042,2024-04-25,21,9,0
1042,2024-05-02,17,5,0
1042,2024-05-09,16,3,0
1042,2024-05-16,12,7,0
1042,2024-05-23,15,3,0
1042,2024-05-30,7,3,1
1042,2024-06-06,12,4,0
1042,2024-06-13,8,5,1
1042,2024-06-20,23,9,0
1042,2024-06-27,23,5,0
1042,2024-07-04,9,8,0
1042,2024-07-11,12,4,0
1042,2024-07-18,20,6,0
1042,2024-07-25,12,3,1
1042,2024-08-01,19,4,0
1042,2024-08-08,8,8,0
1042,2024-08-15,13,3,1
1042,2024-08-22,22,4,0
1042,2024-08-29,16,5,1
1042,2024-09-05,17,7,1
1042,2024-09-12,20,6,0
1042,2024-09-19,14,9,0
1042,2024-09-26,22,9,0
1042,2024-10-03,12,5,0
1042,2024-10-10,22,8,0
1042,2024-10-17,24,7,0
1042,2024-10-24,23,8,0
1042,2024-10-31,7,4,0
1042,2024-11-07,11,3,0
1042,2024-11-14,19,4,0
1042,2024-11-21,12,8,0
1042,2024-11-28,11,9,0
1042,2024-12-05,15,8,0
1042,2024-12-12,17,4,0
1042,2024-12-19,19,6,0
1042,2024-12-26,19,5,0
1042,2025-01-02,16,7,0
1042,2025-01-09,9,7,0
1042,2025-01-16,7,9,0
1042,2025-01-23,11,6,0
1042,2025-01-30,9,9,0
1042,2025-02-06,20,3,0
1042,2025-02-13,7,3,0
1042,2025-02-20,2,2,1
1042,2025-02-27,1,1,0
1042,2025-03-06,0,2,1
1042,2025-03-13,2,1,1
1043,2025-01-27,20,7,0
1043,2025-02-03,8,8,0
1043,2025-02-10,1,2,1
1043,2025-02-17,1,2,1
1043,2025-02-24,0,1,1
1043,2025-03-03,2,1,0
1043,2025-03-10,2,1,0
1046,2024-09-18,19,7,0
1046,2024-09-25,14,8,0
1046,2024-10-02,9,8,0
1046,2024-10-09,12,9,0
1046,2024-10-16,10,8,0
1046,2024-10-23,17,6,0
1046,2024-10-30,11,6,0
1046,2024-11-06,7,7,0
1046,2024-11-13,24,6,0
1046,2024-11-20,6,8,0
1046,2024-11-27,23,3,0
1046,2024-12-04,23,8,0
1046,2024-12-11,16,8,1
1046,2024-12-18,8,5,0
1046,2024-12-25,8,8,0
1046,2025-01-01,5,4,0
1047,2025-01-05,21,5,0
1047,2025-01-12,19,5,0
1047,2025-01-19,17,3,0
1047,2025-01-26,8,6,0
1047,2025-02-02,19,8,1
1047,2025-02-09,15,9,0
1047,2025-02-16,20,7,0
1047,2025-02-23,14,4,0
1047,2025-03-02,15,3,0
1047,2025-03-09,17,8,0
1047,2025-03-16,17,5,1
1047,2025-03-23,1,1,0
1047,2025-03-30,2,1,1
1047,2025-04-06,0,2,1
1047,2025-04-13,1,2,0
1047,2025-04-20,1,2,0
1048,2024-08-25,11,9,0
1048,2024-09-01,5,3,0
1048,2024-09-08,13,8,0
1048,2024-09-15,16,6,0
1048,2024-09-22,24,3,1
1048,2024-09-29,16,4,0
1048,2024-10-06,11,5,0
1048,2024-10-13,18,4,0
1048,2024-10-20,14,3,0
1048,2024-10-27,16,3,0
1048,2024-11-03,15,6,0
1048,2024-11-10,15,3,0
1048,2024-11-17,22,3,0
1048,2024-11-24,10,9,0
1048,2024-12-01,15,6,0
1048,2024-12-08,20,9,0
1048,2024-12-15,16,8,0
1048,2024-12-22,22,7,0
1048,2024-12-29,9,3,0
1049,2024-05-15,16,3,0
1049,2024-05-22,5,4,0
1049,2024-05-29,14,3,0
1049,2024-06-05,5,3,1
1049,2024-06-12,6,6,0
1049,2024-06-19,13,9,0
1049,2024-06-26,21,4,0
1049,2024-07-03,10,4,0
1049,2024-07-10,9,4,0
1049,2024-07-17,6,4,0
1049,2024-07-24,20,5,0
1049,2024-07-31,16,9,0
1049,2024-08-07,14,5,0
1049,2024-08-14,21,9,0
1049,2024-08-21,8,8,0
1049,2024-08-28,19,7,0
1049,2024-09-04,24,6,0
1049,2024-09-11,13,4,0
1049,2024-09-18,21,9,0
1049,2024-09-25,7,6,0
1049,2024-10-02,24,5,0
1049,2024-10-09,24,9,0
1049,2024-10-16,22,5,0
1049,2024-10-23,23,5,0
1049,2024-10-30,14,6,0
1049,2024-11-06,8,7,0
1049,2024-11-13,13,9,0
1049,2024-11-20,18,4,0
1049,2024-11-27,24,8,0
1049,2024-12-04,11,5,0
1049,2024-12-11,22,5,1
1049,2024-12-18,5,6,0
1049,2024-12-25,12,7,0
1049,2025-01-01,20,5,0
1050,2024-06-30,10,8,0
1050,2024-07-07,13,6,0
1050,2024-07-14,20,3,0
1050,2024-07-21,17,4,0
1050,2024-07-28,10,4,0
1050,2024-08-04,9,3,0
1050,2024-08-11,8,3,0
1050,2024-08-18,9,5,0
1050,2024-08-25,13,6,1
1050,2024-09-01,10,5,0
1050,2024-09-08,15,4,0
1050,2024-09-15,16,3,0
1050,2024-09-22,6,8,0
1050,2024-09-29,20,7,0
1050,2024-10-06,5,7,0
1050,2024-10-13,6,3,0
1050,2024-10-20,22,4,0
1050,2024-10-27,20,8,0
1050,2024-11-03,16,5,0
1050,2024-11-10,7,3,0
1050,2024-11-17,20,4,0
1050,2024-11-24,12,6,0
1050,2024-12-01,10,3,0
1050,2024-12-08,5,9,0
1050,2024-12-15,7,6,0
1050,2024-12-22,19,8,0
1050,2024-12-29,7,3,0
1052,2024-05-03,18,6,1
1052,2024-05-10,16,3,0
1052,2024-05-17,7,6,0
1052,2024-05-24,22,5,1
1052,2024-05-31,6,8,0
1052,2024-06-07,8,7,0
1052,2024-06-14,7,5,1
1052,2024-06-21,18,5,0
1052,2024-06-28,12,8,1
1052,2024-07-05,20,3,0
1052,2024-07-12,23,5,0
1052,2024-07-19,13,6,0
1052,2024-07-26,11,8,0
1052,2024-08-02,23,9,0
1052,2024-08-09,10,7,0
1052,2024-08-16,12,3,0
1052,2024-08-23,5,6,0
1052,2024-08-30,15,7,0
1052,2024-09-06,18,8,0
1052,2024-09-13,8,6,0
1052,2024-09-20,13,7,0
1052,2024-09-27,13,9,0
1052,2024-10-04,20,7,0
1052,2024-10-11,20,8,0
1052,2024-10-18,15,8,0
1052,2024-10-25,9,6,0
1052,2024-11-01,16,3,0
1052,2024-11-08,13,7,0
1052,2024-11-15,7,3,0
1052,2024-11-22,5,7,0
1052,2024-11-29,12,6,1
1052,2024-12-06,18,9,0
1052,2024-12-13,23,4,0
1052,2024-12-20,12,7,0
1052,2024-12-27,24,3,0
1053,2024-12-15,8,9,0
1053,2024-12-22,8,8,0
1053,2024-12-29,7,8,0
1054,2024-03-09,6,5,0
1054,2024-03-16,5,9,0
1054,2024-03-23,22,3,0
1054,2024-03-30,10,4,1
1054,2024-04-06,23,6,0
1054,2024-04-13,17,3,0
1054,2024-04-20,18,5,0
1054,2024-04-27,24,3,0
1054,2024-05-04,10,3,0
1054,2024-05-11,12,5,0
1054,2024-05-18,5,4,0
1054,2024-05-25,21,8,0
1054,2024-06-01,13,3,0
1054,2024-06-08,21,3,0
1054,2024-06-15,23,5,0
1054,2024-06-22,13,9,0
1054,2024-06-29,15,8,1
1054,2024-07-06,17,9,0
1054,2024-07-13,5,6,0
1054,2024-07-20,12,7,0
1054,2024-07-27,16,7,0
1054,2024-08-03,17,4,1
1054,2024-08-10,9,3,0
1054,2024-08-17,17,9,0
1054,2024-08-24,19,6,0
1054,2024-08-31,6,6,0
1054,2024-09-07,8,4,0
1054,2024-09-14,19,6,0
1054,2024-09-21,21,3,0
1054,2024-09-28,23,9,0
1054,2024-10-05,6,9,0
1054,2024-10-12,14,4,0
1054,2024-10-19,17,4,0
1054,2024-10-26,23,8,0
1054,2024-11-02,11,6,0
1054,2024-11-09,10,5,0
1054,2024-11-16,10,5,0
1054,2024-11-23,12,4,0
1054,2024-11-30,16,5,0
1054,2024-12-07,17,9,0
1054,2024-12-14,21,9,0
1054,2024-12-21,10,6,0
1054,2024-12-28,15,4,0
1055,2024-03-30,17,9,0
1055,2024-04-06,10,4,0
1055,2024-04-13,16,4,0
1055,2024-04-20,7,6,0
1055,2024-04-27,13,9,0
1055,2024-05-04,15,4,0
1055,2024-05-11,8,6,0
1055,2024-05-18,11,4,0
1055,2024-05-25,9,9,0
1055,2024-06-01,5,3,1
1055,2024-06-08,23,7,0
1055,2024-06-15,22,6,0
1055,2024-06-22,19,9,0
1055,2024-06-29,15,3,0
1055,2024-07-06,9,4,0
1055,2024-07-13,16,8,0
1055,2024-07-20,8,3,0
1055,2024-07-27,9,8,0
1055,2024-08-03,7,5,0
1055,2024-08-10,18,8,1
1055,2024-08-17,14,5,0
1055,2024-08-24,19,7,0
1055,2024-08-31,9,4,0
1055,2024-09-07,14,6,0
1055,2024-09-14,10,6,1
1055,2024-09-21,13,3,0
1055,2024-09-28,19,8,0
1055,2024-10-05,17,8,0
1055,2024-10-12,9,3,0
1055,2024-10-19,6,7,0
1055,2024-10-26,23,5,0
1055,2024-11-02,17,5,0
1055,2024-11-09,18,9,0
1055,2024-11-16,16,5,0
1055,2024-11-23,23,3,0
1055,2024-11-30,7,7,0
1055,2024-12-07,15,6,0
1055,2024-12-14,21,5,0
1055,2024-12-21,12,8,0
1055,2024-12-28,23,7,0
1056,2024-10-12,12,6,0
1056,2024-10-19,9,6,1
1056,2024-10-26,6,5,0
1056,2024-11-02,19,6,0
1056,2024-11-09,15,9,0
1056,2024-11-16,0,2,0
1056,2024-11-23,1,2,2
1056,2024-11-30,0,1,0
1056,2024-12-07,1,1,0
1056,2024-12-14,1,1,0
1057,2024-04-05,19,5,0
1057,2024-04-12,23,4,0
1057,2024-04-19,18,5,0
1057,2024-04-26,23,9,0
1057,2024-05-03,8,9,1
1057,2024-05-10,20,9,0
1057,2024-05-17,24,7,0
1057,2024-05-24,21,3,0
1057,2024-05-31,23,9,0
1057,2024-06-07,9,7,1
1057,2024-06-14,20,4,0
1057,2024-06-21,15,5,0
1057,2024-06-28,14,8,0
1057,2024-07-05,16,4,0
1057,2024-07-12,7,8,1
1057,2024-07-19,19,5,1
1057,2024-07-26,12,4,0
1057,2024-08-02,11,8,0
1057,2024-08-09,5,6,0
1057,2024-08-16,5,9,0
1057,2024-08-23,12,7,0
1057,2024-08-30,13,9,0
1057,2024-09-06,7,4,0
1057,2024-09-13,13,4,0
1057,2024-09-20,8,8,0
1057,2024-09-27,15,5,0
1057,2024-10-04,18,6,0
1057,2024-10-11,6,7,1
1057,2024-10-18,10,4,0
1057,2024-10-25,6,4,0
1057,2024-11-01,10,6,0
1057,2024-11-08,17,9,0
1057,2024-11-15,6,9,0
1057,2024-11-22,18,8,0
1057,2024-11-29,11,7,0
1057,2024-12-06,21,3,0
1057,2024-12-13,17,7,0
1057,2024-12-20,23,3,0
1057,2024-12-27,21,9,0
1059,2024-02-05,14,4,0
1059,2024-02-12,24,6,0
1059,2024-02-19,18,4,0
1059,2024-02-26,24,7,0
1059,2024-03-04,8,7,1
1059,2024-03-11,12,4,0
1059,2024-03-18,18,4,0
1059,2024-03-25,6,9,0
1059,2024-04-01,16,3,0
1059,2024-04-08,21,4,0
1059,2024-04-15,22,8,0
1059,2024-04-22,22,3,0
1059,2024-04-29,16,3,0
1059,2024-05-06,15,3,0
1059,2024-05-13,23,3,0
1059,2024-05-20,16,6,0
1059,2024-05-27,19,5,0
1059,2024-06-03,21,8,0
1059,2024-06-10,16,5,0
1059,2024-06-17,5,6,0
1059,2024-06-24,14,9,0
1059,2024-07-01,15,7,0
1059,2024-07-08,16,5,1
1059,2024-07-15,19,3,0
1059,2024-07-22,24,5,0
1059,2024-07-29,9,4,0
1059,2024-08-05,20,9,0
1059,2024-08-12,13,5,0
1059,2024-08-19,22,8,0
1059,2024-08-26,13,6,0
1059,2024-09-02,17,4,0
1059,2024-09-09,8,9,0
1059,2024-09-16,13,3,0
1059,2024-09-23,5,6,0
1059,2024-09-30,17,7,0
1059,2024-10-07,12,9,0
1059,2024-10-14,7,6,1
1059,2024-10-21,16,7,0
1059,2024-10-28,5,6,0
1059,2024-11-04,15,5,0
1059,2024-11-11,21,8,0
1059,2024-11-18,16,9,0
1059,2024-11-25,18,7,0
1059,2024-12-02,6,8,0
1059,2024-12-09,18,4,0
1059,2024-12-16,7,9,0
1059,2024-12-23,16,8,0
1059,2024-12-30,15,3,1
1060,2025-03-31,10,3,0
1060,2025-04-07,20,9,0
1060,2025-04-14,16,5,0
1060,2025-04-21,14,5,0
1060,2025-04-28,13,4,0
1060,2025-05-05,11,7,0
1060,2025-05-12,2,2,0
1060,2025-05-19,0,2,0
1060,2025-05-26,2,1,1
1060,2025-06-02,2,2,1
1060,2025-06-09,0,2,1
1062,2025-05-13,5,9,0
1062,2025-05-20,0,2,0
1062,2025-05-27,2,1,0
1062,2025-06-03,1,2,0
1062,2025-06-10,2,2,0
1063,2024-07-28,8,4,1
1063,2024-08-04,9,6,0
1063,2024-08-11,19,6,0
1063,2024-08-18,21,5,0
1063,2024-08-25,11,4,0
1063,2024-09-01,14,5,0
1063,2024-09-08,15,7,0
1063,2024-09-15,12,6,0
1063,2024-09-22,15,5,0
1063,2024-09-29,19,6,0
1063,2024-10-06,19,9,0
1063,2024-10-13,22,4,0
1063,2024-10-20,9,6,0
1063,2024-10-27,15,8,0
1063,2024-11-03,10,5,0
1063,2024-11-10,18,7,0
1063,2024-11-17,22,8,0
1063,2024-11-24,17,9,0
1063,2024-12-01,10,7,0
1063,2024-12-08,17,5,0
1063,2024-12-15,21,5,0
1063,2024-12-22,15,9,0
1063,2024-12-29,10,3,0
1065,2024-07-25,7,6,1
1065,2024-08-01,16,5,0
1065,2024-08-08,22,5,0
1065,2024-08-15,10,8,0
1065,2024-08-22,10,6,0
1065,2024-08-29,6,3,1
1065,2024-09-05,20,4,1
1065,2024-09-12,12,7,0
1065,2024-09-19,8,9,0
1065,2024-09-26,15,9,0
1065,2024-10-03,24,4,0
1065,2024-10-10,16,3,0
1065,2024-10-17,8,7,0
1065,2024-10-24,14,9,0
1065,2024-10-31,14,6,0
1065,2024-11-07,12,5,0
1065,2024-11-14,7,6,0
1065,2024-11-21,14,6,0
1065,2024-11-28,6,5,0
1065,2024-12-05,11,3,0
1065,2024-12-12,24,7,0
1065,2024-12-19,7,3,0
1065,2024-12-26,18,3,0
1066,2024-12-10,24,7,0
1066,2024-12-17,22,6,0
1066,2024-12-24,5,4,0
1066,2024-12-31,24,6,0
1068,2024-03-05,15,3,0
1068,2024-03-12,5,3,0
1068,2024-03-19,17,3,1
1068,2024-03-26,9,5,0
1068,2024-04-02,7,6,0
1068,2024-04-09,23,7,0
1068,2024-04-16,19,9,1
1068,2024-04-23,12,7,0
1068,2024-04-30,8,9,0
1068,2024-05-07,19,4,0
1068,2024-05-14,12,3,0
1068,2024-05-21,20,9,0
1068,2024-05-28,18,3,0
1068,2024-06-04,19,5,0
1068,2024-06-11,7,9,0
1068,2024-06-18,12,9,0
1068,2024-06-25,6,7,0
1068,2024-07-02,14,6,0
1068,2024-07-09,21,9,0
1068,2024-07-16,24,9,1
1068,2024-07-23,13,3,0
1068,2024-07-30,10,7,0
1068,2024-08-06,12,9,0
1068,2024-08-13,24,5,0
1068,2024-08-20,19,6,1
1068,2024-08-27,10,5,0
1068,2024-09-03,19,3,0
1068,2024-09-10,22,8,0
1068,2024-09-17,20,5,0
1068,2024-09-24,20,5,1
1068,2024-10-01,8,9,0
1068,2024-10-08,12,3,0
1068,2024-10-15,14,4,0
1068,2024-10-22,6,9,0
1068,2024-10-29,21,5,0
1068,2024-11-05,21,6,1
1068,2024-11-12,19,3,0
1068,2024-11-19,9,8,0
1068,2024-11-26,23,6,1
1068,2024-12-03,6,9,0
1068,2024-12-10,10,3,0
1068,2024-12-17,11,7,0
1068,2024-12-24,21,4,0
1068,2024-12-31,13,7,0
1069,2024-02-16,24,6,0
1069,2024-02-23,21,9,0
1069,2024-03-01,20,9,0
1069,2024-03-08,5,3,0
1069,2024-03-15,19,6,0
1069,2024-03-22,8,4,0
1069,2024-03-29,15,6,0
1069,2024-04-05,18,4,0
1069,2024-04-12,6,7,0
1069,2024-04-19,23,8,0
1069,2024-04-26,21,5,0
1069,2024-05-03,9,5,0
1069,2024-05-10,12,7,1
1069,2024-05-17,7,5,0
1069,2024-05-24,15,4,0
1069,2024-05-31,8,6,0
1069,2024-06-07,23,3,0
1069,2024-06-14,11,8,0
1069,2024-06-21,7,4,0
1069,2024-06-28,23,5,0
1069,2024-07-05,20,6,0
1069,2024-07-12,16,8,0
1069,2024-07-19,9,5,0
1069,2024-07-26,10,3,0
1069,2024-08-02,18,7,0
1069,2024-08-09,5,8,0
1069,2024-08-16,13,5,0
1069,2024-08-23,6,8,0
1069,2024-08-30,8,3,0
1069,2024-09-06,11,9,0
1069,2024-09-13,23,8,0
1069,2024-09-20,24,7,0
1069,2024-09-27,14,3,1
1069,2024-10-04,14,3,0
1069,2024-10-11,9,6,0
1069,2024-10-18,9,4,0
1069,2024-10-25,13,3,0
1069,2024-11-01,16,9,0
1069,2024-11-08,14,4,0
1069,2024-11-15,20,4,0
1069,2024-11-22,14,8,1
1069,2024-11-29,15,9,0
1069,2024-12-06,19,8,0
1069,2024-12-13,13,8,0
1069,2024-12-20,23,6,0
1069,2024-12-27,6,8,0
1070,2024-01-10,7,8,0
1070,2024-01-17,14,3,0
1070,2024-01-24,20,8,0
1070,2024-01-31,8,5,0
1070,2024-02-07,8,3,0
1070,2024-02-14,14,7,1
1070,2024-02-21,23,7,0
1070,2024-02-28,8,4,0
1070,2024-03-06,17,6,0
1070,2024-03-13,17,6,1
1070,2024-03-20,13,6,1
1070,2024-03-27,14,6,0
1070,2024-04-03,18,4,0
1070,2024-04-10,10,8,0
1070,2024-04-17,22,5,0
1070,2024-04-24,7,6,0
1070,2024-05-01,19,9,0
1070,2024-05-08,13,5,0
1070,2024-05-15,21,5,0
1070,2024-05-22,14,4,0
1070,2024-05-29,12,9,0
1070,2024-06-05,19,6,0
1070,2024-06-12,5,3,0
1070,2024-06-19,15,4,0
1070,2024-06-26,22,5,0
1070,2024-07-03,5,5,0
1070,2024-07-10,20,9,0
1070,2024-07-17,10,9,0
1070,2024-07-24,17,8,0
1070,2024-07-31,10,3,0
1070,2024-08-07,18,5,0
1070,2024-08-14,21,3,0
1070,2024-08-21,15,3,0
1070,2024-08-28,5,8,0
1070,2024-09-04,22,5,0
1070,2024-09-11,15,5,0
1070,2024-09-18,12,6,0
1070,2024-09-25,15,7,0
1070,2024-10-02,22,4,0
1070,2024-10-09,15,4,0
1070,2024-10-16,8,8,0
1070,2024-10-23,15,8,0
1070,2024-10-30,19,3,0
1070,2024-11-06,18,8,0
1070,2024-11-13,5,8,0
1070,2024-11-20,20,7,0
1070,2024-11-27,14,6,0
1070,2024-12-04,11,5,0
1070,2024-12-11,24,5,0
1070,2024-12-18,9,3,0
1070,2024-12-25,14,9,0
1070,2025-01-01,24,3,0
1071,2024-11-15,18,9,1
1071,2024-11-22,8,8,0
1071,2024-11-29,14,4,1
1071,2024-12-06,5,3,0
1071,2024-12-13,13,8,0
1071,2024-12-20,7,9,0
1071,2024-12-27,9,4,0
1073,2024-01-08,16,9,0
1073,2024-01-15,13,7,0
1073,2024-01-22,17,8,0
1073,2024-01-29,20,9,0
1073,2024-02-05,12,7,0
1073,2024-02-12,10,6,0
1073,2024-02-19,5,8,0
1073,2024-02-26,15,4,0
1073,2024-03-04,14,9,0
1073,2024-03-11,8,4,0
1073,2024-03-18,15,8,0
1073,2024-03-25,19,8,0
1073,2024-04-01,19,8,1
1073,2024-04-08,12,5,0
1073,2024-04-15,19,3,0
1073,2024-04-22,23,5,0
1073,2024-04-29,19,4,0
1073,2024-05-06,22,4,0
1073,2024-05-13,5,4,0
1073,2024-05-20,19,7,0
1073,2024-05-27,11,4,0
1073,2024-06-03,17,7,0
1073,2024-06-10,7,9,0
1073,2024-06-17,11,7,0
1073,2024-06-24,21,5,0
1073,2024-07-01,7,9,0
1073,2024-07-08,15,4,0
1073,2024-07-15,13,3,0
1073,2024-07-22,20,3,0
1073,2024-07-29,23,8,0
1073,2024-08-05,18,7,0
1073,2024-08-12,6,3,0
1073,2024-08-19,7,5,0
1073,2024-08-26,12,4,1
1073,2024-09-02,20,4,0
1073,2024-09-09,10,6,0
1073,2024-09-16,12,6,0
1073,2024-09-23,24,3,1
1073,2024-09-30,22,4,0
1073,2024-10-07,19,6,1
1073,2024-10-14,14,7,0
1073,2024-10-21,7,8,0
1073,2024-10-28,12,5,0
1073,2024-11-04,8,5,0
1073,2024-11-11,15,4,0
1073,2024-11-18,15,4,0
1073,2024-11-25,21,3,0
1073,2024-12-02,6,7,0
1073,2024-12-09,20,3,0
1073,2024-12-16,13,4,0
1073,2024-12-23,20,7,0
1073,2024-12-30,24,3,0
1074,2024-08-09,23,6,0
1074,2024-08-16,11,6,0
1074,2024-08-23,10,7,0
1074,2024-08-30,20,9,0
1074,2024-09-06,8,4,0
1074,2024-09-13,14,6,0
1074,2024-09-20,17,5,0
1074,2024-09-27,12,5,0
1074,2024-10-04,17,5,0
1074,2024-10-11,16,4,0
1074,2024-10-18,19,3,0
1074,2024-10-25,22,6,0
1074,2024-11-01,22,8,0
1074,2024-11-08,10,3,0
1074,2024-11-15,10,5,0
1074,2024-11-22,5,8,0
1074,2024-11-29,18,7,0
1074,2024-12-06,11,8,0
1074,2024-12-13,19,9,0
1074,2024-12-20,10,6,0
1074,2024-12-27,24,6,0
1074,2025-01-03,12,3,0
1074,2025-01-10,10,7,0
1074,2025-01-17,7,9,0
1074,2025-01-24,18,4,0
1074,2025-01-31,18,5,0
1074,2025-02-07,11,7,0
1074,2025-02-14,6,5,0
1074,2025-02-21,10,5,1
1074,2025-02-28,15,7,0
1074,2025-03-07,14,5,1
1074,2025-03-14,7,9,0
1074,2025-03-21,17,3,1
1074,2025-03-28,15,5,0
1074,2025-04-04,15,8,0
1074,2025-04-11,20,7,0
1074,2025-04-18,1,1,1
1074,2025-04-25,1,1,1
1074,2025-05-02,2,1,0
1074,2025-05-09,1,1,2
1075,2024-10-14,9,7,0
1075,2024-10-21,23,3,0
1075,2024-10-28,23,5,0
1075,2024-11-04,15,3,0
1075,2024-11-11,23,9,1
1075,2024-11-18,18,4,0
1075,2024-11-25,9,9,0
1075,2024-12-02,23,7,1
1075,2024-12-09,8,8,0
1075,2024-12-16,24,8,0
1075,2024-12-23,15,5,0
1075,2024-12-30,22,9,1
1075,2025-01-06,16,7,0
1075,2025-01-13,13,8,0
1075,2025-01-20,23,3,0
1075,2025-01-27,8,3,0
1075,2025-02-03,16,8,0
1075,2025-02-10,19,3,0
1075,2025-02-17,18,4,0
1075,2025-02-24,20,3,0
1075,2025-03-03,15,9,0
1075,2025-03-10,24,8,1
1075,2025-03-17,17,7,0
1075,2025-03-24,21,8,0
1075,2025-03-31,15,6,0
1075,2025-04-07,24,7,0
1075,2025-04-14,21,6,0
1075,2025-04-21,20,8,0
1075,2025-04-28,11,7,1
1075,2025-05-05,20,5,0
1075,2025-05-12,13,5,0
1075,2025-05-19,9,4,0
1075,2025-05-26,12,9,0
1075,2025-06-02,1,2,0
1075,2025-06-09,2,1,2
1075,2025-06-16,0,1,1
1075,2025-06-23,1,1,0
1076,2024-12-26,15,4,0
1077,2024-06-04,16,4,0
1077,2024-06-11,24,4,0
1077,2024-06-18,14,6,0
1077,2024-06-25,24,5,1
1077,2024-07-02,12,6,0
1077,2024-07-09,12,5,0
1077,2024-07-16,12,7,0
1077,2024-07-23,14,9,0
1077,2024-07-30,8,7,0
1077,2024-08-06,8,7,0
1077,2024-08-13,8,9,0
1077,2024-08-20,10,9,1
1077,2024-08-27,6,9,0
1077,2024-09-03,18,8,0
1077,2024-09-10,10,4,0
1077,2024-09-17,18,5,0
1077,2024-09-24,21,3,0
1077,2024-10-01,14,3,0
1077,2024-10-08,6,3,0
1077,2024-10-15,20,4,0
1077,2024-10-22,12,3,0
1077,2024-10-29,19,9,0
1077,2024-11-05,11,7,1
1077,2024-11-12,13,6,0
1077,2024-11-19,22,7,0
1077,2024-11-26,16,6,0
1077,2024-12-03,11,3,0
1077,2024-12-10,22,9,0
1077,2024-12-17,12,7,0
1077,2024-12-24,21,7,0
1077,2024-12-31,17,3,0
1078,2024-09-21,18,9,0
1078,2024-09-28,11,3,0
1078,2024-10-05,10,9,0
1078,2024-10-12,7,6,0
1078,2024-10-19,6,8,0
1078,2024-10-26,10,9,0
1078,2024-11-02,10,8,0
1078,2024-11-09,14,5,0
1078,2024-11-16,16,3,0
1078,2024-11-23,9,8,1
1078,2024-11-30,13,9,0
1078,2024-12-07,24,9,0
1078,2024-12-14,8,7,0
1078,2024-12-21,14,4,0
1078,2024-12-28,24,7,0
1079,2024-03-17,8,3,0
1079,2024-03-24,17,3,0
1079,2024-03-31,12,4,1
1079,2024-04-07,18,5,0
1079,2024-04-14,17,9,0
1079,2024-04-21,20,9,0
1079,2024-04-28,22,9,0
1079,2024-05-05,11,7,0
1079,2024-05-12,18,8,0
1079,2024-05-19,15,7,0
1079,2024-05-26,20,9,0
1079,2024-06-02,23,6,0
1079,2024-06-09,24,4,0
1079,2024-06-16,24,8,0
1079,2024-06-23,24,3,0
1079,2024-06-30,5,6,0
1079,2024-07-07,6,3,0
1079,2024-07-14,16,3,0
1079,2024-07-21,12,5,0
1079,2024-07-28,5,5,0
1079,2024-08-04,23,5,0
1079,2024-08-11,21,3,0
1079,2024-08-18,12,9,1
1079,2024-08-25,22,8,0
1079,2024-09-01,23,8,0
1079,2024-09-08,21,5,0
1079,2024-09-15,21,7,1
1079,2024-09-22,12,5,0
1079,2024-09-29,21,8,0
1079,2024-10-06,10,6,0
1079,2024-10-13,9,5,0
1079,2024-10-20,21,5,0
1079,2024-10-27,17,6,0
1079,2024-11-03,21,3,0
1079,2024-11-10,18,5,0
1079,2024-11-17,7,8,0
1079,2024-11-24,5,4,0
1079,2024-12-01,12,3,1
1079,2024-12-08,12,4,1
1079,2024-12-15,16,5,0
1079,2024-12-22,20,6,0
1079,2024-12-29,18,7,0
1080,2024-02-22,6,5,0
1080,2024-02-29,14,3,0
1080,2024-03-07,12,4,0
1080,2024-03-14,9,5,0
1080,2024-03-21,20,3,0
1080,2024-03-28,16,3,0
1080,2024-04-04,19,4,0
1080,2024-04-11,22,6,0
1080,2024-04-18,8,9,0
1080,2024-04-25,20,3,0
1080,2024-05-02,6,8,1
1080,2024-05-09,24,3,0
1080,2024-05-16,5,6,0
1080,2024-05-23,19,4,0
1080,2024-05-30,24,9,0
1080,2024-06-06,9,8,1
1080,2024-06-13,20,6,0
1080,2024-06-20,8,5,1
1080,2024-06-27,7,8,0
1080,2024-07-04,7,4,0
1080,2024-07-11,24,3,0
1080,2024-07-18,15,7,0
1080,2024-07-25,17,7,0
1080,2024-08-01,17,8,0
1080,2024-08-08,13,5,0
1080,2024-08-15,5,6,0
1080,2024-08-22,15,6,0
1080,2024-08-29,11,4,0
1080,2024-09-05,12,9,0
1080,2024-09-12,13,9,1
1080,2024-09-19,19,4,0
1080,2024-09-26,24,3,0
1080,2024-10-03,12,7,0
1080,2024-10-10,5,3,0
1080,2024-10-17,14,7,0
1080,2024-10-24,10,5,0
1080,2024-10-31,12,8,0
1080,2024-11-07,21,8,0
1080,2024-11-14,21,8,0
1080,2024-11-21,18,7,0
1080,2024-11-28,18,8,0
1080,2024-12-05,19,8,0
1080,2024-12-12,17,3,0
1080,2024-12-19,7,6,0
1080,2024-12-26,21,9,0
1081,2024-07-01,19,7,0
1081,2024-07-08,10,8,0
1081,2024-07-15,22,4,0
1081,2024-07-22,18,8,0
1081,2024-07-29,16,9,0
1081,2024-08-05,15,9,0
1081,2024-08-12,21,5,0
1081,2024-08-19,8,5,0
1081,2024-08-26,20,6,0
1081,2024-09-02,21,9,0
1081,2024-09-09,5,5,0
1081,2024-09-16,17,8,0
1081,2024-09-23,18,7,0
1081,2024-09-30,19,8,0
1081,2024-10-07,20,6,1
1081,2024-10-14,8,7,0
1081,2024-10-21,17,4,0
1081,2024-10-28,12,9,0
1081,2024-11-04,13,9,0
1081,2024-11-11,12,9,1
1081,2024-11-18,23,9,0
1081,2024-11-25,20,5,0
1081,2024-12-02,10,4,0
1081,2024-12-09,11,6,0
1081,2024-12-16,17,9,0
1081,2024-12-23,10,4,0
1081,2024-12-30,16,6,0
1083,2024-10-02,10,4,0
1083,2024-10-09,12,4,0
1083,2024-10-16,9,4,0
1083,2024-10-23,20,5,0
1083,2024-10-30,14,5,0
1083,2024-11-06,8,9,0
1083,2024-11-13,13,5,0
1083,2024-11-20,10,5,1
1083,2024-11-27,24,8,0
1083,2024-12-04,15,7,1
1083,2024-12-11,7,3,0
1083,2024-12-18,18,3,0
1083,2024-12-25,13,3,0
1083,2025-01-01,23,7,0
1084,2024-01-02,19,6,0
1084,2024-01-09,6,7,0
1084,2024-01-16,19,3,0
1084,2024-01-23,14,3,0
1084,2024-01-30,13,3,0
1084,2024-02-06,24,4,0
1084,2024-02-13,15,5,0
1084,2024-02-20,17,9,0
1084,2024-02-27,6,6,0
1084,2024-03-05,22,8,0
1084,2024-03-12,20,3,0
1084,2024-03-19,7,7,0
1084,2024-03-26,20,8,0
1084,2024-04-02,15,9,0
1084,2024-04-09,14,6,0
1084,2024-04-16,8,9,0
1084,2024-04-23,19,9,0
1084,2024-04-30,19,9,0
1084,2024-05-07,12,6,0
1084,2024-05-14,15,3,0
1084,2024-05-21,21,6,0
1084,2024-05-28,9,4,0
1084,2024-06-04,19,6,0
1084,2024-06-11,20,8,0
1084,2024-06-18,17,6,0
1084,2024-06-25,9,7,0
1084,2024-07-02,8,9,0
1084,2024-07-09,23,7,0
1084,2024-07-16,9,5,1
1084,2024-07-23,24,3,0
1084,2024-07-30,8,4,0
1084,2024-08-06,20,4,0
1084,2024-08-13,8,8,0
1084,2024-08-20,6,7,0
1084,2024-08-27,8,8,0
1084,2024-09-03,19,6,0
1084,2024-09-10,23,5,0
1084,2024-09-17,24,9,0
1084,2024-09-24,24,3,0
1084,2024-10-01,22,4,0
1084,2024-10-08,15,7,0
1084,2024-10-15,8,7,1
1084,2024-10-22,17,4,0
1084,2024-10-29,11,6,1
1084,2024-11-05,7,3,0
1084,2024-11-12,23,9,0
1084,2024-11-19,6,5,0
1084,2024-11-26,6,4,0
1084,2024-12-03,21,8,0
1084,2024-12-10,15,3,0
1084,2024-12-17,8,9,0
1084,2024-12-24,22,6,0
1084,2024-12-31,5,5,1
1085,2024-10-24,5,9,0
1085,2024-10-31,14,9,0
1085,2024-11-07,8,6,0
1085,2024-11-14,15,4,0
1085,2024-11-21,17,5,0
1085,2024-11-28,14,5,0
1085,2024-12-05,6,3,0
1085,2024-12-12,24,8,0
1085,2024-12-19,14,6,1
1085,2024-12-26,5,7,0
1085,2025-01-02,14,9,0
1085,2025-01-09,20,7,0
1085,2025-01-16,24,4,0
1085,2025-01-23,13,4,0
1085,2025-01-30,6,6,0
1085,2025-02-06,16,4,0
1085,2025-02-13,6,6,0
1085,2025-02-20,6,3,0
1085,2025-02-27,8,8,0
1085,2025-03-06,18,4,0
1085,2025-03-13,16,7,0
1085,2025-03-20,11,7,0
1085,2025-03-27,18,7,0
1085,2025-04-03,18,4,1
1085,2025-04-10,16,8,0
1085,2025-04-17,8,7,0
1085,2025-04-24,1,1,1
1085,2025-05-01,0,2,1
1085,2025-05-08,1,2,0
1085,2025-05-15,0,1,0
1086,2024-01-29,9,6,0
1086,2024-02-05,23,8,0
1086,2024-02-12,18,8,0
1086,2024-02-19,21,7,0
1086,2024-02-26,11,8,0
1086,2024-03-04,16,3,0
1086,2024-03-11,19,6,0
1086,2024-03-18,17,5,0
1086,2024-03-25,12,5,0
1086,2024-04-01,15,3,0
1086,2024-04-08,7,3,0
1086,2024-04-15,18,8,0
1086,2024-04-22,12,7,1
1086,2024-04-29,7,7,0
1086,2024-05-06,10,9,0
1086,2024-05-13,6,7,1
1086,2024-05-20,12,9,0
1086,2024-05-27,16,9,0
1086,2024-06-03,11,9,1
1086,2024-06-10,15,7,0
1086,2024-06-17,20,5,0
1086,2024-06-24,7,3,0
1086,2024-07-01,19,3,0
1086,2024-07-08,24,8,0
1086,2024-07-15,20,5,0
1086,2024-07-22,7,7,0
1086,2024-07-29,16,6,0
1086,2024-08-05,13,9,0
1086,2024-08-12,23,8,0
1086,2024-08-19,15,7,0
1086,2024-08-26,24,9,0
1086,2024-09-02,15,5,0
1086,2024-09-09,12,4,0
1086,2024-09-16,23,4,0
1086,2024-09-23,17,6,0
1086,2024-09-30,23,9,1
1086,2024-10-07,19,9,0
1086,2024-10-14,15,4,0
1086,2024-10-21,15,8,0
1086,2024-10-28,23,8,0
1086,2024-11-04,10,3,0
1086,2024-11-11,5,5,0
1086,2024-11-18,24,8,0
1086,2024-11-25,11,5,1
1086,2024-12-02,8,3,0
1086,2024-12-09,10,8,0
1086,2024-12-16,23,7,0
1086,2024-12-23,20,3,1
1086,2024-12-30,24,8,0
1087,2024-07-19,21,9,0
1087,2024-07-26,15,6,1
1087,2024-08-02,17,9,0
1087,2024-08-09,15,9,0
1087,2024-08-16,23,3,0
1087,2024-08-23,18,5,0
1087,2024-08-30,21,5,0
1087,2024-09-06,24,7,0
1087,2024-09-13,18,3,0
1087,2024-09-20,14,5,0
1087,2024-09-27,24,4,0
1087,2024-10-04,14,9,0
1087,2024-10-11,22,3,0
1087,2024-10-18,14,3,0
1087,2024-10-25,22,8,0
1087,2024-11-01,5,3,0
1087,2024-11-08,6,6,0
1087,2024-11-15,15,8,0
1087,2024-11-22,5,9,0
1087,2024-11-29,13,7,0
1087,2024-12-06,23,6,0
1087,2024-12-13,15,5,0
1087,2024-12-20,22,6,0
1087,2024-12-27,20,5,0
1089,2024-06-12,8,7,0
1089,2024-06-19,20,8,0
1089,2024-06-26,11,3,0
1089,2024-07-03,15,4,0
1089,2024-07-10,8,4,0
1089,2024-07-17,11,7,0
1089,2024-07-24,17,8,0
1089,2024-07-31,12,8,0
1089,2024-08-07,22,9,1
1089,2024-08-14,14,3,0
1089,2024-08-21,16,8,0
1089,2024-08-28,11,3,0
1089,2024-09-04,16,9,0
1089,2024-09-11,15,8,0
1089,2024-09-18,6,6,0
1089,2024-09-25,16,8,0
1089,2024-10-02,11,5,0
1089,2024-10-09,10,7,1
1089,2024-10-16,16,5,0
1089,2024-10-23,15,6,0
1089,2024-10-30,8,3,0
1089,2024-11-06,6,6,1
1089,2024-11-13,14,3,0
1089,2024-11-20,20,9,0
1089,2024-11-27,23,9,0
1089,2024-12-04,17,8,0
1089,2024-12-11,9,4,0
1089,2024-12-18,14,5,0
1089,2024-12-25,19,9,0
1089,2025-01-01,19,5,0
1090,2024-11-19,19,5,0
1090,2024-11-26,19,8,0
1090,2024-12-03,23,5,0
1090,2024-12-10,24,9,0
1090,2024-12-17,7,7,0
1090,2024-12-24,20,7,1
1090,2024-12-31,13,6,0
1091,2024-07-31,11,9,0
1091,2024-08-07,6,3,1
1091,2024-08-14,21,7,0
1091,2024-08-21,14,5,0
1091,2024-08-28,12,3,0
1091,2024-09-04,16,3,0
1091,2024-09-11,18,8,0
1091,2024-09-18,15,8,0
1091,2024-09-25,15,3,0
1091,2024-10-02,17,5,0
1091,2024-10-09,22,5,0
1091,2024-10-16,23,5,0
1091,2024-10-23,13,6,0
1091,2024-10-30,8,8,1
1091,2024-11-06,20,5,1
1091,2024-11-13,10,9,0
1091,2024-11-20,17,7,0
1091,2024-11-27,22,9,0
1091,2024-12-04,14,9,0
1091,2024-12-11,19,9,0
1091,2024-12-18,17,4,0
1091,2024-12-25,15,5,1
1091,2025-01-01,18,8,0
1092,2024-05-22,16,3,0
1092,2024-05-29,15,9,0
1092,2024-06-05,23,4,0
1092,2024-06-12,5,5,0
1092,2024-06-19,24,7,0
1092,2024-06-26,9,4,0
1092,2024-07-03,7,8,0
1092,2024-07-10,20,6,0
1092,2024-07-17,17,8,0
1092,2024-07-24,12,7,1
1092,2024-07-31,5,8,0
1092,2024-08-07,15,5,0
1092,2024-08-14,17,5,0
1092,2024-08-21,19,3,0
1092,2024-08-28,11,9,0
1092,2024-09-04,16,4,0
1092,2024-09-11,19,5,0
1092,2024-09-18,22,6,0
1092,2024-09-25,13,7,0
1092,2024-10-02,12,7,0
1092,2024-10-09,24,7,1
1092,2024-10-16,21,6,0
1092,2024-10-23,22,3,0
1092,2024-10-30,10,8,0
1092,2024-11-06,18,4,1
1092,2024-11-13,7,3,0
1092,2024-11-20,22,3,0
1092,2024-11-27,17,5,0
1092,2024-12-04,8,3,0
1092,2024-12-11,15,4,0
1092,2024-12-18,6,7,0
1092,2024-12-25,23,3,0
1092,2025-01-01,23,3,0
1093,2024-07-29,23,3,0
1093,2024-08-05,16,9,0
1093,2024-08-12,17,8,0
1093,2024-08-19,10,3,0
1093,2024-08-26,11,9,0
1093,2024-09-02,24,4,0
1093,2024-09-09,24,7,0
1093,2024-09-16,19,6,0
1093,2024-09-23,13,7,0
1093,2024-09-30,8,3,0
1093,2024-10-07,7,3,0
1093,2024-10-14,9,6,0
1093,2024-10-21,19,4,0
1093,2024-10-28,8,4,0
1093,2024-11-04,13,5,0
1093,2024-11-11,18,3,0
1093,2024-11-18,15,5,1
1093,2024-11-25,14,7,0
1093,2024-12-02,17,6,0
1093,2024-12-09,13,6,0
1093,2024-12-16,11,9,0
1093,2024-12-23,18,4,0
1093,2024-12-30,22,6,0
1094,2024-12-31,21,7,0
1095,2024-05-09,17,4,0
1095,2024-05-16,14,9,0
1095,2024-05-23,7,4,0
1095,2024-05-30,24,7,0
1095,2024-06-06,23,8,0
1095,2024-06-13,20,3,0
1095,2024-06-20,16,9,0
1095,2024-06-27,18,3,0
1095,2024-07-04,8,9,0
1095,2024-07-11,21,3,1
1095,2024-07-18,1,2,1
1095,2024-07-25,1,2,0
1095,2024-08-01,2,2,0
1095,2024-08-08,0,1,1
1097,2024-05-26,14,4,0
1097,2024-06-02,10,4,1
1097,2024-06-09,21,8,0
1097,2024-06-16,23,8,0
1097,2024-06-23,7,5,0
1097,2024-06-30,18,5,1
1097,2024-07-07,11,8,1
1097,2024-07-14,23,6,0
1097,2024-07-21,11,3,1
1097,2024-07-28,12,8,0
1097,2024-08-04,7,8,0
1097,2024-08-11,11,5,1
1097,2024-08-18,20,8,0
1097,2024-08-25,13,5,0
1097,2024-09-01,5,4,0
1097,2024-09-08,9,3,0
1097,2024-09-15,21,5,0
1097,2024-09-22,20,5,0
1097,2024-09-29,7,6,0
1097,2024-10-06,20,7,1
1097,2024-10-13,21,6,0
1097,2024-10-20,22,4,0
1097,2024-10-27,22,9,0
1097,2024-11-03,19,4,0
1097,2024-11-10,12,9,0
1097,2024-11-17,19,7,0
1097,2024-11-24,12,7,0
1097,2024-12-01,24,3,0
1097,2024-12-08,6,8,0
1097,2024-12-15,18,3,0
1097,2024-12-22,22,8,0
1097,2024-12-29,10,8,1
1100,2024-05-20,6,3,0
1100,2024-05-27,24,7,0
1100,2024-06-03,7,7,0
1100,2024-06-10,21,5,0
1100,2024-06-17,6,6,0
1100,2024-06-24,6,8,0
1100,2024-07-01,11,3,0
1100,2024-07-08,24,5,0
1100,2024-07-15,12,3,0
1100,2024-07-22,6,3,0
1100,2024-07-29,6,9,0
1100,2024-08-05,18,3,0
1100,2024-08-12,5,9,0
1100,2024-08-19,8,6,0
1100,2024-08-26,15,5,0
1100,2024-09-02,14,3,0
1100,2024-09-09,10,8,0
1100,2024-09-16,22,4,0
1100,2024-09-23,21,7,0
1100,2024-09-30,17,3,0
1100,2024-10-07,11,7,0
1100,2024-10-14,19,4,0
1100,2024-10-21,23,8,0
1100,2024-10-28,8,5,0
1100,2024-11-04,22,4,0
1100,2024-11-11,10,8,0
1100,2024-11-18,8,8,0
1100,2024-11-25,22,5,0
1100,2024-12-02,18,3,0
1100,2024-12-09,16,4,0
1100,2024-12-16,23,8,0
1100,2024-12-23,10,3,1
1100,2024-12-30,21,9,0
1101,2024-09-06,7,8,0
1101,2024-09-13,15,6,0
1101,2024-09-20,23,3,0
1101,2024-09-27,5,9,0
1101,2024-10-04,22,9,1
1101,2024-10-11,10,8,0
1101,2024-10-18,19,8,1
1101,2024-10-25,7,9,0
1101,2024-11-01,16,4,1
1101,2024-11-08,5,6,0
1101,2024-11-15,10,7,0
1101,2024-11-22,5,5,0
1101,2024-11-29,20,6,0
1101,2024-12-06,12,4,0
1101,2024-12-13,5,6,1
1101,2024-12-20,15,3,0
1101,2024-12-27,11,6,0
1103,2024-03-04,16,9,0
1103,2024-03-11,17,6,0
1103,2024-03-18,20,9,0
1103,2024-03-25,6,4,0
1103,2024-04-01,21,7,0
1103,2024-04-08,13,6,0
1103,2024-04-15,19,7,0
1103,2024-04-22,23,4,0
1103,2024-04-29,5,9,1
1103,2024-05-06,17,9,0
1103,2024-05-13,5,9,0
1103,2024-05-20,9,7,0
1103,2024-05-27,5,9,0
1103,2024-06-03,20,8,0
1103,2024-06-10,7,9,0
1103,2024-06-17,6,3,1
1103,2024-06-24,11,5,0
1103,2024-07-01,22,5,0
1103,2024-07-08,5,7,0
1103,2024-07-15,10,9,0
1103,2024-07-22,6,8,0
1103,2024-07-29,21,3,0
1103,2024-08-05,19,4,0
1103,2024-08-12,16,3,0
1103,2024-08-19,21,8,0
1103,2024-08-26,6,9,0
1103,2024-09-02,11,7,0
1103,2024-09-09,5,5,0
1103,2024-09-16,9,5,0
1103,2024-09-23,13,7,0
1103,2024-09-30,18,3,0
1103,2024-10-07,9,3,0
1103,2024-10-14,13,6,1
1103,2024-10-21,22,8,0
1103,2024-10-28,15,7,0
1103,2024-11-04,14,7,0
1103,2024-11-11,14,6,1
1103,2024-11-18,22,3,0
1103,2024-11-25,21,7,0
1103,2024-12-02,22,5,0
1103,2024-12-09,19,5,0
1103,2024-12-16,17,9,0
1103,2024-12-23,9,9,0
1103,2024-12-30,24,4,0
1104,2024-03-07,18,6,0
1104,2024-03-14,7,4,1
1104,2024-03-21,23,3,0
1104,2024-03-28,16,3,0
1104,2024-04-04,7,5,0
1104,2024-04-11,7,6,0
1104,2024-04-18,11,8,0
1104,2024-04-25,20,7,0
1104,2024-05-02,5,3,0
1104,2024-05-09,20,4,0
1104,2024-05-16,11,6,0
1104,2024-05-23,24,9,0
1104,2024-05-30,15,4,0
1104,2024-06-06,11,3,0
1104,2024-06-13,17,6,0
1104,2024-06-20,24,6,0
1104,2024-06-27,15,4,0
1104,2024-07-04,21,6,1
1104,2024-07-11,5,7,0
1104,2024-07-18,6,6,0
1104,2024-07-25,20,6,0
1104,2024-08-01,14,3,0
1104,2024-08-08,17,9,0
1104,2024-08-15,20,6,0
1104,2024-08-22,24,5,1
1104,2024-08-29,16,4,0
1104,2024-09-05,18,5,0
1104,2024-09-12,18,8,0
1104,2024-09-19,8,8,0
1104,2024-09-26,24,5,0
1104,2024-10-03,23,9,0
1104,2024-10-10,23,8,0
1104,2024-10-17,15,7,0
1104,2024-10-24,9,5,0
1104,2024-10-31,7,4,0
1104,2024-11-07,9,3,0
1104,2024-11-14,10,3,0
1104,2024-11-21,12,7,0
1104,2024-11-28,10,4,0
1104,2024-12-05,7,9,1
1104,2024-12-12,18,4,1
1104,2024-12-19,16,9,0
1104,2024-12-26,13,4,0
1106,2024-07-25,21,5,0
1106,2024-08-01,23,3,0
1106,2024-08-08,8,4,0
1106,2024-08-15,14,7,0
1106,2024-08-22,8,4,0
1106,2024-08-29,6,6,0
1106,2024-09-05,6,8,0
1106,2024-09-12,23,5,0
1106,2024-09-19,16,3,0
1106,2024-09-26,15,6,0
1106,2024-10-03,14,7,0
1106,2024-10-10,12,6,0
1106,2024-10-17,16,7,0
1106,2024-10-24,22,7,0
1106,2024-10-31,16,4,0
1106,2024-11-07,24,9,0
1106,2024-11-14,5,4,0
1106,2024-11-21,16,8,0
1106,2024-11-28,10,3,0
1106,2024-12-05,10,5,0
1106,2024-12-12,12,7,0
1106,2024-12-19,11,3,0
1106,2024-12-26,24,6,0
1107,2024-02-19,14,8,0
1107,2024-02-26,14,4,0
1107,2024-03-04,15,9,0
1107,2024-03-11,24,8,0
1107,2024-03-18,11,3,0
1107,2024-03-25,22,9,0
1107,2024-04-01,6,6,0
1107,2024-04-08,22,7,0
1107,2024-04-15,18,8,0
1107,2024-04-22,16,7,0
1107,2024-04-29,24,3,1
1107,2024-05-06,8,3,0
1107,2024-05-13,12,3,0
1107,2024-05-20,23,4,0
1107,2024-05-27,23,4,0
1107,2024-06-03,20,3,0
1107,2024-06-10,6,7,0
1107,2024-06-17,22,3,0
1107,2024-06-24,17,5,0
1107,2024-07-01,12,5,0
1107,2024-07-08,16,4,0
1107,2024-07-15,22,7,0
1107,2024-07-22,16,4,0
1107,2024-07-29,11,4,0
1107,2024-08-05,16,9,0
1107,2024-08-12,13,9,0
1107,2024-08-19,9,5,0
1107,2024-08-26,17,3,0
1107,2024-09-02,22,9,0
1107,2024-09-09,11,6,0
1107,2024-09-16,19,6,0
1107,2024-09-23,5,6,0
1107,2024-09-30,9,9,0
1107,2024-10-07,20,7,0
1107,2024-10-14,11,7,0
1107,2024-10-21,20,8,0
1107,2024-10-28,8,9,0
1107,2024-11-04,16,6,0
1107,2024-11-11,20,3,0
1107,2024-11-18,16,7,1
1107,2024-11-25,7,7,1
1107,2024-12-02,6,7,0
1107,2024-12-09,17,4,0
1107,2024-12-16,14,8,0
1107,2024-12-23,5,9,0
1107,2024-12-30,12,7,1
1108,2024-11-19,14,5,0
1108,2024-11-26,10,9,0
1108,2024-12-03,23,8,0
1108,2024-12-10,16,8,1
1108,2024-12-17,22,6,1
1108,2024-12-24,16,4,0
1108,2024-12-31,7,3,0
1109,2024-06-06,22,5,1
1109,2024-06-13,6,3,0
1109,2024-06-20,13,9,0
1109,2024-06-27,19,6,0
1109,2024-07-04,16,6,0
1109,2024-07-11,14,3,0
1109,2024-07-18,21,5,0
1109,2024-07-25,7,8,0
1109,2024-08-01,11,4,0
1109,2024-08-08,10,9,0
1109,2024-08-15,21,5,0
1109,2024-08-22,11,9,0
1109,2024-08-29,12,9,0
1109,2024-09-05,19,9,0
1109,2024-09-12,20,5,0
1109,2024-09-19,21,6,0
1109,2024-09-26,19,7,0
1109,2024-10-03,8,8,0
1109,2024-10-10,8,5,0
1109,2024-10-17,22,3,1
1109,2024-10-24,21,6,0
1109,2024-10-31,8,9,0
1109,2024-11-07,24,9,0
1109,2024-11-14,20,7,0
1109,2024-11-21,21,4,0
1109,2024-11-28,23,8,0
1109,2024-12-05,18,8,0
1109,2024-12-12,24,6,1
1109,2024-12-19,16,9,0
1109,2024-12-26,8,5,1
1110,2024-11-28,9,9,1
1110,2024-12-05,14,3,0
1110,2024-12-12,9,4,0
1110,2024-12-19,10,5,1
1110,2024-12-26,23,7,0
1112,2024-03-12,21,9,0
1112,2024-03-19,21,3,0
1112,2024-03-26,24,7,1
1112,2024-04-02,15,9,0
1112,2024-04-09,22,3,0
1112,2024-04-16,5,8,0
1112,2024-04-23,21,6,0
1112,2024-04-30,14,9,0
1112,2024-05-07,5,9,0
1112,2024-05-14,20,8,0
1112,2024-05-21,24,8,0
1112,2024-05-28,9,7,0
1112,2024-06-04,10,3,0
1112,2024-06-11,5,3,0
1112,2024-06-18,14,7,0
1112,2024-06-25,12,5,0
1112,2024-07-02,17,8,0
1112,2024-07-09,24,6,0
1112,2024-07-16,6,7,0
1112,2024-07-23,20,9,0
1112,2024-07-30,17,3,1
1112,2024-08-06,21,7,0
1112,2024-08-13,23,9,0
1112,2024-08-20,14,4,1
1112,2024-08-27,13,3,0
1112,2024-09-03,6,9,0
1112,2024-09-10,23,3,0
1112,2024-09-17,22,7,1
1112,2024-09-24,11,3,0
1112,2024-10-01,12,7,0
1112,2024-10-08,9,8,0
1112,2024-10-15,13,6,0
1112,2024-10-22,18,7,0
1112,2024-10-29,23,6,0
1112,2024-11-05,15,5,0
1112,2024-11-12,5,9,0
1112,2024-11-19,13,9,0
1112,2024-11-26,7,8,0
1112,2024-12-03,17,6,0
1112,2024-12-10,21,7,0
1112,2024-12-17,19,5,0
1112,2024-12-24,11,6,0
1112,2024-12-31,20,8,0
1113,2024-07-19,22,5,0
1113,2024-07-26,22,6,0
1113,2024-08-02,6,9,0
1113,2024-08-09,10,5,0
1113,2024-08-16,13,8,0
1113,2024-08-23,23,5,0
1113,2024-08-30,18,6,0
1113,2024-09-06,11,6,0
1113,2024-09-13,16,4,0
1113,2024-09-20,20,6,0
1113,2024-09-27,8,9,0
1113,2024-10-04,5,9,0
1113,2024-10-11,16,4,0
1113,2024-10-18,22,4,0
1113,2024-10-25,16,9,0
1113,2024-11-01,14,9,0
1113,2024-11-08,21,6,0
1113,2024-11-15,13,9,0
1113,2024-11-22,11,9,0
1113,2024-11-29,22,8,1
1113,2024-12-06,23,8,0
1113,2024-12-13,19,8,0
1113,2024-12-20,9,4,0
1113,2024-12-27,7,8,0
1114,2024-01-29,23,5,0
1114,2024-02-05,20,3,0
1114,2024-02-12,6,6,0
1114,2024-02-19,21,6,0
1114,2024-02-26,9,4,0
1114,2024-03-04,17,5,0
1114,2024-03-11,10,6,0
1114,2024-03-18,7,5,0
1114,2024-03-25,9,8,0
1114,2024-04-01,16,3,0
1114,2024-04-08,8,8,0
1114,2024-04-15,10,3,0
1114,2024-04-22,21,5,0
1114,2024-04-29,6,3,0
1114,2024-05-06,6,6,0
1114,2024-05-13,19,5,0
1114,2024-05-20,7,6,0
1114,2024-05-27,9,6,0
1114,2024-06-03,17,3,0
1114,2024-06-10,17,6,0
1114,2024-06-17,14,3,0
1114,2024-06-24,20,7,0
1114,2024-07-01,9,4,0
1114,2024-07-08,11,7,0
1114,2024-07-15,14,6,0
1114,2024-07-22,12,9,0
1114,2024-07-29,11,7,0
1114,2024-08-05,13,9,0
1114,2024-08-12,6,4,0
1114,2024-08-19,16,9,0
1114,2024-08-26,17,5,0
1114,2024-09-02,18,8,0
1114,2024-09-09,24,3,0
1114,2024-09-16,21,7,0
1114,2024-09-23,21,6,0
1114,2024-09-30,22,9,0
1114,2024-10-07,22,8,0
1114,2024-10-14,9,8,0
1114,2024-10-21,14,9,0
1114,2024-10-28,20,6,0
1114,2024-11-04,5,8,0
1114,2024-11-11,6,6,0
1114,2024-11-18,17,3,0
1114,2024-11-25,9,9,0
1114,2024-12-02,11,7,0
1114,2024-12-09,17,5,0
1114,2024-12-16,11,4,0
1114,2024-12-23,10,7,1
1114,2024-12-30,6,7,0
1115,2024-10-19,20,9,0
1115,2024-10-26,23,9,1
1115,2024-11-02,7,7,1
1115,2024-11-09,5,8,0
1115,2024-11-16,5,7,0
1115,2024-11-23,10,8,0
1115,2024-11-30,8,5,0
1115,2024-12-07,5,9,0
1115,2024-12-14,11,3,1
1115,2024-12-21,10,6,0
1115,2024-12-28,23,4,0
1117,2024-01-10,16,7,0
1117,2024-01-17,9,3,0
1117,2024-01-24,10,7,1
1117,2024-01-31,22,6,0
1117,2024-02-07,21,9,1
1117,2024-02-14,21,5,0
1117,2024-02-21,18,4,0
1117,2024-02-28,17,4,0
1117,2024-03-06,16,4,0
1117,2024-03-13,19,5,0
1117,2024-03-20,20,7,0
1117,2024-03-27,19,9,1
1117,2024-04-03,20,9,0
1117,2024-04-10,6,8,0
1117,2024-04-17,10,8,1
1117,2024-04-24,12,3,0
1117,2024-05-01,10,7,0
1117,2024-05-08,24,4,0
1117,2024-05-15,22,3,0
1117,2024-05-22,13,9,0
1117,2024-05-29,14,7,0
1117,2024-06-05,8,6,0
1117,2024-06-12,9,8,1
1117,2024-06-19,13,7,0
1117,2024-06-26,20,8,0
1117,2024-07-03,5,3,0
1117,2024-07-10,17,4,0
1117,2024-07-17,21,5,0
1117,2024-07-24,12,9,0
1117,2024-07-31,14,9,0
1117,2024-08-07,13,5,0
1117,2024-08-14,6,3,0
1117,2024-08-21,5,9,0
1117,2024-08-28,24,3,0
1117,2024-09-04,7,8,0
1117,2024-09-11,10,7,0
1117,2024-09-18,22,9,0
1117,2024-09-25,9,6,0
1117,2024-10-02,20,6,0
1117,2024-10-09,21,5,1
1117,2024-10-16,24,7,0
1117,2024-10-23,19,5,0
1117,2024-10-30,15,8,0
1117,2024-11-06,17,4,0
1117,2024-11-13,14,5,1
1117,2024-11-20,8,5,0
1117,2024-11-27,19,9,0
1117,2024-12-04,15,3,0
1117,2024-12-11,23,6,0
1117,2024-12-18,7,7,1
1117,2024-12-25,22,4,0
1117,2025-01-01,14,4,0
1118,2024-11-03,11,5,0
1118,2024-11-10,21,4,0
1118,2024-11-17,20,9,0
1118,2024-11-24,11,6,0
1118,2024-12-01,8,6,0
1118,2024-12-08,7,8,0
1118,2024-12-15,20,4,0
1118,2024-12-22,9,5,0
1118,2024-12-29,15,7,0
1119,2024-07-26,8,6,0
1119,2024-08-02,24,7,0
1119,2024-08-09,20,3,0
1119,2024-08-16,6,7,0
1119,2024-08-23,16,9,0
1119,2024-08-30,21,6,0
1119,2024-09-06,13,9,1
1119,2024-09-13,9,4,0
1119,2024-09-20,18,8,1
1119,2024-09-27,7,4,0
1119,2024-10-04,19,5,0
1119,2024-10-11,23,3,0
1119,2024-10-18,9,4,0
1119,2024-10-25,16,7,0
1119,2024-11-01,16,5,0
1119,2024-11-08,14,4,1
1119,2024-11-15,9,7,0
1119,2024-11-22,21,3,0
1119,2024-11-29,22,3,0
1119,2024-12-06,22,8,0
1119,2024-12-13,10,4,0
1119,2024-12-20,8,4,0
1119,2024-12-27,21,6,0
1119,2025-01-03,15,8,1
1119,2025-01-10,22,8,0
1119,2025-01-17,10,7,0
1119,2025-01-24,24,4,0
1119,2025-01-31,10,7,0
1119,2025-02-07,18,3,1
1119,2025-02-14,9,6,0
1119,2025-02-21,9,8,1
1119,2025-02-28,17,3,0
1119,2025-03-07,5,8,0
1119,2025-03-14,22,6,0
1119,2025-03-21,13,4,0
1119,2025-03-28,2,2,0
1119,2025-04-04,2,1,2
1119,2025-04-11,2,1,0
1119,2025-04-18,1,1,0
1120,2024-08-19,16,9,0
1120,2024-08-26,6,4,0
1120,2024-09-02,9,4,0
1120,2024-09-09,14,5,0
1120,2024-09-16,6,7,0
1120,2024-09-23,10,8,0
1120,2024-09-30,17,5,0
1120,2024-10-07,10,5,0
1120,2024-10-14,21,4,0
1120,2024-10-21,8,4,0
1120,2024-10-28,6,4,0
1120,2024-11-04,8,6,0
1120,2024-11-11,22,5,0
1120,2024-11-18,12,4,0
1120,2024-11-25,13,5,0
1120,2024-12-02,23,7,0
1120,2024-12-09,12,5,0
1120,2024-12-16,12,4,0
1120,2024-12-23,23,4,0
1120,2024-12-30,11,6,0
1120,2025-01-06,23,7,0
1120,2025-01-13,19,9,0
1120,2025-01-20,16,7,0
1120,2025-01-27,9,3,0
1120,2025-02-03,19,7,0
1120,2025-02-10,15,9,0
1120,2025-02-17,1,2,0
1120,2025-02-24,1,2,1
1120,2025-03-03,0,2,0
1120,2025-03-10,0,2,0
1124,2024-09-06,10,8,1
1124,2024-09-13,14,4,0
1124,2024-09-20,12,6,0
1124,2024-09-27,10,8,0
1124,2024-10-04,10,4,0
1124,2024-10-11,7,8,0
1124,2024-10-18,20,9,0
1124,2024-10-25,17,7,0
1124,2024-11-01,13,9,0
1124,2024-11-08,17,4,0
1124,2024-11-15,6,5,0
1124,2024-11-22,14,5,0
1124,2024-11-29,20,3,0
1124,2024-12-06,22,9,0
1124,2024-12-13,16,7,1
1124,2024-12-20,8,7,1
1124,2024-12-27,22,6,0
1125,2024-08-25,6,7,0
1125,2024-09-01,20,5,0
1125,2024-09-08,15,9,0
1125,2024-09-15,7,8,0
1125,2024-09-22,14,3,0
1125,2024-09-29,14,3,1
1125,2024-10-06,23,4,0
1125,2024-10-13,6,8,0
1125,2024-10-20,12,4,1
1125,2024-10-27,18,3,0
1125,2024-11-03,7,8,0
1125,2024-11-10,13,8,0
1125,2024-11-17,5,7,0
1125,2024-11-24,10,9,0
1125,2024-12-01,8,6,0
1125,2024-12-08,12,4,1
1125,2024-12-15,16,9,0
1125,2024-12-22,18,8,1
1125,2024-12-29,0,1,2
1125,2025-01-05,0,1,0
1125,2025-01-12,1,2,2
1125,2025-01-19,2,2,0
1126,2024-12-08,23,6,0
1126,2024-12-15,15,9,0
1126,2024-12-22,12,3,0
1126,2024-12-29,6,9,0
1128,2024-01-22,9,6,0
1128,2024-01-29,24,9,0
1128,2024-02-05,24,4,0
1128,2024-02-12,10,3,0
1128,2024-02-19,5,3,0
1128,2024-02-26,17,5,0
1128,2024-03-04,23,5,0
1128,2024-03-11,9,4,0
1128,2024-03-18,17,3,0
1128,2024-03-25,7,6,1
1128,2024-04-01,9,8,0
1128,2024-04-08,22,6,0
1128,2024-04-15,22,6,0
1128,2024-04-22,17,4,0
1128,2024-04-29,18,8,0
1128,2024-05-06,19,6,0
1128,2024-05-13,22,9,0
1128,2024-05-20,17,6,0
1128,2024-05-27,22,9,0
1128,2024-06-03,9,8,0
1128,2024-06-10,14,4,0
1128,2024-06-17,11,6,0
1128,2024-06-24,20,5,0
1128,2024-07-01,22,7,0
1128,2024-07-08,18,9,0
1128,2024-07-15,21,9,0
1128,2024-07-22,21,4,0
1128,2024-07-29,24,8,0
1128,2024-08-05,11,7,0
1128,2024-08-12,18,3,0
1128,2024-08-19,22,3,0
1128,2024-08-26,21,5,0
1128,2024-09-02,7,7,0
1128,2024-09-09,8,4,0
1128,2024-09-16,15,5,0
1128,2024-09-23,21,9,0
1128,2024-09-30,20,8,0
1128,2024-10-07,21,7,1
1128,2024-10-14,8,3,0
1128,2024-10-21,10,5,0
1128,2024-10-28,6,3,0
1128,2024-11-04,10,5,0
1128,2024-11-11,11,3,0
1128,2024-11-18,9,8,1
1128,2024-11-25,19,9,0
1128,2024-12-02,18,4,0
1128,2024-12-09,18,9,0
1128,2024-12-16,14,3,0
1128,2024-12-23,8,4,0
1128,2024-12-30,17,9,1
1129,2024-09-07,24,4,0
1129,2024-09-14,9,4,0
1129,2024-09-21,7,6,0
1129,2024-09-28,23,8,0
1129,2024-10-05,7,5,1
1129,2024-10-12,21,9,0
1129,2024-10-19,23,6,0
1129,2024-10-26,15,7,0
1129,2024-11-02,22,5,0
1129,2024-11-09,6,6,0
1129,2024-11-16,8,8,1
1129,2024-11-23,23,5,0
1129,2024-11-30,6,5,0
1129,2024-12-07,15,7,0
1129,2024-12-14,22,8,0
1129,2024-12-21,7,3,1
1129,2024-12-28,16,6,0
1132,2024-11-07,11,8,0
1132,2024-11-14,15,9,0
1132,2024-11-21,14,5,1
1132,2024-11-28,20,8,0
1132,2024-12-05,24,6,0
1132,2024-12-12,17,7,0
1132,2024-12-19,18,3,0
1132,2024-12-26,7,7,0
1132,2025-01-02,22,3,0
1132,2025-01-09,21,3,0
1132,2025-01-16,6,8,0
1132,2025-01-23,7,6,0
1132,2025-01-30,17,4,0
1132,2025-02-06,21,9,0
1132,2025-02-13,18,6,0
1132,2025-02-20,18,8,0
1132,2025-02-27,10,5,0
1132,2025-03-06,9,8,0
1132,2025-03-13,19,9,0
1132,2025-03-20,5,4,0
1132,2025-03-27,15,6,0
1132,2025-04-03,2,1,1
1132,2025-04-10,2,2,0
1132,2025-04-17,0,2,0
1132,2025-04-24,1,2,0
1132,2025-05-01,1,2,0
1133,2024-03-30,12,6,0
1133,2024-04-06,9,3,0
1133,2024-04-13,12,9,0
1133,2024-04-20,9,4,0
1133,2024-04-27,12,6,0
1133,2024-05-04,11,6,0
1133,2024-05-11,22,8,1
1133,2024-05-18,22,6,0
1133,2024-05-25,11,8,1
1133,2024-06-01,7,6,0
1133,2024-06-08,14,4,0
1133,2024-06-15,20,6,0
1133,2024-06-22,7,9,0
1133,2024-06-29,11,8,0
1133,2024-07-06,23,4,0
1133,2024-07-13,23,4,0
1133,2024-07-20,17,4,0
1133,2024-07-27,18,6,0
1133,2024-08-03,11,9,0
1133,2024-08-10,12,4,0
1133,2024-08-17,23,5,0
1133,2024-08-24,19,8,0
1133,2024-08-31,14,5,0
1133,2024-09-07,7,7,1
1133,2024-09-14,15,4,0
1133,2024-09-21,10,5,0
1133,2024-09-28,16,7,1
1133,2024-10-05,6,3,0
1133,2024-10-12,5,4,0
1133,2024-10-19,12,7,0
1133,2024-10-26,5,9,0
1133,2024-11-02,12,7,0
1133,2024-11-09,5,5,0
1133,2024-11-16,12,7,0
1133,2024-11-23,12,3,0
1133,2024-11-30,13,9,0
1133,2024-12-07,11,9,0
1133,2024-12-14,24,4,0
1133,2024-12-21,18,4,0
1133,2024-12-28,15,9,0
1134,2024-02-15,21,8,0
1134,2024-02-22,9,5,0
1134,2024-02-29,6,9,0
1134,2024-03-07,21,3,0
1134,2024-03-14,24,8,0
1134,2024-03-21,13,3,1
1134,2024-03-28,17,7,0
1134,2024-04-04,9,4,0
1134,2024-04-11,23,3,0
1134,2024-04-18,24,3,0
1134,2024-04-25,12,4,0
1134,2024-05-02,13,5,0
1134,2024-05-09,14,3,0
1134,2024-05-16,15,8,0
1134,2024-05-23,11,7,0
1134,2024-05-30,11,3,0
1134,2024-06-06,8,7,0
1134,2024-06-13,7,7,0
1134,2024-06-20,10,5,0
1134,2024-06-27,24,9,0
1134,2024-07-04,15,3,0
1134,2024-07-11,11,6,0
1134,2024-07-18,11,4,0
1134,2024-07-25,12,3,0
1134,2024-08-01,17,7,0
1134,2024-08-08,8,3,0
1134,2024-08-15,21,4,0
1134,2024-08-22,22,6,0
1134,2024-08-29,19,9,0
1134,2024-09-05,5,6,1
1134,2024-09-12,9,3,0
1134,2024-09-19,20,8,0
1134,2024-09-26,17,9,0
1134,2024-10-03,9,4,0
1134,2024-10-10,9,7,0
1134,2024-10-17,23,5,0
1134,2024-10-24,11,8,0
1134,2024-10-31,17,9,0
1134,2024-11-07,22,8,0
1134,2024-11-14,21,6,0
1134,2024-11-21,18,3,1
1134,2024-11-28,20,8,0
1134,2024-12-05,20,9,1
1134,2024-12-12,21,5,0
1134,2024-12-19,22,6,1
1134,2024-12-26,20,5,0
1137,2024-01-08,12,8,0
1137,2024-01-15,0,1,1
1137,2024-01-22,2,2,0
1137,2024-01-29,2,1,0
1137,2024-02-05,2,2,1
1138,2024-06-30,11,4,0
1138,2024-07-07,10,4,0
1138,2024-07-14,24,5,0
1138,2024-07-21,9,4,0
1138,2024-07-28,24,8,0
1138,2024-08-04,14,3,0
1138,2024-08-11,10,5,0
1138,2024-08-18,13,4,0
1138,2024-08-25,20,8,0
1138,2024-09-01,12,5,0
1138,2024-09-08,18,9,0
1138,2024-09-15,6,5,0
1138,2024-09-22,5,9,0
1138,2024-09-29,16,4,0
1138,2024-10-06,21,8,0
1138,2024-10-13,18,9,0
1138,2024-10-20,7,5,0
1138,2024-10-27,6,3,0
1138,2024-11-03,16,8,1
1138,2024-11-10,14,5,0
1138,2024-11-17,22,7,0
1138,2024-11-24,21,6,0
1138,2024-12-01,14,5,0
1138,2024-12-08,13,8,0
1138,2024-12-15,8,7,0
1138,2024-12-22,12,8,0
1138,2024-12-29,12,5,0
1139,2024-10-16,23,5,1
1139,2024-10-23,20,4,0
1139,2024-10-30,15,9,0
1139,2024-11-06,21,6,0
1139,2024-11-13,11,8,0
1139,2024-11-20,21,6,0
1139,2024-11-27,24,9,0
1139,2024-12-04,14,3,1
1139,2024-12-11,11,3,1
1139,2024-12-18,15,3,0
1139,2024-12-25,8,6,0
1139,2025-01-01,17,9,0
1141,2024-02-06,9,9,0
1141,2024-02-13,5,6,0
1141,2024-02-20,15,9,0
1141,2024-02-27,17,9,0
1141,2024-03-05,19,3,0
1141,2024-03-12,11,6,0
1141,2024-03-19,6,7,0
1141,2024-03-26,17,7,1
1141,2024-04-02,16,6,0
1141,2024-04-09,10,7,0
1141,2024-04-16,13,8,0
1141,2024-04-23,10,7,0
1141,2024-04-30,11,5,0
1141,2024-05-07,15,9,0
1141,2024-05-14,8,4,1
1141,2024-05-21,9,7,0
1141,2024-05-28,11,3,0
1141,2024-06-04,5,5,0
1141,2024-06-11,14,6,0
1141,2024-06-18,5,7,0
1141,2024-06-25,5,6,0
1141,2024-07-02,13,8,0
1141,2024-07-09,21,9,0
1141,2024-07-16,8,7,0
1141,2024-07-23,21,8,0
1141,2024-07-30,6,9,0
1141,2024-08-06,8,6,0
1141,2024-08-13,17,8,0
1141,2024-08-20,11,6,0
1141,2024-08-27,8,3,0
1141,2024-09-03,20,8,1
1141,2024-09-10,24,7,0
1141,2024-09-17,7,3,0
1141,2024-09-24,6,9,0
1141,2024-10-01,14,4,0
1141,2024-10-08,21,5,0
1141,2024-10-15,9,4,0
1141,2024-10-22,18,5,0
1141,2024-10-29,21,8,0
1141,2024-11-05,18,6,0
1141,2024-11-12,15,3,0
1141,2024-11-19,24,5,0
1141,2024-11-26,6,4,0
1141,2024-12-03,10,6,1
1141,2024-12-10,15,9,0
1141,2024-12-17,17,7,0
1141,2024-12-24,10,4,0
1141,2024-12-31,19,4,0
1142,2024-12-06,20,8,0
1142,2024-12-13,7,4,0
1142,2024-12-20,18,6,0
1142,2024-12-27,10,5,0
1143,2024-04-13,22,9,0
1143,2024-04-20,8,6,0
1143,2024-04-27,17,4,1
1143,2024-05-04,13,9,0
1143,2024-05-11,13,4,0
1143,2024-05-18,10,9,0
1143,2024-05-25,10,5,0
1143,2024-06-01,15,9,0
1143,2024-06-08,14,8,0
1143,2024-06-15,22,4,0
1143,2024-06-22,22,4,0
1143,2024-06-29,6,6,0
1143,2024-07-06,11,8,0
1143,2024-07-13,9,5,0
1143,2024-07-20,5,5,0
1143,2024-07-27,24,7,0
1143,2024-08-03,8,9,1
1143,2024-08-10,24,4,0
1143,2024-08-17,5,8,0
1143,2024-08-24,15,6,0
1143,2024-08-31,17,7,0
1143,2024-09-07,6,8,0
1143,2024-09-14,21,5,0
1143,2024-09-21,15,7,0
1143,2024-09-28,11,4,0
1143,2024-10-05,15,5,0
1143,2024-10-12,14,8,0
1143,2024-10-19,14,8,0
1143,2024-10-26,14,4,0
1143,2024-11-02,14,4,0
1143,2024-11-09,11,9,0
1143,2024-11-16,13,8,0
1143,2024-11-23,21,3,1
1143,2024-11-30,23,6,0
1143,2024-12-07,17,6,0
1143,2024-12-14,22,6,0
1143,2024-12-21,11,3,0
1143,2024-12-28,20,8,0
1143,2025-01-04,0,2,1
1143,2025-01-11,0,1,1
1143,2025-01-18,0,1,0
1143,2025-01-25,1,2,0
1145,2024-11-08,5,4,0
1145,2024-11-15,24,6,0
1145,2024-11-22,14,6,0
1145,2024-11-29,17,3,0
1145,2024-12-06,6,3,0
1145,2024-12-13,13,6,0
1145,2024-12-20,11,7,0
1145,2024-12-27,14,7,0
1146,2024-06-19,19,9,1
1146,2024-06-26,9,3,0
1146,2024-07-03,13,9,0
1146,2024-07-10,16,3,0
1146,2024-07-17,10,9,1
1146,2024-07-24,13,6,0
1146,2024-07-31,5,5,0
1146,2024-08-07,9,9,1
1146,2024-08-14,18,6,0
1146,2024-08-21,19,4,0
1146,2024-08-28,8,8,0
1146,2024-09-04,16,5,0
1146,2024-09-11,14,7,0
1146,2024-09-18,22,4,0
1146,2024-09-25,22,3,0
1146,2024-10-02,5,9,0
1146,2024-10-09,24,4,0
1146,2024-10-16,6,6,0
1146,2024-10-23,5,4,0
1146,2024-10-30,14,8,0
1146,2024-11-06,17,3,0
1146,2024-11-13,19,3,0
1146,2024-11-20,20,7,0
1146,2024-11-27,21,4,0
1146,2024-12-04,15,6,0
1146,2024-12-11,7,7,0
1146,2024-12-18,21,9,1
1146,2024-12-25,12,7,0
1146,2025-01-01,22,7,0
1151,2024-07-07,21,5,0
1151,2024-07-14,13,4,0
1151,2024-07-21,8,6,1
1151,2024-07-28,7,3,0
1151,2024-08-04,16,4,1
1151,2024-08-11,14,8,0
1151,2024-08-18,22,4,0
1151,2024-08-25,14,6,1
1151,2024-09-01,12,4,0
1151,2024-09-08,16,4,1
1151,2024-09-15,22,5,0
1151,2024-09-22,15,7,0
1151,2024-09-29,24,7,0
1151,2024-10-06,22,4,0
1151,2024-10-13,13,8,0
1151,2024-10-20,14,9,0
1151,2024-10-27,10,8,0
1151,2024-11-03,19,9,1
1151,2024-11-10,23,3,0
1151,2024-11-17,15,8,1
1151,2024-11-24,15,9,0
1151,2024-12-01,23,9,0
1151,2024-12-08,13,6,0
1151,2024-12-15,17,3,0
1151,2024-12-22,20,3,1
1151,2024-12-29,7,3,0
1151,2025-01-05,6,5,0
1151,2025-01-12,6,8,0
1151,2025-01-19,12,4,0
1151,2025-01-26,13,3,0
1151,2025-02-02,8,5,0
1151,2025-02-09,19,5,1
1151,2025-02-16,16,7,0
1151,2025-02-23,7,4,0
1151,2025-03-02,13,5,0
1151,2025-03-09,24,9,0
1151,2025-03-16,21,8,0
1151,2025-03-23,12,4,0
1151,2025-03-30,1,2,0
1151,2025-04-06,0,1,1
1151,2025-04-13,2,1,0
1151,2025-04-20,2,2,0
1152,2024-11-24,21,8,0
1152,2024-12-01,16,7,0
1152,2024-12-08,24,5,0
1152,2024-12-15,18,5,0
1152,2024-12-22,8,5,0
1152,2024-12-29,10,9,0
1153,2024-09-17,20,5,0
1153,2024-09-24,24,6,0
1153,2024-10-01,17,7,0
1153,2024-10-08,16,3,0
1153,2024-10-15,10,4,0
1153,2024-10-22,23,5,0
1153,2024-10-29,17,4,0
1153,2024-11-05,6,4,0
1153,2024-11-12,17,4,0
1153,2024-11-19,18,7,0
1153,2024-11-26,19,3,0
1153,2024-12-03,17,8,0
1153,2024-12-10,20,4,0
1153,2024-12-17,15,6,0
1153,2024-12-24,16,6,0
1153,2024-12-31,20,5,0
1154,2025-06-26,2,2,2
1155,2024-04-12,23,8,0
1155,2024-04-19,16,9,0
1155,2024-04-26,18,8,0
1155,2024-05-03,19,9,0
1155,2024-05-10,14,8,0
1155,2024-05-17,18,3,0
1155,2024-05-24,15,7,0
1155,2024-05-31,24,8,0
1155,2024-06-07,23,4,0
1155,2024-06-14,5,3,0
1155,2024-06-21,6,3,0
1155,2024-06-28,12,8,0
1155,2024-07-05,24,7,0
1155,2024-07-12,7,8,0
1155,2024-07-19,8,4,0
1155,2024-07-26,22,5,0
1155,2024-08-02,11,9,0
1155,2024-08-09,15,3,0
1155,2024-08-16,23,3,0
1155,2024-08-23,19,5,0
1155,2024-08-30,16,8,0
1155,2024-09-06,7,3,0
1155,2024-09-13,11,4,0
1155,2024-09-20,20,3,1
1155,2024-09-27,23,6,0
1155,2024-10-04,8,3,0
1155,2024-10-11,23,3,0
1155,2024-10-18,17,9,0
1155,2024-10-25,18,6,0
1155,2024-11-01,8,5,0
1155,2024-11-08,14,6,0
1155,2024-11-15,13,7,0
1155,2024-11-22,16,8,0
1155,2024-11-29,16,7,0
1155,2024-12-06,16,7,0
1155,2024-12-13,13,8,1
1155,2024-12-20,7,6,0
1155,2024-12-27,18,3,0
1156,2024-12-18,12,7,0
1156,2024-12-25,7,5,0
1156,2025-01-01,22,3,0
1158,2024-06-19,18,3,0
1158,2024-06-26,20,9,0
1158,2024-07-03,16,8,0
1158,2024-07-10,19,9,0
1158,2024-07-17,12,4,0
1158,2024-07-24,14,5,0
1158,2024-07-31,12,6,0
1158,2024-08-07,18,9,0
1158,2024-08-14,5,6,0
1158,2024-08-21,5,3,0
1158,2024-08-28,11,9,0
1158,2024-09-04,24,9,0
1158,2024-09-11,6,6,0
1158,2024-09-18,17,5,0
1158,2024-09-25,19,4,0
1158,2024-10-02,13,6,0
1158,2024-10-09,5,3,0
1158,2024-10-16,14,9,0
1158,2024-10-23,22,9,0
1158,2024-10-30,21,8,0
1158,2024-11-06,18,6,1
1158,2024-11-13,24,9,0
1158,2024-11-20,13,4,0
1158,2024-11-27,11,6,0
1158,2024-12-04,7,4,0
1158,2024-12-11,24,7,1
1158,2024-12-18,8,9,0
1158,2024-12-25,14,7,0
1158,2025-01-01,17,7,0
1159,2024-05-30,23,4,0
1159,2024-06-06,5,8,0
1159,2024-06-13,22,5,0
1159,2024-06-20,22,4,0
1159,2024-06-27,11,9,0
1159,2024-07-04,14,5,0
1159,2024-07-11,13,9,0
1159,2024-07-18,17,4,1
1159,2024-07-25,5,7,0
1159,2024-08-01,24,4,1
1159,2024-08-08,7,9,0
1159,2024-08-15,10,8,0
1159,2024-08-22,5,6,0
1159,2024-08-29,6,9,0
1159,2024-09-05,15,8,0
1159,2024-09-12,24,3,0
1159,2024-09-19,6,8,0
1159,2024-09-26,23,3,0
1159,2024-10-03,10,8,0
1159,2024-10-10,17,5,0
1159,2024-10-17,23,7,0
1159,2024-10-24,23,4,1
1159,2024-10-31,18,4,0
1159,2024-11-07,14,7,0
1159,2024-11-14,16,7,0
1159,2024-11-21,8,4,0
1159,2024-11-28,7,9,0
1159,2024-12-05,21,8,0
1159,2024-12-12,7,5,0
1159,2024-12-19,5,7,0
1159,2024-12-26,7,9,0
1161,2024-11-28,9,5,0
1161,2024-12-05,10,4,0
1161,2024-12-12,19,4,0
1161,2024-12-19,10,8,1
1161,2024-12-26,23,8,0
1163,2024-02-06,11,5,0
1163,2024-02-13,11,4,0
1163,2024-02-20,20,7,0
1163,2024-02-27,10,3,0
1163,2024-03-05,15,7,0
1163,2024-03-12,24,9,1
1163,2024-03-19,19,8,0
1163,2024-03-26,17,4,0
1163,2024-04-02,13,4,0
1163,2024-04-09,18,4,0
1163,2024-04-16,5,7,0
1163,2024-04-23,14,3,0
1163,2024-04-30,7,8,0
1163,2024-05-07,19,4,0
1163,2024-05-14,20,9,0
1163,2024-05-21,9,8,0
1163,2024-05-28,11,9,0
1163,2024-06-04,5,6,0
1163,2024-06-11,5,5,0
1163,2024-06-18,15,4,0
1163,2024-06-25,21,6,1
1163,2024-07-02,20,7,0
1163,2024-07-09,15,5,0
1163,2024-07-16,10,7,0
1163,2024-07-23,9,9,0
1163,2024-07-30,24,8,0
1163,2024-08-06,9,4,1
1163,2024-08-13,6,9,0
1163,2024-08-20,14,4,0
1163,2024-08-27,17,3,1
1163,2024-09-03,5,8,0
1163,2024-09-10,17,5,0
1163,2024-09-17,9,9,0
1163,2024-09-24,21,3,1
1163,2024-10-01,5,6,0
1163,2024-10-08,10,3,0
1163,2024-10-15,5,4,1
1163,2024-10-22,21,5,0
1163,2024-10-29,22,4,0
1163,2024-11-05,21,6,0
1163,2024-11-12,21,3,0
1163,2024-11-19,24,4,0
1163,2024-11-26,22,6,0
1163,2024-12-03,9,8,0
1163,2024-12-10,5,5,0
1163,2024-12-17,10,7,1
1163,2024-12-24,20,8,0
1163,2024-12-31,13,8,0
1164,2024-09-23,19,8,0
1164,2024-09-30,14,7,0
1164,2024-10-07,16,8,0
1164,2024-10-14,13,5,1
1164,2024-10-21,18,7,0
1164,2024-10-28,11,6,0
1164,2024-11-04,15,6,0
1164,2024-11-11,21,7,0
1164,2024-11-18,7,3,0
1164,2024-11-25,15,5,0
1164,2024-12-02,18,3,0
1164,2024-12-09,20,7,0
1164,2024-12-16,8,5,1
1164,2024-12-23,17,4,0
1164,2024-12-30,5,6,0
1165,2024-11-08,9,4,0
1165,2024-11-15,10,7,0
1165,2024-11-22,17,5,0
1165,2024-11-29,20,5,0
1165,2024-12-06,16,5,0
1165,2024-12-13,17,3,0
1165,2024-12-20,7,8,0
1165,2024-12-27,23,9,0
1167,2024-01-11,17,8,0
1167,2024-01-18,22,7,0
1167,2024-01-25,22,4,0
1167,2024-02-01,5,8,1
1167,2024-02-08,5,8,0
1167,2024-02-15,20,8,0
1167,2024-02-22,18,6,0
1167,2024-02-29,20,5,0
1167,2024-03-07,10,5,0
1167,2024-03-14,22,3,0
1167,2024-03-21,9,5,0
1167,2024-03-28,8,5,1
1167,2024-04-04,21,9,0
1167,2024-04-11,17,6,0
1167,2024-04-18,23,7,0
1167,2024-04-25,15,6,0
1167,2024-05-02,21,6,0
1167,2024-05-09,12,9,0
1167,2024-05-16,24,5,0
1167,2024-05-23,19,3,0
1167,2024-05-30,14,9,0
1167,2024-06-06,22,3,0
1167,2024-06-13,16,3,0
1167,2024-06-20,9,5,0
1167,2024-06-27,5,6,0
1167,2024-07-04,8,3,0
1167,2024-07-11,5,8,0
1167,2024-07-18,13,9,0
1167,2024-07-25,9,5,0
1167,2024-08-01,13,4,0
1167,2024-08-08,15,3,0
1167,2024-08-15,7,3,1
1167,2024-08-22,23,8,0
1167,2024-08-29,18,3,1
1167,2024-09-05,18,6,0
1167,2024-09-12,17,8,0
1167,2024-09-19,23,8,0
1167,2024-09-26,5,7,0
1167,2024-10-03,20,9,0
1167,2024-10-10,18,3,0
1167,2024-10-17,14,4,0
1167,2024-10-24,17,5,0
1167,2024-10-31,24,4,0
1167,2024-11-07,23,9,0
1167,2024-11-14,17,3,0
1167,2024-11-21,9,5,0
1167,2024-11-28,11,9,0
1167,2024-12-05,22,7,0
1167,2024-12-12,9,3,0
1167,2024-12-19,12,9,0
1167,2024-12-26,1,1,0
1167,2025-01-02,0,2,0
1167,2025-01-09,1,1,0
1167,2025-01-16,1,2,1
1169,2024-01-01,5,6,0
1169,2024-01-08,17,9,1
1169,2024-01-15,22,8,0
1169,2024-01-22,14,6,0
1169,2024-01-29,13,5,0
1169,2024-02-05,13,4,0
1169,2024-02-12,22,8,0
1169,2024-02-19,6,3,0
1169,2024-02-26,13,7,0
1169,2024-03-04,20,9,0
1169,2024-03-11,19,8,0
1169,2024-03-18,11,6,0
1169,2024-03-25,9,3,0
1169,2024-04-01,5,4,0
1169,2024-04-08,24,4,0
1169,2024-04-15,10,3,0
1169,2024-04-22,10,6,0
1169,2024-04-29,7,9,1
1169,2024-05-06,8,3,0
1169,2024-05-13,17,3,0
1169,2024-05-20,17,6,0
1169,2024-05-27,18,5,0
1169,2024-06-03,11,3,0
1169,2024-06-10,16,5,1
1169,2024-06-17,10,6,0
1169,2024-06-24,23,6,0
1169,2024-07-01,18,3,0
1169,2024-07-08,8,5,1
1169,2024-07-15,15,5,0
1169,2024-07-22,20,5,0
1169,2024-07-29,13,3,0
1169,2024-08-05,21,6,0
1169,2024-08-12,12,4,0
1169,2024-08-19,5,3,0
1169,2024-08-26,13,9,0
1169,2024-09-02,20,4,1
1169,2024-09-09,5,5,0
1169,2024-09-16,12,5,0
1169,2024-09-23,9,9,0
1169,2024-09-30,22,4,0
1169,2024-10-07,5,9,0
1169,2024-10-14,11,9,0
1169,2024-10-21,10,3,0
1169,2024-10-28,15,7,0
1169,2024-11-04,10,8,0
1169,2024-11-11,24,7,0
1169,2024-11-18,21,7,1
1169,2024-11-25,17,7,0
1169,2024-12-02,7,5,0
1169,2024-12-09,22,6,0
1169,2024-12-16,22,4,0
1169,2024-12-23,8,7,0
1169,2024-12-30,6,8,1
1170,2024-02-18,18,5,0
1170,2024-02-25,22,7,0
1170,2024-03-03,14,3,1
1170,2024-03-10,13,4,0
1170,2024-03-17,9,7,0
1170,2024-03-24,21,9,0
1170,2024-03-31,21,3,0
1170,2024-04-07,22,7,0
1170,2024-04-14,15,7,0
1170,2024-04-21,5,3,0
1170,2024-04-28,17,9,0
1170,2024-05-05,11,9,0
1170,2024-05-12,9,7,0
1170,2024-05-19,13,8,0
1170,2024-05-26,20,7,0
1170,2024-06-02,20,7,0
1170,2024-06-09,17,7,0
1170,2024-06-16,12,5,1
1170,2024-06-23,8,4,1
1170,2024-06-30,5,7,0
1170,2024-07-07,5,9,1
1170,2024-07-14,7,9,0
1170,2024-07-21,19,5,0
1170,2024-07-28,11,4,0
1170,2024-08-04,21,6,0
1170,2024-08-11,5,7,0
1170,2024-08-18,23,5,0
1170,2024-08-25,19,3,0
1170,2024-09-01,23,7,0
1170,2024-09-08,8,3,0
1170,2024-09-15,5,7,0
1170,2024-09-22,18,6,0
1170,2024-09-29,23,9,0
1170,2024-10-06,23,9,0
1170,2024-10-13,17,8,0
1170,2024-10-20,18,8,0
1170,2024-10-27,9,9,0
1170,2024-11-03,6,7,0
1170,2024-11-10,23,4,0
1170,2024-11-17,5,8,0
1170,2024-11-24,6,8,0
1170,2024-12-01,15,3,1
1170,2024-12-08,15,6,0
1170,2024-12-15,8,5,0
1170,2024-12-22,6,9,0
1170,2024-12-29,23,6,0
1171,2024-08-01,20,6,0
1171,2024-08-08,23,4,0
1171,2024-08-15,24,6,0
1171,2024-08-22,14,3,0
1171,2024-08-29,16,3,0
1171,2024-09-05,10,3,0
1171,2024-09-12,18,8,1
1171,2024-09-19,22,8,0
1171,2024-09-26,20,9,0
1171,2024-10-03,17,9,1
1171,2024-10-10,11,3,0
1171,2024-10-17,23,3,0
1171,2024-10-24,5,7,0
1171,2024-10-31,7,9,0
1171,2024-11-07,9,9,0
1171,2024-11-14,17,7,1
1171,2024-11-21,10,6,0
1171,2024-11-28,19,9,0
1171,2024-12-05,23,8,1
1171,2024-12-12,5,5,0
1171,2024-12-19,5,6,0
1171,2024-12-26,24,3,0
1172,2024-10-12,10,8,0
1172,2024-10-19,16,9,0
1172,2024-10-26,20,9,0
1172,2024-11-02,13,4,0
1172,2024-11-09,16,7,0
1172,2024-11-16,22,6,0
1172,2024-11-23,11,3,0
1172,2024-11-30,22,3,0
1172,2024-12-07,9,5,0
1172,2024-12-14,5,9,1
1172,2024-12-21,15,9,0
1172,2024-12-28,21,4,0
1173,2024-03-26,14,8,0
1173,2024-04-02,16,5,0
1173,2024-04-09,16,3,0
1173,2024-04-16,20,6,0
1173,2024-04-23,8,8,0
1173,2024-04-30,19,3,0
1173,2024-05-07,21,8,0
1173,2024-05-14,7,4,0
1173,2024-05-21,15,4,0
1173,2024-05-28,17,5,0
1173,2024-06-04,22,9,1
1173,2024-06-11,13,8,0
1173,2024-06-18,11,9,0
1173,2024-06-25,23,5,0
1173,2024-07-02,14,9,0
1173,2024-07-09,13,5,0
1173,2024-07-16,20,4,0
1173,2024-07-23,16,3,0
1173,2024-07-30,16,4,0
1173,2024-08-06,8,9,0
1173,2024-08-13,22,5,0
1173,2024-08-20,12,5,0
1173,2024-08-27,19,8,0
1173,2024-09-03,20,6,0
1173,2024-09-10,24,8,0
1173,2024-09-17,15,4,0
1173,2024-09-24,7,9,0
1173,2024-10-01,7,9,0
1173,2024-10-08,19,7,0
1173,2024-10-15,20,3,0
1173,2024-10-22,7,6,0
1173,2024-10-29,7,6,0
1173,2024-11-05,10,3,0
1173,2024-11-12,24,5,0
1173,2024-11-19,23,5,0
1173,2024-11-26,17,9,0
1173,2024-12-03,23,7,0
1173,2024-12-10,19,5,0
1173,2024-12-17,15,5,0
1173,2024-12-24,11,3,0
1173,2024-12-31,13,7,0
1175,2024-07-16,17,5,0
1175,2024-07-23,10,3,0
1175,2024-07-30,24,9,1
1175,2024-08-06,8,5,0
1175,2024-08-13,19,3,0
1175,2024-08-20,0,1,0
1175,2024-08-27,2,2,0
1175,2024-09-03,2,1,0
1175,2024-09-10,0,2,1
1176,2024-02-11,20,4,0
1176,2024-02-18,13,3,0
1176,2024-02-25,16,7,0
1176,2024-03-03,18,4,1
1176,2024-03-10,6,6,0
1176,2024-03-17,19,9,0
1176,2024-03-24,7,8,0
1176,2024-03-31,6,9,0
1176,2024-04-07,15,4,0
1176,2024-04-14,8,7,0
1176,2024-04-21,11,6,0
1176,2024-04-28,16,7,0
1176,2024-05-05,23,4,0
1176,2024-05-12,23,7,0
1176,2024-05-19,15,9,0
1176,2024-05-26,13,7,0
1176,2024-06-02,17,9,0
1176,2024-06-09,9,7,0
1176,2024-06-16,12,6,0
1176,2024-06-23,17,9,0
1176,2024-06-30,12,7,0
1176,2024-07-07,16,5,0
1176,2024-07-14,13,4,0
1176,2024-07-21,20,5,0
1176,2024-07-28,22,6,0
1176,2024-08-04,22,4,0
1176,2024-08-11,21,4,0
1176,2024-08-18,24,6,0
1176,2024-08-25,6,3,0
1176,2024-09-01,21,7,0
1176,2024-09-08,16,8,0
1176,2024-09-15,12,4,0
1176,2024-09-22,14,6,0
1176,2024-09-29,14,9,0
1176,2024-10-06,24,4,0
1176,2024-10-13,24,5,0
1176,2024-10-20,9,6,0
1176,2024-10-27,12,9,0
1176,2024-11-03,16,4,0
1176,2024-11-10,18,5,0
1176,2024-11-17,19,8,0
1176,2024-11-24,16,9,1
1176,2024-12-01,22,4,0
1176,2024-12-08,5,8,0
1176,2024-12-15,7,3,0
1176,2024-12-22,23,3,0
1176,2024-12-29,16,9,0
1177,2024-02-03,5,5,0
1177,2024-02-10,8,7,0
1177,2024-02-17,11,9,0
1177,2024-02-24,8,8,0
1177,2024-03-02,9,3,0
1177,2024-03-09,11,3,0
1177,2024-03-16,24,4,0
1177,2024-03-23,15,4,0
1177,2024-03-30,6,7,0
1177,2024-04-06,13,8,0
1177,2024-04-13,19,4,0
1177,2024-04-20,21,6,0
1177,2024-04-27,8,3,0
1177,2024-05-04,20,5,1
1177,2024-05-11,10,4,0
1177,2024-05-18,17,6,0
1177,2024-05-25,10,4,0
1177,2024-06-01,7,6,0
1177,2024-06-08,5,6,0
1177,2024-06-15,16,8,0
1177,2024-06-22,15,6,1
1177,2024-06-29,14,5,0
1177,2024-07-06,8,4,0
1177,2024-07-13,22,8,0
1177,2024-07-20,15,4,0
1177,2024-07-27,8,5,0
1177,2024-08-03,13,6,0
1177,2024-08-10,20,4,1
1177,2024-08-17,15,9,0
1177,2024-08-24,17,5,1
1177,2024-08-31,8,5,0
1177,2024-09-07,16,4,0
1177,2024-09-14,9,6,0
1177,2024-09-21,9,5,0
1177,2024-09-28,13,7,0
1177,2024-10-05,14,4,0
1177,2024-10-12,23,4,0
1177,2024-10-19,21,7,0
1177,2024-10-26,19,3,0
1177,2024-11-02,22,7,0
1177,2024-11-09,20,5,0
1177,2024-11-16,14,4,0
1177,2024-11-23,15,8,0
1177,2024-11-30,23,4,0
1177,2024-12-07,21,3,1
1177,2024-12-14,11,8,0
1177,2024-12-21,23,8,0
1177,2024-12-28,5,6,0
1178,2025-01-30,12,5,0
1178,2025-02-06,10,3,0
1178,2025-02-13,23,5,0
1178,2025-02-20,19,9,0
1178,2025-02-27,2,1,0
1178,2025-03-06,1,2,2
1178,2025-03-13,2,1,2
1178,2025-03-20,1,2,0
1180,2024-04-21,10,3,0
1180,2024-04-28,22,8,0
1180,2024-05-05,20,7,0
1180,2024-05-12,20,5,0
1180,2024-05-19,7,3,1
1180,2024-05-26,17,4,0
1180,2024-06-02,18,3,0
1180,2024-06-09,6,9,0
1180,2024-06-16,24,9,0
1180,2024-06-23,9,7,0
1180,2024-06-30,21,6,0
1180,2024-07-07,23,4,1
1180,2024-07-14,14,7,0
1180,2024-07-21,6,9,0
1180,2024-07-28,19,3,0
1180,2024-08-04,14,5,0
1180,2024-08-11,10,6,0
1180,2024-08-18,11,3,0
1180,2024-08-25,9,8,0
1180,2024-09-01,22,5,0
1180,2024-09-08,22,4,0
1180,2024-09-15,19,7,0
1180,2024-09-22,9,7,0
1180,2024-09-29,7,6,0
1180,2024-10-06,22,4,0
1180,2024-10-13,5,4,0
1180,2024-10-20,21,9,0
1180,2024-10-27,16,9,0
1180,2024-11-03,14,9,0
1180,2024-11-10,9,3,0
1180,2024-11-17,18,5,0
1180,2024-11-24,14,7,0
1180,2024-12-01,20,4,0
1180,2024-12-08,21,3,0
1180,2024-12-15,6,7,0
1180,2024-12-22,11,5,0
1180,2024-12-29,22,5,0
1181,2024-01-09,16,7,0
1181,2024-01-16,17,6,0
1181,2024-01-23,14,6,0
1181,2024-01-30,9,7,0
1181,2024-02-06,16,4,0
1181,2024-02-13,12,8,0
1181,2024-02-20,13,7,0
1181,2024-02-27,13,8,0
1181,2024-03-05,19,7,0
1181,2024-03-12,16,8,0
1181,2024-03-19,23,9,0
1181,2024-03-26,14,5,0
1181,2024-04-02,17,4,0
1181,2024-04-09,7,9,0
1181,2024-04-16,16,9,0
1181,2024-04-23,11,3,0
1181,2024-04-30,12,3,0
1181,2024-05-07,1,1,1
1181,2024-05-14,0,2,2
1181,2024-05-21,2,2,0
1181,2024-05-28,0,2,0
1182,2024-12-31,14,4,0
1184,2024-11-24,8,5,0
1184,2024-12-01,15,6,0
1184,2024-12-08,20,9,0
1184,2024-12-15,5,9,0
1184,2024-12-22,10,6,0
1184,2024-12-29,6,6,0
1185,2024-12-11,20,5,0
1185,2024-12-18,14,3,0
1185,2024-12-25,10,5,0
1185,2025-01-01,10,5,0
1185,2025-01-08,20,6,0
1185,2025-01-15,9,7,0
1185,2025-01-22,10,3,0
1185,2025-01-29,18,9,0
1185,2025-02-05,5,7,0
1185,2025-02-12,19,4,0
1185,2025-02-19,6,4,0
1185,2025-02-26,7,9,0
1185,2025-03-05,22,7,0
1185,2025-03-12,23,9,0
1185,2025-03-19,16,6,0
1185,2025-03-26,16,5,1
1185,2025-04-02,17,8,1
1185,2025-04-09,23,6,0
1185,2025-04-16,20,5,0
1185,2025-04-23,12,5,0
1185,2025-04-30,20,9,0
1185,2025-05-07,14,9,0
1185,2025-05-14,18,9,0
1185,2025-05-21,10,9,0
1185,2025-05-28,22,9,0
1185,2025-06-04,2,1,0
1185,2025-06-11,2,1,0
1185,2025-06-18,1,2,1
1185,2025-06-25,2,2,1
1187,2024-03-22,9,6,0
1187,2024-03-29,19,8,0
1187,2024-04-05,8,5,0
1187,2024-04-12,17,3,0
1187,2024-04-19,15,7,0
1187,2024-04-26,12,6,0
1187,2024-05-03,7,6,0
1187,2024-05-10,24,9,0
1187,2024-05-17,17,3,0
1187,2024-05-24,14,7,0
1187,2024-05-31,5,8,1
1187,2024-06-07,20,8,0
1187,2024-06-14,22,9,0
1187,2024-06-21,21,9,0
1187,2024-06-28,17,3,1
1187,2024-07-05,19,3,0
1187,2024-07-12,5,7,1
1187,2024-07-19,12,3,0
1187,2024-07-26,18,5,1
1187,2024-08-02,11,9,0
1187,2024-08-09,20,5,0
1187,2024-08-16,5,6,0
1187,2024-08-23,16,6,0
1187,2024-08-30,12,5,0
1187,2024-09-06,5,4,0
1187,2024-09-13,19,7,0
1187,2024-09-20,17,6,1
1187,2024-09-27,19,6,0
1187,2024-10-04,16,7,0
1187,2024-10-11,9,3,0
1187,2024-10-18,16,6,0
1187,2024-10-25,12,3,0
1187,2024-11-01,5,6,0
1187,2024-11-08,5,9,0
1187,2024-11-15,7,6,0
1187,2024-11-22,20,4,0
1187,2024-11-29,10,7,0
1187,2024-12-06,21,7,0
1187,2024-12-13,15,9,0
1187,2024-12-20,9,6,0
1187,2024-12-27,22,5,0
1188,2024-07-04,9,7,0
1188,2024-07-11,9,8,0
1188,2024-07-18,14,3,0
1188,2024-07-25,12,3,1
1188,2024-08-01,7,3,0
1188,2024-08-08,0,1,0
1188,2024-08-15,0,2,1
1188,2024-08-22,1,2,1
1188,2024-08-29,0,2,1
1189,2024-10-04,15,9,0
1189,2024-10-11,20,6,0
1189,2024-10-18,16,7,0
1189,2024-10-25,19,7,0
1189,2024-11-01,21,7,0
1189,2024-11-08,14,6,0
1189,2024-11-15,14,9,0
1189,2024-11-22,13,7,0
1189,2024-11-29,13,7,0
1189,2024-12-06,24,5,0
1189,2024-12-13,14,6,0
1189,2024-12-20,15,9,0
1189,2024-12-27,20,3,0
1193,2024-01-24,8,9,0
1193,2024-01-31,7,4,0
1193,2024-02-07,15,7,0
1193,2024-02-14,9,3,0
1193,2024-02-21,22,5,0
1193,2024-02-28,8,9,0
1193,2024-03-06,6,3,0
1193,2024-03-13,19,9,0
1193,2024-03-20,7,8,0
1193,2024-03-27,17,5,0
1193,2024-04-03,15,7,0
1193,2024-04-10,21,8,0
1193,2024-04-17,19,4,0
1193,2024-04-24,14,6,0
1193,2024-05-01,19,5,0
1193,2024-05-08,14,6,0
1193,2024-05-15,5,4,0
1193,2024-05-22,18,8,1
1193,2024-05-29,19,8,0
1193,2024-06-05,5,6,0
1193,2024-06-12,7,5,0
1193,2024-06-19,6,7,0
1193,2024-06-26,11,5,0
1193,2024-07-03,14,8,0
1193,2024-07-10,10,7,0
1193,2024-07-17,15,5,1
1193,2024-07-24,19,5,0
1193,2024-07-31,17,7,0
1193,2024-08-07,13,3,0
1193,2024-08-14,9,9,0
1193,2024-08-21,16,7,0
1193,2024-08-28,23,4,0
1193,2024-09-04,18,4,0
1193,2024-09-11,8,6,0
1193,2024-09-18,20,4,0
1193,2024-09-25,7,5,0
1193,2024-10-02,24,5,0
1193,2024-10-09,14,5,0
1193,2024-10-16,19,9,0
1193,2024-10-23,18,5,1
1193,2024-10-30,14,9,0
1193,2024-11-06,6,5,0
1193,2024-11-13,20,9,0
1193,2024-11-20,21,6,0
1193,2024-11-27,24,7,0
1193,2024-12-04,15,9,0
1193,2024-12-11,22,6,0
1193,2024-12-18,9,9,0
1193,2024-12-25,16,4,0
1193,2025-01-01,16,4,0
1193,2025-01-08,14,8,0
1193,2025-01-15,7,9,0
1193,2025-01-22,24,6,0
1193,2025-01-29,13,4,0
1193,2025-02-05,10,3,0
1193,2025-02-12,16,7,1
1193,2025-02-19,19,8,0
1193,2025-02-26,12,7,0
1193,2025-03-05,1,2,1
1193,2025-03-12,2,2,1
1193,2025-03-19,2,1,0
1193,2025-03-26,0,2,0
1195,2024-08-23,21,7,0
1195,2024-08-30,16,3,1
1195,2024-09-06,16,6,0
1195,2024-09-13,21,6,0
1195,2024-09-20,15,7,0
1195,2024-09-27,14,6,0
1195,2024-10-04,11,8,0
1195,2024-10-11,15,7,0
1195,2024-10-18,7,9,0
1195,2024-10-25,19,4,0
1195,2024-11-01,16,3,0
1195,2024-11-08,7,7,0
1195,2024-11-15,19,5,0
1195,2024-11-22,9,8,0
1195,2024-11-29,14,5,0
1195,2024-12-06,20,9,0
1195,2024-12-13,24,4,0
1195,2024-12-20,5,7,0
1195,2024-12-27,18,3,0
1196,2024-03-01,11,5,0
1196,2024-03-08,16,9,0
1196,2024-03-15,20,4,0
1196,2024-03-22,18,8,0
1196,2024-03-29,14,8,0
1196,2024-04-05,17,7,0
1196,2024-04-12,12,9,0
1196,2024-04-19,7,9,0
1196,2024-04-26,9,3,0
1196,2024-05-03,24,6,0
1196,2024-05-10,6,6,0
1196,2024-05-17,5,4,0
1196,2024-05-24,23,6,0
1196,2024-05-31,16,9,1
1196,2024-06-07,18,6,0
1196,2024-06-14,9,3,0
1196,2024-06-21,20,7,0
1196,2024-06-28,11,5,0
1196,2024-07-05,16,3,0
1196,2024-07-12,24,7,0
1196,2024-07-19,11,5,0
1196,2024-07-26,10,9,0
1196,2024-08-02,14,5,0
1196,2024-08-09,10,3,0
1196,2024-08-16,23,6,0
1196,2024-08-23,10,8,0
1196,2024-08-30,17,9,0
1196,2024-09-06,17,7,0
1196,2024-09-13,21,3,0
1196,2024-09-20,6,6,0
1196,2024-09-27,6,6,0
1196,2024-10-04,23,4,0
1196,2024-10-11,14,7,0
1196,2024-10-18,17,9,0
1196,2024-10-25,16,8,0
1196,2024-11-01,9,5,0
1196,2024-11-08,18,3,0
1196,2024-11-15,12,8,0
1196,2024-11-22,18,5,0
1196,2024-11-29,12,5,0
1196,2024-12-06,22,5,0
1196,2024-12-13,16,9,0
1196,2024-12-20,11,5,0
1196,2024-12-27,15,5,0
1197,2025-03-08,19,9,0
1197,2025-03-15,18,3,1
1197,2025-03-22,5,3,0
1197,2025-03-29,20,6,0
1197,2025-04-05,10,8,0
1197,2025-04-12,19,6,0
1197,2025-04-19,8,8,0
1197,2025-04-26,16,9,0
1197,2025-05-03,13,8,1
1197,2025-05-10,16,3,0
1197,2025-05-17,8,6,0
1197,2025-05-24,20,5,0
1197,2025-05-31,0,2,0
1197,2025-06-07,1,2,0
1197,2025-06-14,2,2,0
1197,2025-06-21,1,2,0
1198,2024-08-02,21,3,1
1198,2024-08-09,16,3,0
1198,2024-08-16,16,3,0
1198,2024-08-23,9,3,0
1198,2024-08-30,10,5,0
1198,2024-09-06,18,8,0
1198,2024-09-13,15,6,0
1198,2024-09-20,11,4,0
1198,2024-09-27,10,4,0
1198,2024-10-04,12,7,0
1198,2024-10-11,5,4,0
1198,2024-10-18,8,6,0
1198,2024-10-25,18,8,0
1198,2024-11-01,17,9,0
1198,2024-11-08,9,9,1
1198,2024-11-15,24,3,0
1198,2024-11-22,6,9,0
1198,2024-11-29,8,4,0
1198,2024-12-06,9,4,0
1198,2024-12-13,19,9,0
1198,2024-12-20,15,4,1
1198,2024-12-27,21,7,0
1199,2024-11-16,20,8,0
1199,2024-11-23,21,6,0
1199,2024-11-30,5,8,0
1199,2024-12-07,24,3,0
1199,2024-12-14,8,6,0
1199,2024-12-21,11,6,0
1199,2024-12-28,13,3,0
1200,2024-03-25,14,5,0
1200,2024-04-01,16,6,0
1200,2024-04-08,23,6,0
1200,2024-04-15,21,5,0
1200,2024-04-22,23,7,0
1200,2024-04-29,20,9,0
1200,2024-05-06,17,3,0
1200,2024-05-13,24,4,0
1200,2024-05-20,22,9,0
1200,2024-05-27,21,3,0
1200,2024-06-03,10,3,0
1200,2024-06-10,24,3,0
1200,2024-06-17,5,8,1
1200,2024-06-24,21,3,0
1200,2024-07-01,5,7,0
1200,2024-07-08,10,5,0
1200,2024-07-15,18,5,0
1200,2024-07-22,23,5,0
1200,2024-07-29,8,6,0
1200,2024-08-05,6,6,0
1200,2024-08-12,11,7,0
1200,2024-08-19,24,4,0
1200,2024-08-26,23,3,0
1200,2024-09-02,14,7,0
1200,2024-09-09,21,8,0
1200,2024-09-16,14,3,0
1200,2024-09-23,12,7,1
1200,2024-09-30,6,6,0
1200,2024-10-07,8,4,0
1200,2024-10-14,14,9,0
1200,2024-10-21,18,9,0
1200,2024-10-28,22,8,0
1200,2024-11-04,18,9,0
1200,2024-11-11,19,7,0
1200,2024-11-18,20,9,0
1200,2024-11-25,17,6,0
1200,2024-12-02,13,9,0
1200,2024-12-09,9,5,0
1200,2024-12-16,11,4,0
1200,2024-12-23,19,9,1
1200,2024-12-30,17,9,0
1200,2025-01-06,17,4,0
1200,2025-01-13,19,4,0
1200,2025-01-20,17,8,1
1200,2025-01-27,23,7,0
1200,2025-02-03,22,7,0
1200,2025-02-10,12,9,0
1200,2025-02-17,24,6,1
1200,2025-02-24,8,4,0
1200,2025-03-03,7,9,0
1200,2025-03-10,10,4,1
1200,2025-03-17,17,3,0
1200,2025-03-24,17,6,1
1200,2025-03-31,16,9,0
1200,2025-04-07,20,3,0
1200,2025-04-14,16,5,0
1200,2025-04-21,16,9,0
1200,2025-04-28,21,9,0
1200,2025-05-05,5,8,1
1200,2025-05-12,14,5,0
1200,2025-05-19,2,2,0
1200,2025-05-26,0,2,0
1200,2025-06-02,1,2,0
1200,2025-06-09,2,2,0
1200,2025-06-16,0,1,1
1202,2024-03-28,14,4,0
1202,2024-04-04,14,4,0
1202,2024-04-11,10,5,0
1202,2024-04-18,13,7,0
1202,2024-04-25,6,9,0
1202,2024-05-02,16,4,0
1202,2024-05-09,5,6,0
1202,2024-05-16,15,7,1
1202,2024-05-23,9,3,0
1202,2024-05-30,9,4,1
1202,2024-06-06,22,8,0
1202,2024-06-13,12,3,1
1202,2024-06-20,14,3,0
1202,2024-06-27,12,3,0
1202,2024-07-04,8,9,0
1202,2024-07-11,15,3,0
1202,2024-07-18,7,7,0
1202,2024-07-25,23,7,0
1202,2024-08-01,5,3,0
1202,2024-08-08,21,4,0
1202,2024-08-15,23,7,0
1202,2024-08-22,17,3,0
1202,2024-08-29,19,6,0
1202,2024-09-05,24,4,0
1202,2024-09-12,10,5,0
1202,2024-09-19,24,5,0
1202,2024-09-26,14,9,0
1202,2024-10-03,8,8,0
1202,2024-10-10,18,5,0
1202,2024-10-17,18,4,0
1202,2024-10-24,23,5,0
1202,2024-10-31,9,4,1
1202,2024-11-07,17,5,0
1202,2024-11-14,15,8,0
1202,2024-11-21,23,8,0
1202,2024-11-28,17,6,0
1202,2024-12-05,7,6,0
1202,2024-12-12,8,8,0
1202,2024-12-19,15,6,0
1202,2024-12-26,16,5,0
1203,2024-06-26,14,5,0
1203,2024-07-03,20,5,0
1203,2024-07-10,15,8,0
1203,2024-07-17,16,4,0
1203,2024-07-24,7,9,0
1203,2024-07-31,18,4,0
1203,2024-08-07,18,7,0
1203,2024-08-14,12,6,0
1203,2024-08-21,19,6,0
1203,2024-08-28,23,4,0
1203,2024-09-04,23,5,0
1203,2024-09-11,10,6,0
1203,2024-09-18,19,5,0
1203,2024-09-25,19,3,0
1203,2024-10-02,15,7,1
1203,2024-10-09,18,4,0
1203,2024-10-16,9,9,0
1203,2024-10-23,18,7,0
1203,2024-10-30,8,6,0
1203,2024-11-06,21,9,1
1203,2024-11-13,20,7,0
1203,2024-11-20,9,8,0
1203,2024-11-27,14,3,0
1203,2024-12-04,18,6,0
1203,2024-12-11,14,9,0
1203,2024-12-18,17,7,0
1203,2024-12-25,22,3,0
1203,2025-01-01,19,8,1
1204,2024-01-05,10,8,0
1204,2024-01-12,16,6,0
1204,2024-01-19,5,9,0
1204,2024-01-26,12,7,0
1204,2024-02-02,6,6,0
1204,2024-02-09,11,5,0
1204,2024-02-16,9,8,0
1204,2024-02-23,5,3,1
1204,2024-03-01,15,9,0
1204,2024-03-08,17,5,0
1204,2024-03-15,20,4,1
1204,2024-03-22,7,5,0
1204,2024-03-29,20,8,0
1204,2024-04-05,22,8,1
1204,2024-04-12,19,9,0
1204,2024-04-19,5,5,0
1204,2024-04-26,9,7,0
1204,2024-05-03,10,4,0
1204,2024-05-10,15,6,0
1204,2024-05-17,13,5,0
1204,2024-05-24,15,5,0
1204,2024-05-31,5,3,0
1204,2024-06-07,20,5,0
1204,2024-06-14,12,9,0
1204,2024-06-21,13,6,0
1204,2024-06-28,12,4,0
1204,2024-07-05,11,5,0
1204,2024-07-12,23,4,0
1204,2024-07-19,18,7,0
1204,2024-07-26,20,9,0
1204,2024-08-02,19,7,0
1204,2024-08-09,19,4,0
1204,2024-08-16,23,8,1
1204,2024-08-23,17,6,0
1204,2024-08-30,23,5,1
1204,2024-09-06,11,3,0
1204,2024-09-13,11,6,0
1204,2024-09-20,20,5,0
1204,2024-09-27,22,9,0
1204,2024-10-04,9,9,0
1204,2024-10-11,11,3,0
1204,2024-10-18,21,6,0
1204,2024-10-25,20,5,0
1204,2024-11-01,7,6,0
1204,2024-11-08,14,3,0
1204,2024-11-15,21,7,0
1204,2024-11-22,10,6,0
1204,2024-11-29,24,3,0
1204,2024-12-06,11,7,0
1204,2024-12-13,17,5,0
1204,2024-12-20,10,8,0
1204,2024-12-27,9,9,0
1209,2024-01-07,21,7,1
1209,2024-01-14,20,4,0
1209,2024-01-21,9,4,1
1209,2024-01-28,15,3,0
1209,2024-02-04,21,7,0
1209,2024-02-11,24,6,0
1209,2024-02-18,20,8,0
1209,2024-02-25,18,9,1
1209,2024-03-03,17,9,0
1209,2024-03-10,22,7,0
1209,2024-03-17,8,8,0
1209,2024-03-24,14,3,0
1209,2024-03-31,21,3,0
1209,2024-04-07,14,4,0
1209,2024-04-14,5,6,0
1209,2024-04-21,8,3,1
1209,2024-04-28,23,7,1
1209,2024-05-05,17,9,0
1209,2024-05-12,9,8,0
1209,2024-05-19,10,5,0
1209,2024-05-26,20,9,0
1209,2024-06-02,13,4,0
1209,2024-06-09,19,5,0
1209,2024-06-16,14,3,0
1209,2024-06-23,7,8,0
1209,2024-06-30,21,8,0
1209,2024-07-07,20,7,0
1209,2024-07-14,24,9,0
1209,2024-07-21,10,6,0
1209,2024-07-28,9,3,0
1209,2024-08-04,6,5,1
1209,2024-08-11,12,7,0
1209,2024-08-18,20,8,1
1209,2024-08-25,9,8,0
1209,2024-09-01,11,8,0
1209,2024-09-08,10,5,0
1209,2024-09-15,15,7,0
1209,2024-09-22,22,9,0
1209,2024-09-29,15,6,0
1209,2024-10-06,20,4,0
1209,2024-10-13,24,4,0
1209,2024-10-20,19,9,0
1209,2024-10-27,17,6,1
1209,2024-11-03,6,7,0
1209,2024-11-10,6,9,1
1209,2024-11-17,24,7,0
1209,2024-11-24,15,3,0
1209,2024-12-01,13,8,0
1209,2024-12-08,11,5,0
1209,2024-12-15,8,9,0
1209,2024-12-22,16,8,0
1209,2024-12-29,9,9,0
1210,2024-08-09,14,6,1
1210,2024-08-16,19,3,1
1210,2024-08-23,22,4,0
1210,2024-08-30,6,7,0
1210,2024-09-06,14,6,0
1210,2024-09-13,9,4,0
1210,2024-09-20,19,6,0
1210,2024-09-27,16,7,0
1210,2024-10-04,16,4,0
1210,2024-10-11,8,3,0
1210,2024-10-18,22,3,0
1210,2024-10-25,6,3,0
1210,2024-11-01,20,8,0
1210,2024-11-08,22,9,0
1210,2024-11-15,14,5,0
1210,2024-11-22,20,8,0
1210,2024-11-29,15,7,0
1210,2024-12-06,8,8,0
1210,2024-12-13,17,4,0
1210,2024-12-20,10,4,0
1210,2024-12-27,17,9,0
1210,2025-01-03,14,5,0
1210,2025-01-10,13,6,0
1210,2025-01-17,6,9,0
1210,2025-01-24,9,9,0
1210,2025-01-31,23,6,0
1210,2025-02-07,1,2,1
1210,2025-02-14,0,2,0
1210,2025-02-21,2,1,1
1210,2025-02-28,0,2,0
1210,2025-03-07,1,1,2
1213,2024-09-05,19,5,0
1213,2024-09-12,17,7,0
1213,2024-09-19,7,5,0
1213,2024-09-26,21,5,1
1213,2024-10-03,12,5,0
1213,2024-10-10,6,9,0
1213,2024-10-17,17,9,0
1213,2024-10-24,9,5,1
1213,2024-10-31,14,5,0
1213,2024-11-07,7,3,0
1213,2024-11-14,6,6,0
1213,2024-11-21,6,7,0
1213,2024-11-28,7,3,1
1213,2024-12-05,9,9,0
1213,2024-12-12,16,8,0
1213,2024-12-19,19,7,1
1213,2024-12-26,19,4,1
1214,2024-03-25,11,4,1
1214,2024-04-01,10,7,0
1214,2024-04-08,8,5,0
1214,2024-04-15,21,8,0
1214,2024-04-22,16,5,0
1214,2024-04-29,23,5,0
1214,2024-05-06,23,7,0
1214,2024-05-13,8,4,1
1214,2024-05-20,11,6,0
1214,2024-05-27,17,3,0
1214,2024-06-03,18,6,0
1214,2024-06-10,7,4,0
1214,2024-06-17,18,9,0
1214,2024-06-24,21,5,0
1214,2024-07-01,17,9,0
1214,2024-07-08,7,5,0
1214,2024-07-15,8,5,0
1214,2024-07-22,12,9,0
1214,2024-07-29,24,6,0
1214,2024-08-05,18,8,1
1214,2024-08-12,16,3,0
1214,2024-08-19,18,4,0
1214,2024-08-26,21,8,0
1214,2024-09-02,17,4,0
1214,2024-09-09,23,6,0
1214,2024-09-16,15,6,0
1214,2024-09-23,14,4,0
1214,2024-09-30,12,8,0
1214,2024-10-07,12,3,0
1214,2024-10-14,20,6,0
1214,2024-10-21,15,5,0
1214,2024-10-28,9,8,0
1214,2024-11-04,2,1,0
1214,2024-11-11,2,1,1
1214,2024-11-18,1,2,0
1214,2024-11-25,2,1,1
1215,2024-03-08,14,8,0
1215,2024-03-15,17,3,1
1215,2024-03-22,9,4,0
1215,2024-03-29,7,4,0
1215,2024-04-05,8,8,0
1215,2024-04-12,14,8,1
1215,2024-04-19,20,3,0
1215,2024-04-26,13,5,0
1215,2024-05-03,16,9,1
1215,2024-05-10,6,5,0
1215,2024-05-17,10,7,1
1215,2024-05-24,7,4,0
1215,2024-05-31,6,3,0
1215,2024-06-07,23,9,0
1215,2024-06-14,12,8,1
1215,2024-06-21,8,3,1
1215,2024-06-28,13,4,0
1215,2024-07-05,22,6,0
1215,2024-07-12,12,3,0
1215,2024-07-19,13,6,0
1215,2024-07-26,6,7,0
1215,2024-08-02,24,8,0
1215,2024-08-09,9,9,0
1215,2024-08-16,5,8,0
1215,2024-08-23,8,4,0
1215,2024-08-30,8,3,0
1215,2024-09-06,11,4,0
1215,2024-09-13,22,5,0
1215,2024-09-20,18,4,0
1215,2024-09-27,14,7,0
1215,2024-10-04,16,3,0
1215,2024-10-11,8,4,0
1215,2024-10-18,14,7,0
1215,2024-10-25,20,9,0
1215,2024-11-01,24,5,0
1215,2024-11-08,16,3,0
1215,2024-11-15,20,4,0
1215,2024-11-22,11,6,0
1215,2024-11-29,14,8,0
1215,2024-12-06,18,7,0
1215,2024-12-13,13,8,0
1215,2024-12-20,20,5,0
1215,2024-12-27,18,6,0
1216,2024-10-28,16,6,0
1216,2024-11-04,21,3,0
1216,2024-11-11,23,3,0
1216,2024-11-18,11,3,1
1216,2024-11-25,16,9,0
1216,2024-12-02,19,8,0
1216,2024-12-09,6,9,0
1216,2024-12-16,10,7,0
1216,2024-12-23,5,3,0
1216,2024-12-30,11,3,0
1218,2024-05-03,9,9,1
1218,2024-05-10,12,5,0
1218,2024-05-17,22,3,0
1218,2024-05-24,6,6,0
1218,2024-05-31,15,3,0
1218,2024-06-07,21,4,0
1218,2024-06-14,9,5,0
1218,2024-06-21,24,9,0
1218,2024-06-28,20,7,0
1218,2024-07-05,22,5,0
1218,2024-07-12,20,6,0
1218,2024-07-19,13,4,0
1218,2024-07-26,17,7,0
1218,2024-08-02,19,8,0
1218,2024-08-09,10,5,0
1218,2024-08-16,24,8,0
1218,2024-08-23,21,8,0
1218,2024-08-30,6,8,0
1218,2024-09-06,21,6,0
1218,2024-09-13,22,7,0
1218,2024-09-20,12,3,0
1218,2024-09-27,7,6,0
1218,2024-10-04,5,3,0
1218,2024-10-11,8,6,0
1218,2024-10-18,11,4,0
1218,2024-10-25,19,4,0
1218,2024-11-01,17,9,0
1218,2024-11-08,18,3,0
1218,2024-11-15,24,7,0
1218,2024-11-22,19,7,0
1218,2024-11-29,6,6,0
1218,2024-12-06,19,8,0
1218,2024-12-13,19,4,0
1218,2024-12-20,24,5,0
1218,2024-12-27,9,3,0
1219,2024-10-28,17,4,0
1219,2024-11-04,10,4,0
1219,2024-11-11,10,6,0
1219,2024-11-18,17,4,0
1219,2024-11-25,18,7,0
1219,2024-12-02,14,5,0
1219,2024-12-09,19,9,0
1219,2024-12-16,11,6,0
1219,2024-12-23,6,7,0
1219,2024-12-30,23,6,0
1220,2024-03-29,11,6,0
1220,2024-04-05,21,5,0
1220,2024-04-12,7,9,0
1220,2024-04-19,18,9,0
1220,2024-04-26,21,4,0
1220,2024-05-03,10,6,0
1220,2024-05-10,18,3,1
1220,2024-05-17,9,7,0
1220,2024-05-24,8,4,0
1220,2024-05-31,18,5,0
1220,2024-06-07,18,3,1
1220,2024-06-14,23,6,0
1220,2024-06-21,15,8,0
1220,2024-06-28,12,8,0
1220,2024-07-05,15,9,0
1220,2024-07-12,10,7,0
1220,2024-07-19,14,4,0
1220,2024-07-26,11,6,0
1220,2024-08-02,6,5,0
1220,2024-08-09,13,7,0
1220,2024-08-16,21,5,0
1220,2024-08-23,17,3,1
1220,2024-08-30,23,5,0
1220,2024-09-06,24,8,0
1220,2024-09-13,10,7,1
1220,2024-09-20,5,5,0
1220,2024-09-27,12,5,0
1220,2024-10-04,12,7,0
1220,2024-10-11,2,2,1
1220,2024-10-18,0,2,1
1220,2024-10-25,2,1,0
1220,2024-11-01,1,2,0
1222,2024-02-09,20,8,0
1222,2024-02-16,21,7,0
1222,2024-02-23,22,5,0
1222,2024-03-01,17,8,0
1222,2024-03-08,24,4,0
1222,2024-03-15,23,7,0
1222,2024-03-22,10,8,0
1222,2024-03-29,23,9,0
1222,2024-04-05,6,5,0
1222,2024-04-12,19,3,1
1222,2024-04-19,20,3,0
1222,2024-04-26,19,9,0
1222,2024-05-03,18,8,0
1222,2024-05-10,22,6,0
1222,2024-05-17,21,9,0
1222,2024-05-24,16,3,1
1222,2024-05-31,24,3,0
1222,2024-06-07,21,3,0
1222,2024-06-14,21,4,1
1222,2024-06-21,6,7,0
1222,2024-06-28,24,8,0
1222,2024-07-05,13,5,0
1222,2024-07-12,5,8,0
1222,2024-07-19,23,8,0
1222,2024-07-26,18,4,0
1222,2024-08-02,22,8,1
1222,2024-08-09,12,6,0
1222,2024-08-16,5,9,0
1222,2024-08-23,15,9,0
1222,2024-08-30,6,8,0
1222,2024-09-06,13,6,0
1222,2024-09-13,22,3,0
1222,2024-09-20,13,6,0
1222,2024-09-27,24,8,0
1222,2024-10-04,11,4,0
1222,2024-10-11,12,9,0
1222,2024-10-18,17,7,0
1222,2024-10-25,22,5,0
1222,2024-11-01,24,6,0
1222,2024-11-08,11,9,0
1222,2024-11-15,20,6,0
1222,2024-11-22,20,6,0
1222,2024-11-29,7,3,0
1222,2024-12-06,7,6,0
1222,2024-12-13,22,6,0
1222,2024-12-20,21,6,0
1222,2024-12-27,6,8,0
1222,2025-01-03,23,3,0
1222,2025-01-10,10,8,0
1222,2025-01-17,19,4,0
1222,2025-01-24,15,8,0
1222,2025-01-31,23,9,0
1222,2025-02-07,21,9,0
1222,2025-02-14,11,6,0
1222,2025-02-21,19,6,0
1222,2025-02-28,13,7,0
1222,2025-03-07,0,2,1
1222,2025-03-14,0,1,1
1222,2025-03-21,0,1,1
1222,2025-03-28,2,1,1
1223,2025-02-28,15,5,0
1223,2025-03-07,23,4,0
1223,2025-03-14,24,3,0
1223,2025-03-21,20,9,0
1223,2025-03-28,24,9,0
1223,2025-04-04,19,9,0
1223,2025-04-11,17,8,0
1223,2025-04-18,10,7,0
1223,2025-04-25,0,1,0
1223,2025-05-02,2,2,1
1223,2025-05-09,0,1,1
1223,2025-05-16,0,1,0
1223,2025-05-23,0,1,1
1224,2024-11-19,5,6,0
1224,2024-11-26,9,5,0
1224,2024-12-03,7,8,1
1224,2024-12-10,16,5,0
1224,2024-12-17,5,3,0
1224,2024-12-24,16,4,0
1224,2024-12-31,16,5,0
1225,2025-06-04,1,1,2
1225,2025-06-11,1,1,0
1225,2025-06-18,0,2,2
1225,2025-06-25,0,1,2
1226,2024-10-06,16,4,1
1226,2024-10-13,13,4,0
1226,2024-10-20,18,5,0
1226,2024-10-27,21,6,0
1226,2024-11-03,20,3,0
1226,2024-11-10,15,8,0
1226,2024-11-17,16,9,1
1226,2024-11-24,16,8,0
1226,2024-12-01,14,5,1
1226,2024-12-08,9,3,1
1226,2024-12-15,24,3,0
1226,2024-12-22,5,8,0
1226,2024-12-29,19,9,1
1226,2025-01-05,24,3,0
1226,2025-01-12,12,7,0
1226,2025-01-19,24,8,0
1226,2025-01-26,15,9,0
1226,2025-02-02,17,9,0
1226,2025-02-09,6,7,1
1226,2025-02-16,8,3,0
1226,2025-02-23,1,2,1
1226,2025-03-02,2,2,0
1226,2025-03-09,1,2,0
1226,2025-03-16,0,2,0
1228,2024-07-03,23,6,0
1228,2024-07-10,17,4,0
1228,2024-07-17,22,3,1
1228,2024-07-24,20,3,0
1228,2024-07-31,12,5,0
1228,2024-08-07,12,6,0
1228,2024-08-14,5,9,0
1228,2024-08-21,21,8,1
1228,2024-08-28,21,8,0
1228,2024-09-04,11,4,0
1228,2024-09-11,19,6,0
1228,2024-09-18,17,8,0
1228,2024-09-25,19,6,0
1228,2024-10-02,22,8,0
1228,2024-10-09,24,9,0
1228,2024-10-16,10,4,0
1228,2024-10-23,8,3,0
1228,2024-10-30,18,4,0
1228,2024-11-06,6,6,0
1228,2024-11-13,24,5,0
1228,2024-11-20,7,7,0
1228,2024-11-27,12,8,0
1228,2024-12-04,11,8,0
1228,2024-12-11,23,9,0
1228,2024-12-18,5,3,0
1228,2024-12-25,14,3,0
1228,2025-01-01,8,8,0
1229,2025-01-30,5,8,0
1229,2025-02-06,19,6,1
1229,2025-02-13,19,5,0
1229,2025-02-20,8,4,0
1229,2025-02-27,6,3,0
1229,2025-03-06,14,8,0
1229,2025-03-13,19,5,0
1229,2025-03-20,16,9,0
1229,2025-03-27,13,7,0
1229,2025-04-03,12,6,0
1229,2025-04-10,14,5,0
1229,2025-04-17,0,2,0
1229,2025-04-24,2,1,1
1229,2025-05-01,2,1,1
1229,2025-05-08,1,1,1
1231,2024-02-05,19,3,0
1231,2024-02-12,24,7,0
1231,2024-02-19,24,6,1
1231,2024-02-26,8,7,0
1231,2024-03-04,19,6,0
1231,2024-03-11,7,9,0
1231,2024-03-18,8,4,0
1231,2024-03-25,13,8,0
1231,2024-04-01,24,5,0
1231,2024-04-08,22,6,0
1231,2024-04-15,8,5,0
1231,2024-04-22,18,5,1
1231,2024-04-29,18,5,0
1231,2024-05-06,15,6,0
1231,2024-05-13,20,4,0
1231,2024-05-20,10,4,0
1231,2024-05-27,11,5,0
1231,2024-06-03,18,3,0
1231,2024-06-10,22,6,1
1231,2024-06-17,17,9,1
1231,2024-06-24,14,4,0
1231,2024-07-01,10,3,0
1231,2024-07-08,17,7,0
1231,2024-07-15,13,9,0
1231,2024-07-22,7,9,1
1231,2024-07-29,12,3,0
1231,2024-08-05,23,4,0
1231,2024-08-12,19,8,0
1231,2024-08-19,23,8,0
1231,2024-08-26,21,8,0
1231,2024-09-02,20,6,0
1231,2024-09-09,5,5,0
1231,2024-09-16,15,7,0
1231,2024-09-23,15,4,0
1231,2024-09-30,16,4,0
1231,2024-10-07,22,4,0
1231,2024-10-14,21,6,0
1231,2024-10-21,7,8,0
1231,2024-10-28,6,7,0
1231,2024-11-04,21,6,0
1231,2024-11-11,13,9,0
1231,2024-11-18,13,7,0
1231,2024-11-25,20,9,0
1231,2024-12-02,21,9,0
1231,2024-12-09,19,9,0
1231,2024-12-16,9,3,0
1231,2024-12-23,17,4,1
1231,2024-12-30,19,8,1
1233,2024-11-23,8,5,0
1233,2024-11-30,22,5,0
1233,2024-12-07,16,5,0
1233,2024-12-14,10,7,0
1233,2024-12-21,12,9,0
1233,2024-12-28,20,8,0
1234,2024-10-21,21,3,0
1234,2024-10-28,9,6,0
1234,2024-11-04,15,6,0
1234,2024-11-11,13,3,0
1234,2024-11-18,13,8,0
1234,2024-11-25,18,6,0
1234,2024-12-02,11,6,0
1234,2024-12-09,18,4,0
1234,2024-12-16,22,6,0
1234,2024-12-23,10,8,0
1234,2024-12-30,13,6,0
1234,2025-01-06,19,7,1
1234,2025-01-13,20,4,0
1234,2025-01-20,10,4,0
1234,2025-01-27,18,5,1
1234,2025-02-03,1,2,0
1234,2025-02-10,2,1,0
1234,2025-02-17,0,2,0
1234,2025-02-24,0,1,0
1235,2025-02-24,21,7,0
1235,2025-03-03,2,1,0
1235,2025-03-10,2,1,0
1235,2025-03-17,0,1,1
1235,2025-03-24,2,2,0
1235,2025-03-31,1,2,0
1237,2024-11-22,17,4,0
1237,2024-11-29,5,7,0
1237,2024-12-06,6,5,0
1237,2024-12-13,18,8,0
1237,2024-12-20,20,9,0
1237,2024-12-27,23,5,1
1239,2024-05-21,9,5,0
1239,2024-05-28,8,6,0
1239,2024-06-04,7,6,0
1239,2024-06-11,12,6,1
1239,2024-06-18,21,8,0
1239,2024-06-25,16,4,0
1239,2024-07-02,19,9,0
1239,2024-07-09,9,4,0
1239,2024-07-16,13,8,0
1239,2024-07-23,13,6,0
1239,2024-07-30,5,4,0
1239,2024-08-06,12,3,1
1239,2024-08-13,22,8,0
1239,2024-08-20,23,3,1
1239,2024-08-27,9,5,1
1239,2024-09-03,14,9,0
1239,2024-09-10,9,9,1
1239,2024-09-17,24,9,0
1239,2024-09-24,18,4,0
1239,2024-10-01,21,7,0
1239,2024-10-08,20,7,0
1239,2024-10-15,11,4,0
1239,2024-10-22,13,8,0
1239,2024-10-29,20,3,0
1239,2024-11-05,21,6,0
1239,2024-11-12,12,9,0
1239,2024-11-19,24,6,0
1239,2024-11-26,11,8,0
1239,2024-12-03,17,9,0
1239,2024-12-10,21,3,0
1239,2024-12-17,6,8,0
1239,2024-12-24,17,4,0
1239,2024-12-31,14,4,1
1239,2025-01-07,18,9,0
1239,2025-01-14,16,6,0
1239,2025-01-21,18,3,0
1239,2025-01-28,8,4,0
1239,2025-02-04,21,9,0
1239,2025-02-11,9,5,0
1239,2025-02-18,6,5,0
1239,2025-02-25,12,4,0
1239,2025-03-04,13,8,0
1239,2025-03-11,18,8,0
1239,2025-03-18,8,6,0
1239,2025-03-25,22,8,0
1239,2025-04-01,14,7,1
1239,2025-04-08,14,5,0
1239,2025-04-15,12,3,0
1239,2025-04-22,8,9,0
1239,2025-04-29,0,2,1
1239,2025-05-06,2,2,0
1239,2025-05-13,2,1,1
1239,2025-05-20,2,2,0
1239,2025-05-27,0,1,0
1241,2024-09-06,24,3,0
1241,2024-09-13,12,7,0
1241,2024-09-20,10,6,0
1241,2024-09-27,20,3,0
1241,2024-10-04,14,4,0
1241,2024-10-11,20,3,0
1241,2024-10-18,18,5,0
1241,2024-10-25,21,8,0
1241,2024-11-01,13,7,0
1241,2024-11-08,11,3,0
1241,2024-11-15,10,4,0
1241,2024-11-22,20,8,0
1241,2024-11-29,16,5,0
1241,2024-12-06,10,9,0
1241,2024-12-13,20,6,0
1241,2024-12-20,14,8,1
1241,2024-12-27,7,3,0
1241,2025-01-03,14,4,0
1241,2025-01-10,24,5,0
1241,2025-01-17,13,7,0
1241,2025-01-24,12,5,0
1241,2025-01-31,14,3,0
1241,2025-02-07,11,6,0
1241,2025-02-14,21,8,0
1241,2025-02-21,1,2,0
1241,2025-02-28,1,1,2
1241,2025-03-07,1,1,0
1241,2025-03-14,1,1,0
1242,2025-03-09,9,5,0
1242,2025-03-16,7,5,0
1242,2025-03-23,15,5,0
1242,2025-03-30,12,6,0
1242,2025-04-06,8,4,0
1242,2025-04-13,24,4,0
1242,2025-04-20,10,3,0
1242,2025-04-27,17,3,0
1242,2025-05-04,23,8,0
1242,2025-05-11,19,5,1
1242,2025-05-18,22,8,0
1242,2025-05-25,0,1,0
1242,2025-06-01,1,1,1
1242,2025-06-08,1,2,0
1242,2025-06-15,1,1,0
1243,2024-05-16,24,9,0
1243,2024-05-23,22,4,1
1243,2024-05-30,22,7,0
1243,2024-06-06,9,5,0
1243,2024-06-13,15,7,0
1243,2024-06-20,8,9,0
1243,2024-06-27,6,3,0
1243,2024-07-04,21,4,0
1243,2024-07-11,22,5,0
1243,2024-07-18,18,4,0
1243,2024-07-25,20,9,0
1243,2024-08-01,16,4,1
1243,2024-08-08,7,5,0
1243,2024-08-15,7,8,1
1243,2024-08-22,17,5,0
1243,2024-08-29,7,6,0
1243,2024-09-05,24,5,0
1243,2024-09-12,23,6,0
1243,2024-09-19,17,8,0
1243,2024-09-26,17,8,0
1243,2024-10-03,23,8,0
1243,2024-10-10,16,3,0
1243,2024-10-17,14,4,0
1243,2024-10-24,23,9,0
1243,2024-10-31,24,6,0
1243,2024-11-07,8,7,0
1243,2024-11-14,12,7,0
1243,2024-11-21,15,9,0
1243,2024-11-28,18,6,0
1243,2024-12-05,22,5,0
1243,2024-12-12,22,4,0
1243,2024-12-19,22,6,0
1243,2024-12-26,20,4,0
1244,2024-04-22,22,9,0
1244,2024-04-29,17,6,0
1244,2024-05-06,7,9,0
1244,2024-05-13,10,5,0
1244,2024-05-20,24,9,0
1244,2024-05-27,12,5,0
1244,2024-06-03,11,4,1
1244,2024-06-10,20,4,0
1244,2024-06-17,17,4,0
1244,2024-06-24,13,5,1
1244,2024-07-01,15,3,1
1244,2024-07-08,15,4,0
1244,2024-07-15,19,5,1
1244,2024-07-22,24,6,0
1244,2024-07-29,23,6,1
1244,2024-08-05,9,4,0
1244,2024-08-12,6,6,0
1244,2024-08-19,17,5,0
1244,2024-08-26,6,9,1
1244,2024-09-02,22,8,0
1244,2024-09-09,14,8,0
1244,2024-09-16,15,5,0
1244,2024-09-23,8,4,0
1244,2024-09-30,18,5,0
1244,2024-10-07,18,4,0
1244,2024-10-14,13,7,0
1244,2024-10-21,12,6,0
1244,2024-10-28,9,8,0
1244,2024-11-04,12,3,0
1244,2024-11-11,13,9,0
1244,2024-11-18,19,5,0
1244,2024-11-25,23,9,0
1244,2024-12-02,23,3,0
1244,2024-12-09,14,5,0
1244,2024-12-16,15,9,0
1244,2024-12-23,7,8,0
1244,2024-12-30,15,6,0
1247,2024-05-28,22,3,0
1247,2024-06-04,14,7,1
1247,2024-06-11,24,7,1
1247,2024-06-18,14,7,1
1247,2024-06-25,22,9,0
1247,2024-07-02,24,3,0
1247,2024-07-09,6,6,0
1247,2024-07-16,5,8,0
1247,2024-07-23,2,1,0
1247,2024-07-30,0,2,1
1247,2024-08-06,1,1,2
1247,2024-08-13,1,2,0
1247,2024-08-20,2,2,0
1249,2024-06-06,24,9,0
1249,2024-06-13,13,4,0
1249,2024-06-20,16,7,0
1249,2024-06-27,19,3,0
1249,2024-07-04,5,7,0
1249,2024-07-11,14,8,0
1249,2024-07-18,12,7,0
1249,2024-07-25,21,9,0
1249,2024-08-01,10,7,0
1249,2024-08-08,9,9,0
1249,2024-08-15,10,4,0
1249,2024-08-22,8,6,0
1249,2024-08-29,6,8,0
1249,2024-09-05,6,6,0
1249,2024-09-12,11,8,0
1249,2024-09-19,16,5,0
1249,2024-09-26,18,3,0
1249,2024-10-03,8,7,1
1249,2024-10-10,6,5,0
1249,2024-10-17,12,3,1
1249,2024-10-24,13,6,0
1249,2024-10-31,18,9,0
1249,2024-11-07,23,6,0
1249,2024-11-14,9,8,0
1249,2024-11-21,8,8,0
1249,2024-11-28,10,9,0
1249,2024-12-05,10,5,0
1249,2024-12-12,7,5,0
1249,2024-12-19,14,4,0
1249,2024-12-26,20,5,0
1250,2024-10-12,8,5,0
1250,2024-10-19,16,7,0
1250,2024-10-26,20,7,0
1250,2024-11-02,8,7,0
1250,2024-11-09,23,7,0
1250,2024-11-16,15,8,0
1250,2024-11-23,13,3,1
1250,2024-11-30,18,8,0
1250,2024-12-07,6,5,0
1250,2024-12-14,10,8,0
1250,2024-12-21,6,4,0
1250,2024-12-28,14,9,0
1252,2024-02-21,21,8,0
1252,2024-02-28,9,9,0
1252,2024-03-06,6,3,0
1252,2024-03-13,11,3,0
1252,2024-03-20,24,5,0
1252,2024-03-27,22,5,0
1252,2024-04-03,19,7,1
1252,2024-04-10,22,7,1
1252,2024-04-17,8,9,0
1252,2024-04-24,16,5,0
1252,2024-05-01,12,8,0
1252,2024-05-08,21,7,0
1252,2024-05-15,19,4,0
1252,2024-05-22,16,4,0
1252,2024-05-29,14,6,0
1252,2024-06-05,15,8,0
1252,2024-06-12,13,9,0
1252,2024-06-19,13,6,0
1252,2024-06-26,12,5,0
1252,2024-07-03,13,4,0
1252,2024-07-10,16,9,0
1252,2024-07-17,9,3,0
1252,2024-07-24,19,6,0
1252,2024-07-31,9,4,0
1252,2024-08-07,22,6,0
1252,2024-08-14,9,8,0
1252,2024-08-21,22,8,0
1252,2024-08-28,10,5,0
1252,2024-09-04,20,8,0
1252,2024-09-11,24,4,0
1252,2024-09-18,17,5,0
1252,2024-09-25,20,7,0
1252,2024-10-02,7,3,0
1252,2024-10-09,10,6,0
1252,2024-10-16,17,5,0
1252,2024-10-23,19,4,0
1252,2024-10-30,5,9,0
1252,2024-11-06,17,5,0
1252,2024-11-13,9,9,0
1252,2024-11-20,22,5,0
1252,2024-11-27,9,3,0
1252,2024-12-04,23,6,0
1252,2024-12-11,10,5,1
1252,2024-12-18,18,8,0
1252,2024-12-25,15,9,1
1252,2025-01-01,21,9,0
1253,2024-12-09,5,3,0
1253,2024-12-16,12,7,0
1253,2024-12-23,12,3,0
1253,2024-12-30,19,6,0
1254,2024-04-15,17,8,0
1254,2024-04-22,20,8,0
1254,2024-04-29,17,4,0
1254,2024-05-06,11,9,0
1254,2024-05-13,17,7,0
1254,2024-05-20,19,6,0
1254,2024-05-27,22,8,0
1254,2024-06-03,18,6,0
1254,2024-06-10,12,4,0
1254,2024-06-17,24,4,0
1254,2024-06-24,24,8,0
1254,2024-07-01,6,7,0
1254,2024-07-08,17,9,0
1254,2024-07-15,21,9,0
1254,2024-07-22,5,4,0
1254,2024-07-29,8,4,0
1254,2024-08-05,23,8,0
1254,2024-08-12,14,3,0
1254,2024-08-19,18,7,0
1254,2024-08-26,12,9,0
1254,2024-09-02,12,4,0
1254,2024-09-09,13,4,0
1254,2024-09-16,24,9,0
1254,2024-09-23,21,4,0
1254,2024-09-30,9,3,1
1254,2024-10-07,6,5,0
1254,2024-10-14,7,3,0
1254,2024-10-21,18,8,0
1254,2024-10-28,20,7,1
1254,2024-11-04,5,3,0
1254,2024-11-11,12,4,0
1254,2024-11-18,20,4,0
1254,2024-11-25,16,8,0
1254,2024-12-02,15,6,0
1254,2024-12-09,7,6,0
1254,2024-12-16,9,3,0
1254,2024-12-23,8,9,0
1254,2024-12-30,12,6,0
1255,2024-01-29,19,5,1
1255,2024-02-05,19,8,0
1255,2024-02-12,14,4,0
1255,2024-02-19,15,8,0
1255,2024-02-26,7,9,0
1255,2024-03-04,18,3,0
1255,2024-03-11,12,4,0
1255,2024-03-18,14,4,0
1255,2024-03-25,16,6,0
1255,2024-04-01,18,5,0
1255,2024-04-08,24,4,0
1255,2024-04-15,6,5,0
1255,2024-04-22,22,8,0
1255,2024-04-29,5,7,0
1255,2024-05-06,8,8,1
1255,2024-05-13,6,5,0
1255,2024-05-20,14,9,1
1255,2024-05-27,24,9,0
1255,2024-06-03,7,9,0
1255,2024-06-10,17,3,1
1255,2024-06-17,12,4,0
1255,2024-06-24,8,9,0
1255,2024-07-01,9,9,0
1255,2024-07-08,11,3,0
1255,2024-07-15,8,8,0
1255,2024-07-22,13,3,0
1255,2024-07-29,11,3,0
1255,2024-08-05,16,7,0
1255,2024-08-12,14,3,1
1255,2024-08-19,24,8,0
1255,2024-08-26,12,3,0
1255,2024-09-02,8,7,0
1255,2024-09-09,24,3,1
1255,2024-09-16,22,3,0
1255,2024-09-23,19,9,1
1255,2024-09-30,24,8,0
1255,2024-10-07,23,7,0
1255,2024-10-14,7,3,0
1255,2024-10-21,7,7,0
1255,2024-10-28,7,9,0
1255,2024-11-04,14,9,0
1255,2024-11-11,9,6,1
1255,2024-11-18,8,6,0
1255,2024-11-25,16,4,0
1255,2024-12-02,5,6,0
1255,2024-12-09,13,6,0
1255,2024-12-16,21,7,0
1255,2024-12-23,14,8,0
1255,2024-12-30,24,5,0
1257,2024-03-28,13,9,0
1257,2024-04-04,14,6,0
1257,2024-04-11,21,9,0
1257,2024-04-18,17,6,0
1257,2024-04-25,8,6,0
1257,2024-05-02,15,9,0
1257,2024-05-09,6,6,0
1257,2024-05-16,17,6,0
1257,2024-05-23,0,1,0
1257,2024-05-30,1,1,1
1257,2024-06-06,1,1,0
1257,2024-06-13,0,1,0
1257,2024-06-20,1,2,2
1258,2024-02-26,5,3,0
1258,2024-03-04,19,6,0
1258,2024-03-11,18,8,0
1258,2024-03-18,13,5,0
1258,2024-03-25,15,9,0
1258,2024-04-01,10,9,0
1258,2024-04-08,24,8,0
1258,2024-04-15,11,9,0
1258,2024-04-22,9,3,0
1258,2024-04-29,17,9,0
1258,2024-05-06,5,4,0
1258,2024-05-13,12,5,0
1258,2024-05-20,19,3,0
1258,2024-05-27,14,6,0
1258,2024-06-03,17,4,0
1258,2024-06-10,23,8,0
1258,2024-06-17,16,4,0
1258,2024-06-24,8,9,0
1258,2024-07-01,19,6,0
1258,2024-07-08,22,3,0
1258,2024-07-15,23,6,0
1258,2024-07-22,21,9,0
1258,2024-07-29,11,3,0
1258,2024-08-05,18,9,0
1258,2024-08-12,9,4,0
1258,2024-08-19,24,9,0
1258,2024-08-26,13,5,0
1258,2024-09-02,10,6,0
1258,2024-09-09,14,5,0
1258,2024-09-16,19,9,0
1258,2024-09-23,11,3,0
1258,2024-09-30,11,6,0
1258,2024-10-07,7,4,0
1258,2024-10-14,22,8,0
1258,2024-10-21,18,5,0
1258,2024-10-28,11,9,0
1258,2024-11-04,7,4,0
1258,2024-11-11,24,8,0
1258,2024-11-18,8,5,0
1258,2024-11-25,17,8,0
1258,2024-12-02,21,7,0
1258,2024-12-09,8,5,0
1258,2024-12-16,21,8,0
1258,2024-12-23,20,9,0
1258,2024-12-30,15,5,0
1259,2024-05-10,17,6,0
1259,2024-05-17,9,5,0
1259,2024-05-24,7,8,0
1259,2024-05-31,10,6,0
1259,2024-06-07,9,8,1
1259,2024-06-14,7,8,0
1259,2024-06-21,22,9,0
1259,2024-06-28,5,9,0
1259,2024-07-05,11,8,0
1259,2024-07-12,22,3,0
1259,2024-07-19,20,4,0
1259,2024-07-26,20,9,0
1259,2024-08-02,10,3,0
1259,2024-08-09,16,3,0
1259,2024-08-16,17,4,0
1259,2024-08-23,12,8,0
1259,2024-08-30,15,8,0
1259,2024-09-06,19,9,0
1259,2024-09-13,8,3,0
1259,2024-09-20,14,5,0
1259,2024-09-27,19,4,0
1259,2024-10-04,22,7,1
1259,2024-10-11,14,5,0
1259,2024-10-18,19,6,0
1259,2024-10-25,13,8,0
1259,2024-11-01,10,5,0
1259,2024-11-08,21,5,0
1259,2024-11-15,18,3,0
1259,2024-11-22,5,3,1
1259,2024-11-29,22,4,0
1259,2024-12-06,21,5,0
1259,2024-12-13,6,4,0
1259,2024-12-20,13,8,0
1259,2024-12-27,10,4,0
1263,2025-01-12,13,9,0
1263,2025-01-19,9,7,0
1263,2025-01-26,24,3,0
1263,2025-02-02,23,6,0
1263,2025-02-09,16,5,0
1263,2025-02-16,14,9,0
1263,2025-02-23,6,7,1
1263,2025-03-02,22,9,0
1263,2025-03-09,6,6,0
1263,2025-03-16,18,4,0
1263,2025-03-23,17,3,0
1263,2025-03-30,6,4,0
1263,2025-04-06,9,6,0
1263,2025-04-13,7,6,0
1263,2025-04-20,22,7,0
1263,2025-04-27,14,3,0
1263,2025-05-04,6,9,0
1263,2025-05-11,22,7,0
1263,2025-05-18,17,4,0
1263,2025-05-25,0,2,2
1263,2025-06-01,2,1,1
1263,2025-06-08,0,1,0
1263,2025-06-15,0,2,0
1264,2024-12-13,19,4,0
1264,2024-12-20,11,3,0
1264,2024-12-27,17,6,0
1265,2024-03-18,5,9,1
1265,2024-03-25,20,4,0
1265,2024-04-01,19,8,1
1265,2024-04-08,8,7,0
1265,2024-04-15,15,7,0
1265,2024-04-22,12,9,0
1265,2024-04-29,7,3,0
1265,2024-05-06,19,6,0
1265,2024-05-13,9,9,1
1265,2024-05-20,6,5,1
1265,2024-05-27,1,2,0
1265,2024-06-03,0,2,0
1265,2024-06-10,2,2,0
1265,2024-06-17,0,2,1
1266,2024-04-01,16,3,0
1266,2024-04-08,16,3,0
1266,2024-04-15,20,8,0
1266,2024-04-22,17,3,0
1266,2024-04-29,18,5,0
1266,2024-05-06,7,3,0
1266,2024-05-13,19,5,0
1266,2024-05-20,8,3,0
1266,2024-05-27,12,9,0
1266,2024-06-03,8,8,0
1266,2024-06-10,23,5,0
1266,2024-06-17,8,5,0
1266,2024-06-24,11,8,0
1266,2024-07-01,20,6,0
1266,2024-07-08,6,7,0
1266,2024-07-15,24,6,0
1266,2024-07-22,24,8,0
1266,2024-07-29,20,9,0
1266,2024-08-05,17,7,0
1266,2024-08-12,12,9,0
1266,2024-08-19,11,9,0
1266,2024-08-26,22,8,0
1266,2024-09-02,18,4,0
1266,2024-09-09,11,9,0
1266,2024-09-16,18,4,0
1266,2024-09-23,12,4,0
1266,2024-09-30,10,9,0
1266,2024-10-07,20,9,0
1266,2024-10-14,24,9,0
1266,2024-10-21,12,9,0
1266,2024-10-28,19,7,0
1266,2024-11-04,19,4,0
1266,2024-11-11,12,8,0
1266,2024-11-18,10,8,0
1266,2024-11-25,5,3,0
1266,2024-12-02,17,3,0
1266,2024-12-09,8,9,0
1266,2024-12-16,24,5,0
1266,2024-12-23,12,6,0
1266,2024-12-30,16,5,0
1267,2024-05-27,19,3,0
1267,2024-06-03,24,4,0
1267,2024-06-10,8,7,0
1267,2024-06-17,18,5,0
1267,2024-06-24,5,3,1
1267,2024-07-01,5,8,0
1267,2024-07-08,19,5,0
1267,2024-07-15,13,3,0
1267,2024-07-22,17,5,0
1267,2024-07-29,15,6,0
1267,2024-08-05,15,5,1
1267,2024-08-12,17,7,0
1267,2024-08-19,11,5,0
1267,2024-08-26,16,6,0
1267,2024-09-02,9,8,0
1267,2024-09-09,15,6,0
1267,2024-09-16,22,6,0
1267,2024-09-23,9,9,0
1267,2024-09-30,6,8,0
1267,2024-10-07,8,8,0
1267,2024-10-14,14,9,0
1267,2024-10-21,19,9,0
1267,2024-10-28,7,3,0
1267,2024-11-04,11,7,0
1267,2024-11-11,20,7,0
1267,2024-11-18,14,7,0
1267,2024-11-25,18,4,0
1267,2024-12-02,5,7,0
1267,2024-12-09,24,6,0
1267,2024-12-16,12,5,0
1267,2024-12-23,16,7,0
1267,2024-12-30,20,7,0
1268,2024-05-22,18,5,0
1268,2024-05-29,7,6,0
1268,2024-06-05,14,6,0
1268,2024-06-12,6,6,1
1268,2024-06-19,9,5,0
1268,2024-06-26,8,5,0
1268,2024-07-03,16,9,0
1268,2024-07-10,21,7,0
1268,2024-07-17,21,4,0
1268,2024-07-24,8,5,0
1268,2024-07-31,16,4,0
1268,2024-08-07,9,6,0
1268,2024-08-14,13,6,0
1268,2024-08-21,12,9,0
1268,2024-08-28,12,8,0
1268,2024-09-04,10,5,0
1268,2024-09-11,11,6,1
1268,2024-09-18,9,5,0
1268,2024-09-25,6,7,0
1268,2024-10-02,11,8,0
1268,2024-10-09,11,4,1
1268,2024-10-16,24,9,0
1268,2024-10-23,5,9,0
1268,2024-10-30,12,3,0
1268,2024-11-06,14,4,0
1268,2024-11-13,23,7,1
1268,2024-11-20,19,4,0
1268,2024-11-27,13,3,0
1268,2024-12-04,15,7,0
1268,2024-12-11,18,8,0
1268,2024-12-18,22,9,0
1268,2024-12-25,16,5,0
1268,2025-01-01,18,6,0
1268,2025-01-08,15,8,0
1268,2025-01-15,5,8,0
1268,2025-01-22,16,9,0
1268,2025-01-29,10,5,0
1268,2025-02-05,7,8,0
1268,2025-02-12,6,9,0
1268,2025-02-19,11,5,0
1268,2025-02-26,7,8,0
1268,2025-03-05,8,3,1
1268,2025-03-12,14,7,0
1268,2025-03-19,12,4,0
1268,2025-03-26,14,6,0
1268,2025-04-02,18,5,0
1268,2025-04-09,8,4,0
1268,2025-04-16,9,5,0
1268,2025-04-23,13,5,1
1268,2025-04-30,22,5,0
1268,2025-05-07,1,2,1
1268,2025-05-14,0,2,0
1268,2025-05-21,2,2,0
1268,2025-05-28,2,1,0
1268,2025-06-04,1,2,0
1271,2024-11-23,17,8,0
1271,2024-11-30,11,3,0
1271,2024-12-07,22,4,0
1271,2024-12-14,23,3,0
1271,2024-12-21,14,7,0
1271,2024-12-28,13,8,0
1273,2024-10-24,14,9,0
1273,2024-10-31,23,7,0
1273,2024-11-07,14,3,0
1273,2024-11-14,22,6,0
1273,2024-11-21,18,4,0
1273,2024-11-28,6,6,0
1273,2024-12-05,23,7,1
1273,2024-12-12,24,8,0
1273,2024-12-19,11,8,0
1273,2024-12-26,22,7,0
1273,2025-01-02,12,5,0
1273,2025-01-09,18,5,0
1273,2025-01-16,15,8,0
1273,2025-01-23,5,5,0
1273,2025-01-30,22,5,0
1273,2025-02-06,15,7,0
1273,2025-02-13,6,8,0
1273,2025-02-20,14,4,0
1273,2025-02-27,10,5,0
1273,2025-03-06,14,7,0
1273,2025-03-13,7,3,0
1273,2025-03-20,14,6,0
1273,2025-03-27,5,5,0
1273,2025-04-03,21,3,0
1273,2025-04-10,10,3,0
1273,2025-04-17,11,9,0
1273,2025-04-24,1,1,0
1273,2025-05-01,2,2,0
1273,2025-05-08,1,2,0
1273,2025-05-15,1,2,1
1275,2024-11-05,7,8,0
1275,2024-11-12,8,7,0
1275,2024-11-19,9,6,0
1275,2024-11-26,10,4,0
1275,2024-12-03,20,3,0
1275,2024-12-10,17,6,0
1275,2024-12-17,5,9,0
1275,2024-12-24,23,7,0
1275,2024-12-31,21,5,0
1276,2025-02-13,5,9,0
1276,2025-02-20,9,9,0
1276,2025-02-27,10,3,0
1276,2025-03-06,17,6,0
1276,2025-03-13,0,1,0
1276,2025-03-20,0,2,2
1276,2025-03-27,0,1,0
1276,2025-04-03,0,2,1
1277,2025-06-23,2,1,2
1277,2025-06-30,2,2,1
1278,2025-04-23,21,9,0
1278,2025-04-30,7,5,1
1278,2025-05-07,0,2,0
1278,2025-05-14,1,2,1
1278,2025-05-21,0,2,0
1278,2025-05-28,1,1,0
1278,2025-06-04,1,1,0
1279,2024-09-09,7,3,0
1279,2024-09-16,12,6,0
1279,2024-09-23,21,3,0
1279,2024-09-30,16,7,1
1279,2024-10-07,8,7,0
1279,2024-10-14,15,6,0
1279,2024-10-21,18,8,0
1279,2024-10-28,6,6,0
1279,2024-11-04,8,8,0
1279,2024-11-11,13,6,0
1279,2024-11-18,10,3,0
1279,2024-11-25,5,5,1
1279,2024-12-02,7,3,0
1279,2024-12-09,17,8,0
1279,2024-12-16,20,8,0
1279,2024-12-23,18,6,0
1279,2024-12-30,16,3,1
1281,2024-06-22,19,4,0
1281,2024-06-29,24,6,0
1281,2024-07-06,5,3,0
1281,2024-07-13,19,4,0
1281,2024-07-20,13,7,1
1281,2024-07-27,15,8,0
1281,2024-08-03,5,9,0
1281,2024-08-10,15,9,0
1281,2024-08-17,6,9,0
1281,2024-08-24,24,8,1
1281,2024-08-31,16,6,0
1281,2024-09-07,10,3,0
1281,2024-09-14,18,5,0
1281,2024-09-21,14,4,0
1281,2024-09-28,14,4,0
1281,2024-10-05,19,3,0
1281,2024-10-12,23,5,1
1281,2024-10-19,9,5,0
1281,2024-10-26,19,9,0
1281,2024-11-02,16,4,0
1281,2024-11-09,13,6,0
1281,2024-11-16,12,8,0
1281,2024-11-23,18,8,0
1281,2024-11-30,20,9,0
1281,2024-12-07,14,7,1
1281,2024-12-14,22,3,1
1281,2024-12-21,6,8,0
1281,2024-12-28,12,6,0
1282,2024-03-24,23,9,1
1282,2024-03-31,5,6,0
1282,2024-04-07,16,3,0
1282,2024-04-14,5,9,0
1282,2024-04-21,6,9,0
1282,2024-04-28,17,3,0
1282,2024-05-05,23,3,0
1282,2024-05-12,22,3,0
1282,2024-05-19,9,3,0
1282,2024-05-26,22,9,1
1282,2024-06-02,23,8,0
1282,2024-06-09,6,9,0
1282,2024-06-16,6,5,0
1282,2024-06-23,14,3,0
1282,2024-06-30,15,3,0
1282,2024-07-07,24,9,0
1282,2024-07-14,19,4,0
1282,2024-07-21,13,3,0
1282,2024-07-28,12,5,0
1282,2024-08-04,7,7,0
1282,2024-08-11,20,3,0
1282,2024-08-18,24,5,0
1282,2024-08-25,20,9,0
1282,2024-09-01,14,3,0
1282,2024-09-08,10,4,0
1282,2024-09-15,21,6,0
1282,2024-09-22,8,6,0
1282,2024-09-29,5,4,1
1282,2024-10-06,21,3,0
1282,2024-10-13,13,9,0
1282,2024-10-20,16,9,0
1282,2024-10-27,9,9,0
1282,2024-11-03,20,7,0
1282,2024-11-10,5,5,0
1282,2024-11-17,8,9,0
1282,2024-11-24,23,4,0
1282,2024-12-01,15,9,1
1282,2024-12-08,16,5,0
1282,2024-12-15,8,8,1
1282,2024-12-22,22,3,0
1282,2024-12-29,15,4,0
1282,2025-01-05,21,4,0
1282,2025-01-12,17,7,0
1282,2025-01-19,10,3,0
1282,2025-01-26,5,9,0
1282,2025-02-02,15,9,0
1282,2025-02-09,24,7,0
1282,2025-02-16,19,6,1
1282,2025-02-23,19,6,0
1282,2025-03-02,22,8,0
1282,2025-03-09,6,6,0
1282,2025-03-16,17,3,0
1282,2025-03-23,13,4,0
1282,2025-03-30,19,6,0
1282,2025-04-06,22,6,0
1282,2025-04-13,19,8,0
1282,2025-04-20,22,5,0
1282,2025-04-27,5,9,0
1282,2025-05-04,18,5,1
1282,2025-05-11,9,5,1
1282,2025-05-18,7,8,0
1282,2025-05-25,5,5,0
1282,2025-06-01,2,1,0
1282,2025-06-08,0,1,1
1282,2025-06-15,0,1,0
1282,2025-06-22,0,1,0
1283,2024-05-10,12,9,0
1283,2024-05-17,11,8,0
1283,2024-05-24,6,6,0
1283,2024-05-31,7,8,0
1283,2024-06-07,7,4,0
1283,2024-06-14,9,4,0
1283,2024-06-21,24,8,0
1283,2024-06-28,24,4,0
1283,2024-07-05,18,6,0
1283,2024-07-12,15,5,0
1283,2024-07-19,16,7,0
1283,2024-07-26,20,9,0
1283,2024-08-02,15,7,0
1283,2024-08-09,23,4,0
1283,2024-08-16,9,3,0
1283,2024-08-23,11,5,0
1283,2024-08-30,20,4,0
1283,2024-09-06,8,3,0
1283,2024-09-13,19,8,0
1283,2024-09-20,9,6,0
1283,2024-09-27,22,6,0
1283,2024-10-04,19,8,0
1283,2024-10-11,8,7,0
1283,2024-10-18,14,5,0
1283,2024-10-25,17,6,0
1283,2024-11-01,12,9,0
1283,2024-11-08,24,6,0
1283,2024-11-15,9,8,1
1283,2024-11-22,10,8,0
1283,2024-11-29,17,7,0
1283,2024-12-06,17,9,0
1283,2024-12-13,12,6,0
1283,2024-12-20,23,9,0
1283,2024-12-27,19,4,0
1286,2024-08-23,15,7,0
1286,2024-08-30,15,5,0
1286,2024-09-06,6,8,0
1286,2024-09-13,5,5,0
1286,2024-09-20,18,6,0
1286,2024-09-27,9,3,0
1286,2024-10-04,18,8,1
1286,2024-10-11,21,5,0
1286,2024-10-18,13,5,0
1286,2024-10-25,23,4,0
1286,2024-11-01,9,3,0
1286,2024-11-08,24,8,0
1286,2024-11-15,9,8,0
1286,2024-11-22,17,5,0
1286,2024-11-29,23,4,0
1286,2024-12-06,22,4,0
1286,2024-12-13,11,8,0
1286,2024-12-20,5,5,0
1286,2024-12-27,10,6,0
1287,2025-02-23,14,3,0
1287,2025-03-02,21,3,0
1287,2025-03-09,18,8,0
1287,2025-03-16,15,5,0
1287,2025-03-23,12,8,0
1287,2025-03-30,1,1,1
1287,2025-04-06,1,1,0
1287,2025-04-13,2,2,1
1287,2025-04-20,1,2,0
1288,2024-09-22,7,6,0
1288,2024-09-29,13,8,1
1288,2024-10-06,13,7,0
1288,2024-10-13,12,4,0
1288,2024-10-20,17,6,0
1288,2024-10-27,16,7,0
1288,2024-11-03,11,7,0
1288,2024-11-10,14,4,0
1288,2024-11-17,12,7,0
1288,2024-11-24,17,9,0
1288,2024-12-01,22,4,0
1288,2024-12-08,12,4,0
1288,2024-12-15,5,6,0
1288,2024-12-22,7,6,0
1288,2024-12-29,17,9,0
1289,2024-08-02,24,4,0
1289,2024-08-09,18,9,0
1289,2024-08-16,15,7,1
1289,2024-08-23,10,7,0
1289,2024-08-30,14,3,0
1289,2024-09-06,6,9,0
1289,2024-09-13,9,6,0
1289,2024-09-20,16,5,0
1289,2024-09-27,18,7,0
1289,2024-10-04,18,7,0
1289,2024-10-11,19,9,0
1289,2024-10-18,10,9,0
1289,2024-10-25,18,9,0
1289,2024-11-01,23,8,0
1289,2024-11-08,10,6,0
1289,2024-11-15,6,6,0
1289,2024-11-22,17,6,0
1289,2024-11-29,23,5,0
1289,2024-12-06,15,4,0
1289,2024-12-13,14,8,0
1289,2024-12-20,15,4,0
1289,2024-12-27,18,8,0
1290,2024-09-06,11,4,0
1290,2024-09-13,14,8,0
1290,2024-09-20,23,7,0
1290,2024-09-27,19,4,0
1290,2024-10-04,13,7,1
1290,2024-10-11,20,3,0
1290,2024-10-18,7,7,0
1290,2024-10-25,22,3,0
1290,2024-11-01,6,5,0
1290,2024-11-08,6,3,0
1290,2024-11-15,23,4,0
1290,2024-11-22,7,7,0
1290,2024-11-29,11,8,0
1290,2024-12-06,5,4,0
1290,2024-12-13,18,4,0
1290,2024-12-20,12,8,0
1290,2024-12-27,8,3,0
1291,2024-07-13,19,3,0
1291,2024-07-20,9,7,0
1291,2024-07-27,24,8,0
1291,2024-08-03,1,2,0
1291,2024-08-10,2,1,0
1291,2024-08-17,0,2,1
1291,2024-08-24,2,2,0
1291,2024-08-31,2,1,0
1292,2024-04-02,15,9,0
1292,2024-04-09,7,7,0
1292,2024-04-16,15,7,0
1292,2024-04-23,14,7,0
1292,2024-04-30,19,7,0
1292,2024-05-07,8,7,0
1292,2024-05-14,19,3,0
1292,2024-05-21,18,5,0
1292,2024-05-28,6,8,1
1292,2024-06-04,10,7,0
1292,2024-06-11,11,3,0
1292,2024-06-18,5,7,0
1292,2024-06-25,11,6,0
1292,2024-07-02,0,1,0
1292,2024-07-09,0,2,0
1292,2024-07-16,1,1,0
1292,2024-07-23,0,2,0
1294,2024-03-25,10,7,0
1294,2024-04-01,22,9,0
1294,2024-04-08,21,7,0
1294,2024-04-15,8,9,0
1294,2024-04-22,19,6,0
1294,2024-04-29,14,8,0
1294,2024-05-06,20,3,0
1294,2024-05-13,16,3,1
1294,2024-05-20,18,4,0
1294,2024-05-27,24,8,0
1294,2024-06-03,16,7,0
1294,2024-06-10,17,9,0
1294,2024-06-17,24,5,0
1294,2024-06-24,18,4,1
1294,2024-07-01,14,3,0
1294,2024-07-08,13,6,0
1294,2024-07-15,20,3,1
1294,2024-07-22,11,7,0
1294,2024-07-29,16,8,0
1294,2024-08-05,19,9,0
1294,2024-08-12,7,5,0
1294,2024-08-19,10,9,0
1294,2024-08-26,21,9,0
1294,2024-09-02,23,5,0
1294,2024-09-09,24,7,0
1294,2024-09-16,7,9,0
1294,2024-09-23,18,5,0
1294,2024-09-30,5,3,0
1294,2024-10-07,16,5,0
1294,2024-10-14,5,6,0
1294,2024-10-21,19,4,0
1294,2024-10-28,8,4,0
1294,2024-11-04,19,6,1
1294,2024-11-11,21,4,0
1294,2024-11-18,13,9,0
1294,2024-11-25,23,3,0
1294,2024-12-02,14,4,0
1294,2024-12-09,10,6,0
1294,2024-12-16,24,4,0
1294,2024-12-23,7,9,0
1294,2024-12-30,9,9,0
1294,2025-01-06,19,4,0
1294,2025-01-13,16,9,0
1294,2025-01-20,14,3,0
1294,2025-01-27,12,8,0
1294,2025-02-03,20,6,0
1294,2025-02-10,20,4,0
1294,2025-02-17,7,5,0
1294,2025-02-24,23,5,0
1294,2025-03-03,19,7,0
1294,2025-03-10,9,8,1
1294,2025-03-17,16,6,0
1294,2025-03-24,24,9,0
1294,2025-03-31,21,3,0
1294,2025-04-07,22,5,0
1294,2025-04-14,9,8,0
1294,2025-04-21,12,7,1
1294,2025-04-28,0,1,1
1294,2025-05-05,0,2,0
1294,2025-05-12,0,1,0
1294,2025-05-19,0,1,0
1294,2025-05-26,0,2,0
1297,2024-01-09,16,6,0
1297,2024-01-16,11,4,0
1297,2024-01-23,21,4,0
1297,2024-01-30,10,3,0
1297,2024-02-06,12,7,0
1297,2024-02-13,18,4,0
1297,2024-02-20,7,8,0
1297,2024-02-27,19,3,0
1297,2024-03-05,18,6,0
1297,2024-03-12,10,8,0
1297,2024-03-19,8,5,0
1297,2024-03-26,6,5,0
1297,2024-04-02,12,8,0
1297,2024-04-09,10,9,1
1297,2024-04-16,19,6,0
1297,2024-04-23,14,8,0
1297,2024-04-30,18,5,1
1297,2024-05-07,5,4,0
1297,2024-05-14,14,6,1
1297,2024-05-21,13,9,0
1297,2024-05-28,7,6,0
1297,2024-06-04,20,5,1
1297,2024-06-11,14,3,0
1297,2024-06-18,7,6,0
1297,2024-06-25,16,7,0
1297,2024-07-02,18,5,1
1297,2024-07-09,24,7,0
1297,2024-07-16,14,4,1
1297,2024-07-23,18,6,0
1297,2024-07-30,16,4,0
1297,2024-08-06,6,9,0
1297,2024-08-13,14,7,0
1297,2024-08-20,10,9,0
1297,2024-08-27,11,3,0
1297,2024-09-03,9,6,0
1297,2024-09-10,5,6,0
1297,2024-09-17,24,3,1
1297,2024-09-24,12,7,1
1297,2024-10-01,5,9,0
1297,2024-10-08,10,4,0
1297,2024-10-15,12,5,0
1297,2024-10-22,23,6,0
1297,2024-10-29,11,5,0
1297,2024-11-05,13,8,0
1297,2024-11-12,17,6,0
1297,2024-11-19,13,4,0
1297,2024-11-26,19,9,0
1297,2024-12-03,12,7,0
1297,2024-12-10,21,4,0
1297,2024-12-17,8,7,0
1297,2024-12-24,6,4,0
1297,2024-12-31,12,6,0
1298,2024-12-24,23,4,0
1298,2024-12-31,19,8,0
1300,2024-02-14,18,5,0
1300,2024-02-21,10,3,0
1300,2024-02-28,18,8,1
1300,2024-03-06,7,7,0
1300,2024-03-13,6,3,0
1300,2024-03-20,20,7,0
1300,2024-03-27,8,4,0
1300,2024-04-03,19,3,0
1300,2024-04-10,14,3,0
1300,2024-04-17,7,5,1
1300,2024-04-24,17,3,0
1300,2024-05-01,7,8,0
1300,2024-05-08,20,4,0
1300,2024-05-15,13,8,0
1300,2024-05-22,12,9,0
1300,2024-05-29,11,4,0
1300,2024-06-05,19,3,0
1300,2024-06-12,11,6,0
1300,2024-06-19,22,9,1
1300,2024-06-26,12,8,0
1300,2024-07-03,9,9,0
1300,2024-07-10,8,8,0
1300,2024-07-17,23,5,0
1300,2024-07-24,11,7,0
1300,2024-07-31,11,8,0
1300,2024-08-07,24,8,0
1300,2024-08-14,20,3,1
1300,2024-08-21,7,6,0
1300,2024-08-28,21,9,0
1300,2024-09-04,22,5,0
1300,2024-09-11,10,6,0
1300,2024-09-18,20,8,0
1300,2024-09-25,11,5,0
1300,2024-10-02,17,9,0
1300,2024-10-09,6,6,0
1300,2024-10-16,22,8,0
1300,2024-10-23,17,5,0
1300,2024-10-30,9,5,0
1300,2024-11-06,17,7,0
1300,2024-11-13,10,8,0
1300,2024-11-20,21,4,1
1300,2024-11-27,9,7,0
1300,2024-12-04,21,5,0
1300,2024-12-11,18,9,0
1300,2024-12-18,15,3,0
1300,2024-12-25,19,6,0
1300,2025-01-01,5,3,0
1302,2025-01-01,19,4,0
1303,2024-12-07,7,7,0
1303,2024-12-14,21,6,0
1303,2024-12-21,5,9,0
1303,2024-12-28,11,5,0
1305,2024-04-12,15,9,1
1305,2024-04-19,24,4,0
1305,2024-04-26,13,3,0
1305,2024-05-03,14,8,0
1305,2024-05-10,24,3,0
1305,2024-05-17,6,9,0
1305,2024-05-24,12,4,0
1305,2024-05-31,14,3,0
1305,2024-06-07,23,3,0
1305,2024-06-14,7,4,0
1305,2024-06-21,24,8,0
1305,2024-06-28,14,4,0
1305,2024-07-05,14,4,1
1305,2024-07-12,21,3,0
1305,2024-07-19,22,6,1
1305,2024-07-26,13,7,0
1305,2024-08-02,18,8,0
1305,2024-08-09,12,7,0
1305,2024-08-16,20,3,0
1305,2024-08-23,11,6,0
1305,2024-08-30,15,9,0
1305,2024-09-06,16,9,0
1305,2024-09-13,10,4,0
1305,2024-09-20,24,3,0
1305,2024-09-27,23,5,0
1305,2024-10-04,8,9,0
1305,2024-10-11,7,5,0
1305,2024-10-18,14,6,1
1305,2024-10-25,22,3,0
1305,2024-11-01,7,9,1
1305,2024-11-08,22,6,0
1305,2024-11-15,10,5,0
1305,2024-11-22,24,7,0
1305,2024-11-29,17,8,0
1305,2024-12-06,17,9,0
1305,2024-12-13,6,4,1
1305,2024-12-20,7,9,0
1305,2024-12-27,13,7,1
1308,2024-05-18,20,4,0
1308,2024-05-25,10,8,0
1308,2024-06-01,20,9,0
1308,2024-06-08,8,6,0
1308,2024-06-15,15,8,0
1308,2024-06-22,20,7,0
1308,2024-06-29,23,4,0
1308,2024-07-06,17,4,0
1308,2024-07-13,14,3,0
1308,2024-07-20,8,4,0
1308,2024-07-27,7,5,0
1308,2024-08-03,22,8,0
1308,2024-08-10,17,9,0
1308,2024-08-17,14,3,0
1308,2024-08-24,17,7,1
1308,2024-08-31,10,7,0
1308,2024-09-07,13,8,0
1308,2024-09-14,13,6,0
1308,2024-09-21,7,7,0
1308,2024-09-28,21,6,0
1308,2024-10-05,6,7,1
1308,2024-10-12,24,3,0
1308,2024-10-19,24,7,1
1308,2024-10-26,15,4,0
1308,2024-11-02,9,7,0
1308,2024-11-09,6,6,0
1308,2024-11-16,17,7,0
1308,2024-11-23,12,7,0
1308,2024-11-30,8,4,0
1308,2024-12-07,22,3,0
1308,2024-12-14,19,3,0
1308,2024-12-21,6,8,0
1308,2024-12-28,9,3,0
1308,2025-01-04,22,4,0
1308,2025-01-11,16,3,0
1308,2025-01-18,24,6,0
1308,2025-01-25,6,4,0
1308,2025-02-01,11,8,0
1308,2025-02-08,16,7,0
1308,2025-02-15,13,4,0
1308,2025-02-22,12,9,0
1308,2025-03-01,16,9,0
1308,2025-03-08,2,1,0
1308,2025-03-15,0,2,1
1308,2025-03-22,2,2,0
1308,2025-03-29,0,2,0
1309,2024-08-28,18,6,0
1309,2024-09-04,5,7,1
1309,2024-09-11,6,3,0
1309,2024-09-18,9,4,0
1309,2024-09-25,19,7,0
1309,2024-10-02,6,5,0
1309,2024-10-09,2,2,1
1309,2024-10-16,0,2,1
1309,2024-10-23,2,2,0
1309,2024-10-30,1,2,2
1310,2024-08-05,17,7,0
1310,2024-08-12,18,3,0
1310,2024-08-19,12,4,0
1310,2024-08-26,13,7,0
1310,2024-09-02,14,7,1
1310,2024-09-09,10,8,0
1310,2024-09-16,11,7,0
1310,2024-09-23,19,4,0
1310,2024-09-30,16,9,0
1310,2024-10-07,11,5,0
1310,2024-10-14,19,4,0
1310,2024-10-21,15,6,0
1310,2024-10-28,12,5,0
1310,2024-11-04,7,9,0
1310,2024-11-11,19,3,0
1310,2024-11-18,16,6,0
1310,2024-11-25,18,5,0
1310,2024-12-02,11,4,0
1310,2024-12-09,8,4,0
1310,2024-12-16,7,8,0
1310,2024-12-23,20,5,0
1310,2024-12-30,18,5,0
1311,2024-09-07,16,8,0
1311,2024-09-14,18,5,0
1311,2024-09-21,23,3,0
1311,2024-09-28,9,4,0
1311,2024-10-05,11,3,0
1311,2024-10-12,21,6,0
1311,2024-10-19,12,7,1
1311,2024-10-26,7,4,0
1311,2024-11-02,13,5,0
1311,2024-11-09,6,8,1
1311,2024-11-16,6,8,0
1311,2024-11-23,11,6,0
1311,2024-11-30,8,5,0
1311,2024-12-07,24,7,0
1311,2024-12-14,6,5,1
1311,2024-12-21,8,9,1
1311,2024-12-28,14,8,1
1312,2024-11-23,17,3,0
1312,2024-11-30,23,4,0
1312,2024-12-07,23,6,1
1312,2024-12-14,8,3,0
1312,2024-12-21,14,7,0
1312,2024-12-28,9,3,0
1312,2025-01-04,19,7,0
1312,2025-01-11,22,4,0
1312,2025-01-18,22,4,1
1312,2025-01-25,15,6,0
1312,2025-02-01,5,5,0
1312,2025-02-08,6,7,0
1312,2025-02-15,22,3,0
1312,2025-02-22,0,1,0
1312,2025-03-01,0,1,0
1312,2025-03-08,1,2,0
1312,2025-03-15,1,2,0
1313,2024-02-01,16,5,0
1313,2024-02-08,21,4,0
1313,2024-02-15,24,8,0
1313,2024-02-22,20,5,0
1313,2024-02-29,23,5,0
1313,2024-03-07,16,5,0
1313,2024-03-14,6,6,0
1313,2024-03-21,24,7,0
1313,2024-03-28,6,6,0
1313,2024-04-04,22,4,0
1313,2024-04-11,6,3,0
1313,2024-04-18,15,5,0
1313,2024-04-25,16,5,0
1313,2024-05-02,5,3,0
1313,2024-05-09,10,5,0
1313,2024-05-16,14,5,0
1313,2024-05-23,5,3,1
1313,2024-05-30,23,9,0
1313,2024-06-06,17,9,0
1313,2024-06-13,6,5,0
1313,2024-06-20,20,7,0
1313,2024-06-27,22,7,1
1313,2024-07-04,16,3,0
1313,2024-07-11,21,7,0
1313,2024-07-18,11,3,0
1313,2024-07-25,14,6,0
1313,2024-08-01,11,9,0
1313,2024-08-08,12,6,1
1313,2024-08-15,13,5,0
1313,2024-08-22,20,9,0
1313,2024-08-29,24,7,0
1313,2024-09-05,14,5,0
1313,2024-09-12,9,5,0
1313,2024-09-19,19,8,0
1313,2024-09-26,15,6,0
1313,2024-10-03,6,6,0
1313,2024-10-10,6,3,0
1313,2024-10-17,20,7,0
1313,2024-10-24,17,3,0
1313,2024-10-31,20,9,0
1313,2024-11-07,15,9,0
1313,2024-11-14,17,6,0
1313,2024-11-21,14,4,0
1313,2024-11-28,6,4,0
1313,2024-12-05,9,7,0
1313,2024-12-12,11,3,0
1313,2024-12-19,21,4,1
1313,2024-12-26,18,4,0
1313,2025-01-02,17,8,0
1313,2025-01-09,6,5,0
1313,2025-01-16,6,5,0
1313,2025-01-23,17,7,0
1313,2025-01-30,1,2,0
1313,2025-02-06,2,2,1
1313,2025-02-13,0,1,0
1313,2025-02-20,1,1,0
1314,2024-04-10,14,4,0
1314,2024-04-17,10,8,0
1314,2024-04-24,9,9,0
1314,2024-05-01,15,7,0
1314,2024-05-08,15,5,0
1314,2024-05-15,12,9,0
1314,2024-05-22,19,9,1
1314,2024-05-29,19,8,0
1314,2024-06-05,18,9,0
1314,2024-06-12,17,3,0
1314,2024-06-19,10,5,0
1314,2024-06-26,22,5,0
1314,2024-07-03,21,7,0
1314,2024-07-10,8,6,0
1314,2024-07-17,9,8,0
1314,2024-07-24,18,3,0
1314,2024-07-31,18,5,0
1314,2024-08-07,21,8,0
1314,2024-08-14,8,5,0
1314,2024-08-21,6,5,0
1314,2024-08-28,9,7,0
1314,2024-09-04,11,4,0
1314,2024-09-11,16,7,0
1314,2024-09-18,15,4,0
1314,2024-09-25,6,5,0
1314,2024-10-02,15,4,0
1314,2024-10-09,22,8,0
1314,2024-10-16,23,4,0
1314,2024-10-23,5,9,1
1314,2024-10-30,6,3,0
1314,2024-11-06,14,8,0
1314,2024-11-13,12,8,0
1314,2024-11-20,11,7,0
1314,2024-11-27,8,4,0
1314,2024-12-04,16,3,0
1314,2024-12-11,22,7,0
1314,2024-12-18,24,5,0
1314,2024-12-25,7,5,0
1314,2025-01-01,22,4,0
1315,2024-06-26,11,3,0
1315,2024-07-03,9,5,0
1315,2024-07-10,21,4,0
1315,2024-07-17,24,3,0
1315,2024-07-24,20,9,0
1315,2024-07-31,22,6,0
1315,2024-08-07,18,4,0
1315,2024-08-14,7,7,0
1315,2024-08-21,19,6,0
1315,2024-08-28,18,7,0
1315,2024-09-04,15,8,0
1315,2024-09-11,12,5,0
1315,2024-09-18,23,8,0
1315,2024-09-25,8,4,0
1315,2024-10-02,22,9,0
1315,2024-10-09,8,3,0
1315,2024-10-16,20,6,0
1315,2024-10-23,19,4,0
1315,2024-10-30,18,5,0
1315,2024-11-06,8,8,0
1315,2024-11-13,13,3,0
1315,2024-11-20,5,4,0
1315,2024-11-27,23,3,0
1315,2024-12-04,16,5,1
1315,2024-12-11,22,9,0
1315,2024-12-18,9,4,0
1315,2024-12-25,20,5,0
1315,2025-01-01,11,7,0
1316,2024-03-19,14,3,0
1316,2024-03-26,13,3,0
1316,2024-04-02,12,5,0
1316,2024-04-09,8,5,0
1316,2024-04-16,9,9,1
1316,2024-04-23,14,5,0
1316,2024-04-30,17,7,0
1316,2024-05-07,16,5,0
1316,2024-05-14,12,9,0
1316,2024-05-21,10,9,0
1316,2024-05-28,24,3,1
1316,2024-06-04,15,8,0
1316,2024-06-11,23,6,0
1316,2024-06-18,12,7,0
1316,2024-06-25,20,6,0
1316,2024-07-02,13,4,0
1316,2024-07-09,18,4,0
1316,2024-07-16,20,6,0
1316,2024-07-23,5,5,0
1316,2024-07-30,20,4,1
1316,2024-08-06,19,3,0
1316,2024-08-13,22,7,0
1316,2024-08-20,12,5,1
1316,2024-08-27,23,4,0
1316,2024-09-03,17,9,0
1316,2024-09-10,21,5,0
1316,2024-09-17,10,6,0
1316,2024-09-24,20,9,0
1316,2024-10-01,15,4,0
1316,2024-10-08,22,7,0
1316,2024-10-15,20,9,0
1316,2024-10-22,10,8,0
1316,2024-10-29,20,3,0
1316,2024-11-05,10,3,0
1316,2024-11-12,23,5,0
1316,2024-11-19,8,3,0
1316,2024-11-26,9,5,1
1316,2024-12-03,5,7,0
1316,2024-12-10,22,8,0
1316,2024-12-17,11,4,0
1316,2024-12-24,21,5,0
1316,2024-12-31,5,7,0
1317,2024-11-15,12,3,1
1317,2024-11-22,23,7,0
1317,2024-11-29,14,9,0
1317,2024-12-06,24,3,1
1317,2024-12-13,24,6,0
1317,2024-12-20,14,6,0
1317,2024-12-27,10,5,0
1318,2024-09-28,22,6,0
1318,2024-10-05,6,9,0
1318,2024-10-12,13,5,0
1318,2024-10-19,19,3,0
1318,2024-10-26,18,9,0
1318,2024-11-02,23,7,0
1318,2024-11-09,6,9,0
1318,2024-11-16,23,9,0
1318,2024-11-23,18,3,0
1318,2024-11-30,7,7,0
1318,2024-12-07,23,9,0
1318,2024-12-14,7,6,1
1318,2024-12-21,14,6,1
1318,2024-12-28,7,5,0
1319,2024-03-09,12,4,0
1319,2024-03-16,17,3,0
1319,2024-03-23,22,7,1
1319,2024-03-30,14,3,0
1319,2024-04-06,13,4,0
1319,2024-04-13,18,5,0
1319,2024-04-20,6,8,0
1319,2024-04-27,9,7,0
1319,2024-05-04,10,6,0
1319,2024-05-11,14,9,0
1319,2024-05-18,7,6,0
1319,2024-05-25,7,7,0
1319,2024-06-01,14,8,0
1319,2024-06-08,20,3,0
1319,2024-06-15,9,5,0
1319,2024-06-22,6,7,0
1319,2024-06-29,14,7,0
1319,2024-07-06,13,8,0
1319,2024-07-13,8,7,0
1319,2024-07-20,21,9,0
1319,2024-07-27,19,3,0
1319,2024-08-03,17,3,0
1319,2024-08-10,9,8,0
1319,2024-08-17,21,4,0
1319,2024-08-24,22,6,0
1319,2024-08-31,24,9,0
1319,2024-09-07,22,5,0
1319,2024-09-14,5,8,0
1319,2024-09-21,16,9,0
1319,2024-09-28,22,3,0
1319,2024-10-05,24,3,0
1319,2024-10-12,23,4,0
1319,2024-10-19,12,3,0
1319,2024-10-26,19,5,0
1319,2024-11-02,14,6,0
1319,2024-11-09,17,6,0
1319,2024-11-16,5,7,1
1319,2024-11-23,21,4,0
1319,2024-11-30,12,6,0
1319,2024-12-07,15,6,0
1319,2024-12-14,12,3,0
1319,2024-12-21,6,8,0
1319,2024-12-28,6,6,0
1320,2024-07-10,14,5,0
1320,2024-07-17,9,4,0
1320,2024-07-24,15,5,0
1320,2024-07-31,15,6,0
1320,2024-08-07,10,3,0
1320,2024-08-14,17,8,0
1320,2024-08-21,15,7,0
1320,2024-08-28,5,5,0
1320,2024-09-04,7,7,0
1320,2024-09-11,8,9,1
1320,2024-09-18,11,4,0
1320,2024-09-25,19,7,0
1320,2024-10-02,21,8,0
1320,2024-10-09,18,3,0
1320,2024-10-16,17,8,0
1320,2024-10-23,20,8,0
1320,2024-10-30,8,5,0
1320,2024-11-06,22,8,0
1320,2024-11-13,13,5,0
1320,2024-11-20,20,5,0
1320,2024-11-27,19,4,0
1320,2024-12-04,23,3,0
1320,2024-12-11,13,9,0
1320,2024-12-18,13,5,0
1320,2024-12-25,6,4,0
1320,2025-01-01,21,9,0
1321,2024-08-10,6,5,0
1321,2024-08-17,21,4,0
1321,2024-08-24,15,3,0
1321,2024-08-31,20,7,0
1321,2024-09-07,16,6,1
1321,2024-09-14,10,5,1
1321,2024-09-21,19,7,0
1321,2024-09-28,11,3,1
1321,2024-10-05,8,5,1
1321,2024-10-12,14,8,0
1321,2024-10-19,8,5,0
1321,2024-10-26,8,7,0
1321,2024-11-02,11,3,0
1321,2024-11-09,8,5,0
1321,2024-11-16,15,5,0
1321,2024-11-23,8,8,0
1321,2024-11-30,17,7,0
1321,2024-12-07,21,6,0
1321,2024-12-14,18,6,0
1321,2024-12-21,18,5,1
1321,2024-12-28,22,5,0
1322,2024-05-28,13,6,0
1322,2024-06-04,19,5,0
1322,2024-06-11,7,5,0
1322,2024-06-18,15,7,0
1322,2024-06-25,21,9,0
1322,2024-07-02,11,3,0
1322,2024-07-09,6,4,0
1322,2024-07-16,10,5,0
1322,2024-07-23,9,4,0
1322,2024-07-30,13,5,0
1322,2024-08-06,8,4,0
1322,2024-08-13,17,9,0
1322,2024-08-20,19,6,0
1322,2024-08-27,13,5,0
1322,2024-09-03,8,4,0
1322,2024-09-10,11,4,1
1322,2024-09-17,7,9,0
1322,2024-09-24,16,5,0
1322,2024-10-01,16,6,0
1322,2024-10-08,14,4,0
1322,2024-10-15,11,9,1
1322,2024-10-22,8,3,0
1322,2024-10-29,15,9,0
1322,2024-11-05,23,3,0
1322,2024-11-12,17,7,0
1322,2024-11-19,5,3,0
1322,2024-11-26,18,5,0
1322,2024-12-03,15,4,0
1322,2024-12-10,8,6,0
1322,2024-12-17,5,3,0
1322,2024-12-24,6,4,0
1322,2024-12-31,19,3,1
1323,2024-04-22,13,6,0
1323,2024-04-29,19,9,0
1323,2024-05-06,5,8,0
1323,2024-05-13,20,4,0
1323,2024-05-20,7,3,0
1323,2024-05-27,23,8,0
1323,2024-06-03,22,4,0
1323,2024-06-10,17,5,0
1323,2024-06-17,14,9,0
1323,2024-06-24,16,3,0
1323,2024-07-01,20,4,0
1323,2024-07-08,12,9,0
1323,2024-07-15,24,5,0
1323,2024-07-22,14,7,0
1323,2024-07-29,18,7,0
1323,2024-08-05,8,9,1
1323,2024-08-12,21,7,0
1323,2024-08-19,22,7,0
1323,2024-08-26,5,9,0
1323,2024-09-02,18,9,0
1323,2024-09-09,24,8,0
1323,2024-09-16,19,8,0
1323,2024-09-23,20,5,1
1323,2024-09-30,5,6,0
1323,2024-10-07,24,4,0
1323,2024-10-14,19,7,0
1323,2024-10-21,19,4,0
1323,2024-10-28,15,5,0
1323,2024-11-04,5,5,1
1323,2024-11-11,16,6,0
1323,2024-11-18,23,9,0
1323,2024-11-25,21,6,1
1323,2024-12-02,19,3,0
1323,2024-12-09,7,9,1
1323,2024-12-16,9,5,0
1323,2024-12-23,11,8,1
1323,2024-12-30,17,4,0
1324,2024-07-11,24,7,0
1324,2024-07-18,21,5,0
1324,2024-07-25,11,7,0
1324,2024-08-01,20,3,1
1324,2024-08-08,13,3,0
1324,2024-08-15,7,8,0
1324,2024-08-22,24,9,0
1324,2024-08-29,24,3,0
1324,2024-09-05,16,7,1
1324,2024-09-12,11,6,0
1324,2024-09-19,21,3,0
1324,2024-09-26,6,8,0
1324,2024-10-03,15,7,0
1324,2024-10-10,12,3,0
1324,2024-10-17,18,9,0
1324,2024-10-24,16,3,0
1324,2024-10-31,20,7,0
1324,2024-11-07,13,7,0
1324,2024-11-14,23,4,0
1324,2024-11-21,18,9,0
1324,2024-11-28,18,4,0
1324,2024-12-05,16,6,0
1324,2024-12-12,10,6,0
1324,2024-12-19,12,4,0
1324,2024-12-26,16,9,0
1325,2024-10-08,13,4,0
1325,2024-10-15,23,9,0
1325,2024-10-22,15,3,0
1325,2024-10-29,23,7,0
1325,2024-11-05,14,7,0
1325,2024-11-12,7,4,0
1325,2024-11-19,11,5,1
1325,2024-11-26,21,7,0
1325,2024-12-03,19,9,0
1325,2024-12-10,24,4,0
1325,2024-12-17,24,8,0
1325,2024-12-24,12,4,0
1325,2024-12-31,22,5,0
1327,2024-12-15,9,9,0
1327,2024-12-22,9,5,0
1327,2024-12-29,18,3,0
1332,2025-01-21,14,6,0
1332,2025-01-28,7,4,0
1332,2025-02-04,6,9,0
1332,2025-02-11,21,4,0
1332,2025-02-18,19,6,0
1332,2025-02-25,9,5,1
1332,2025-03-04,5,3,0
1332,2025-03-11,12,7,0
1332,2025-03-18,1,2,0
1332,2025-03-25,2,1,0
1332,2025-04-01,0,2,2
1332,2025-04-08,2,2,2
1333,2024-10-30,5,5,0
1333,2024-11-06,12,3,0
1333,2024-11-13,11,5,1
1333,2024-11-20,19,3,0
1333,2024-11-27,10,3,0
1333,2024-12-04,24,4,0
1333,2024-12-11,5,5,0
1333,2024-12-18,9,6,0
1333,2024-12-25,9,6,0
1333,2025-01-01,13,7,0
1334,2024-08-13,24,7,0
1334,2024-08-20,15,5,0
1334,2024-08-27,11,3,0
1334,2024-09-03,5,5,0
1334,2024-09-10,6,3,0
1334,2024-09-17,9,8,0
1334,2024-09-24,9,9,0
1334,2024-10-01,18,8,0
1334,2024-10-08,10,4,0
1334,2024-10-15,9,6,0
1334,2024-10-22,10,5,0
1334,2024-10-29,5,4,0
1334,2024-11-05,16,4,0
1334,2024-11-12,16,8,0
1334,2024-11-19,10,3,0
1334,2024-11-26,14,9,0
1334,2024-12-03,13,8,0
1334,2024-12-10,22,6,0
1334,2024-12-17,13,3,0
1334,2024-12-24,18,6,0
1334,2024-12-31,10,9,0
1336,2024-11-21,12,9,0
1336,2024-11-28,17,5,0
1336,2024-12-05,17,8,0
1336,2024-12-12,15,9,0
1336,2024-12-19,8,3,0
1336,2024-12-26,18,4,0
1337,2024-08-20,10,4,0
1337,2024-08-27,15,7,1
1337,2024-09-03,15,5,0
1337,2024-09-10,24,4,0
1337,2024-09-17,5,7,0
1337,2024-09-24,12,5,0
1337,2024-10-01,20,3,0
1337,2024-10-08,20,9,0
1337,2024-10-15,11,4,0
1337,2024-10-22,6,6,0
1337,2024-10-29,24,6,0
1337,2024-11-05,16,7,0
1337,2024-11-12,7,6,0
1337,2024-11-19,0,2,0
1337,2024-11-26,1,1,0
1337,2024-12-03,0,1,0
1337,2024-12-10,0,1,0
1339,2024-02-27,10,6,0
1339,2024-03-05,17,7,0
1339,2024-03-12,17,9,0
1339,2024-03-19,18,5,0
1339,2024-03-26,21,7,0
1339,2024-04-02,6,5,0
1339,2024-04-09,14,8,0
1339,2024-04-16,9,9,0
1339,2024-04-23,20,8,0
1339,2024-04-30,20,9,0
1339,2024-05-07,16,7,0
1339,2024-05-14,20,5,0
1339,2024-05-21,16,9,1
1339,2024-05-28,13,3,1
1339,2024-06-04,24,7,0
1339,2024-06-11,14,4,0
1339,2024-06-18,5,6,0
1339,2024-06-25,6,4,0
1339,2024-07-02,8,7,0
1339,2024-07-09,14,4,0
1339,2024-07-16,19,4,0
1339,2024-07-23,5,9,0
1339,2024-07-30,15,4,0
1339,2024-08-06,15,4,0
1339,2024-08-13,11,9,0
1339,2024-08-20,8,5,0
1339,2024-08-27,11,5,0
1339,2024-09-03,11,6,0
1339,2024-09-10,19,7,0
1339,2024-09-17,8,9,0
1339,2024-09-24,18,4,0
1339,2024-10-01,18,3,0
1339,2024-10-08,9,3,0
1339,2024-10-15,24,3,0
1339,2024-10-22,16,5,1
1339,2024-10-29,15,7,0
1339,2024-11-05,12,7,0
1339,2024-11-12,18,7,1
1339,2024-11-19,15,4,0
1339,2024-11-26,9,9,1
1339,2024-12-03,20,4,0
1339,2024-12-10,9,7,0
1339,2024-12-17,14,9,1
1339,2024-12-24,22,7,0
1339,2024-12-31,13,4,0
1340,2024-09-30,11,8,0
1340,2024-10-07,22,8,0
1340,2024-10-14,21,3,0
1340,2024-10-21,14,4,0
1340,2024-10-28,12,9,0
1340,2024-11-04,23,9,0
1340,2024-11-11,12,5,0
1340,2024-11-18,21,6,0
1340,2024-11-25,8,8,0
1340,2024-12-02,20,4,0
1340,2024-12-09,17,9,0
1340,2024-12-16,24,8,1
1340,2024-12-23,11,5,0
1340,2024-12-30,20,9,0
1341,2024-08-21,18,6,0
1341,2024-08-28,18,3,0
1341,2024-09-04,11,6,0
1341,2024-09-11,18,3,0
1341,2024-09-18,21,5,1
1341,2024-09-25,17,4,1
1341,2024-10-02,9,3,0
1341,2024-10-09,12,5,0
1341,2024-10-16,16,8,0
1341,2024-10-23,21,8,0
1341,2024-10-30,13,7,0
1341,2024-11-06,24,9,0
1341,2024-11-13,8,7,0
1341,2024-11-20,11,9,1
1341,2024-11-27,9,8,0
1341,2024-12-04,20,6,0
1341,2024-12-11,17,3,0
1341,2024-12-18,9,7,0
1341,2024-12-25,24,8,0
1341,2025-01-01,23,9,0
1342,2024-11-30,12,7,0
1342,2024-12-07,12,4,0
1342,2024-12-14,8,6,0
1342,2024-12-21,16,7,0
1342,2024-12-28,8,8,0
1343,2024-04-28,13,7,1
1343,2024-05-05,6,4,0
1343,2024-05-12,11,9,0
1343,2024-05-19,24,8,0
1343,2024-05-26,7,5,0
1343,2024-06-02,7,9,0
1343,2024-06-09,24,9,0
1343,2024-06-16,6,3,0
1343,2024-06-23,17,7,0
1343,2024-06-30,19,5,0
1343,2024-07-07,22,7,0
1343,2024-07-14,23,8,0
1343,2024-07-21,9,8,0
1343,2024-07-28,21,5,0
1343,2024-08-04,17,7,0
1343,2024-08-11,22,5,0
1343,2024-08-18,22,3,0
1343,2024-08-25,23,9,0
1343,2024-09-01,12,3,0
1343,2024-09-08,11,3,0
1343,2024-09-15,24,6,1
1343,2024-09-22,16,3,0
1343,2024-09-29,8,6,0
1343,2024-10-06,19,4,0
1343,2024-10-13,16,5,0
1343,2024-10-20,13,8,0
1343,2024-10-27,16,3,0
1343,2024-11-03,20,6,0
1343,2024-11-10,22,7,0
1343,2024-11-17,10,6,0
1343,2024-11-24,8,3,0
1343,2024-12-01,12,4,0
1343,2024-12-08,5,6,0
1343,2024-12-15,24,8,0
1343,2024-12-22,19,9,0
1343,2024-12-29,6,6,0
1345,2024-08-15,21,6,0
1345,2024-08-22,17,6,0
1345,2024-08-29,19,7,0
1345,2024-09-05,18,6,0
1345,2024-09-12,18,4,0
1345,2024-09-19,20,5,0
1345,2024-09-26,18,8,0
1345,2024-10-03,17,5,1
1345,2024-10-10,8,7,0
1345,2024-10-17,20,6,0
1345,2024-10-24,19,3,1
1345,2024-10-31,20,8,0
1345,2024-11-07,5,3,0
1345,2024-11-14,9,4,0
1345,2024-11-21,16,6,0
1345,2024-11-28,8,9,0
1345,2024-12-05,10,9,0
1345,2024-12-12,23,8,0
1345,2024-12-19,18,4,0
1345,2024-12-26,19,5,0
1346,2024-03-22,13,7,0
1346,2024-03-29,7,7,0
1346,2024-04-05,24,3,0
1346,2024-04-12,21,7,0
1346,2024-04-19,6,4,0
1346,2024-04-26,9,7,0
1346,2024-05-03,19,8,0
1346,2024-05-10,15,6,0
1346,2024-05-17,16,3,0
1346,2024-05-24,9,9,0
1346,2024-05-31,5,5,0
1346,2024-06-07,2,1,0
1346,2024-06-14,1,1,1
1346,2024-06-21,2,2,0
1346,2024-06-28,1,2,0
1347,2024-11-13,17,7,1
1347,2024-11-20,15,9,0
1347,2024-11-27,7,5,0
1347,2024-12-04,5,7,0
1347,2024-12-11,23,5,1
1347,2024-12-18,10,6,0
1347,2024-12-25,5,5,0
1347,2025-01-01,21,9,1
1347,2025-01-08,18,9,0
1347,2025-01-15,5,4,0
1347,2025-01-22,10,6,0
1347,2025-01-29,19,4,0
1347,2025-02-05,14,5,1
1347,2025-02-12,9,7,0
1347,2025-02-19,8,4,0
1347,2025-02-26,10,3,0
1347,2025-03-05,5,3,0
1347,2025-03-12,6,9,0
1347,2025-03-19,21,4,0
1347,2025-03-26,1,1,0
1347,2025-04-02,2,2,0
1347,2025-04-09,2,1,0
1347,2025-04-16,2,2,0
1349,2024-05-01,18,5,0
1349,2024-05-08,22,6,0
1349,2024-05-15,7,9,0
1349,2024-05-22,5,4,0
1349,2024-05-29,23,9,0
1349,2024-06-05,22,4,0
1349,2024-06-12,5,4,0
1349,2024-06-19,5,3,0
1349,2024-06-26,16,8,1
1349,2024-07-03,18,9,0
1349,2024-07-10,22,3,0
1349,2024-07-17,12,6,0
1349,2024-07-24,24,8,0
1349,2024-07-31,20,6,0
1349,2024-08-07,22,9,0
1349,2024-08-14,7,8,0
1349,2024-08-21,19,5,0
1349,2024-08-28,9,9,0
1349,2024-09-04,19,9,0
1349,2024-09-11,7,4,0
1349,2024-09-18,7,7,0
1349,2024-09-25,8,3,0
1349,2024-10-02,10,8,0
1349,2024-10-09,7,6,0
1349,2024-10-16,9,4,0
1349,2024-10-23,13,8,0
1349,2024-10-30,14,8,0
1349,2024-11-06,18,8,0
1349,2024-11-13,21,6,0
1349,2024-11-20,7,9,0
1349,2024-11-27,12,9,0
1349,2024-12-04,18,8,1
1349,2024-12-11,23,4,0
1349,2024-12-18,19,5,0
1349,2024-12-25,15,4,0
1349,2025-01-01,16,9,0
1350,2024-11-16,20,5,0
1350,2024-11-23,21,7,0
1350,2024-11-30,22,4,0
1350,2024-12-07,10,3,0
1350,2024-12-14,21,7,0
1350,2024-12-21,16,3,0
1350,2024-12-28,5,3,0
1351,2024-09-01,17,9,0
1351,2024-09-08,17,4,0
1351,2024-09-15,7,7,0
1351,2024-09-22,23,6,0
1351,2024-09-29,10,5,0
1351,2024-10-06,8,6,0
1351,2024-10-13,11,4,0
1351,2024-10-20,20,5,0
1351,2024-10-27,19,9,0
1351,2024-11-03,17,6,0
1351,2024-11-10,16,4,0
1351,2024-11-17,6,9,0
1351,2024-11-24,22,9,0
1351,2024-12-01,7,9,0
1351,2024-12-08,15,8,0
1351,2024-12-15,7,8,0
1351,2024-12-22,17,6,0
1351,2024-12-29,12,8,0
1352,2024-02-21,11,5,0
1352,2024-02-28,8,7,0
1352,2024-03-06,23,5,0
1352,2024-03-13,16,7,1
1352,2024-03-20,24,5,0
1352,2024-03-27,18,4,0
1352,2024-04-03,8,4,0
1352,2024-04-10,16,8,0
1352,2024-04-17,13,9,0
1352,2024-04-24,16,6,0
1352,2024-05-01,18,8,0
1352,2024-05-08,23,9,0
1352,2024-05-15,24,5,1
1352,2024-05-22,12,4,1
1352,2024-05-29,17,3,0
1352,2024-06-05,20,7,0
1352,2024-06-12,23,4,0
1352,2024-06-19,5,9,0
1352,2024-06-26,11,9,0
1352,2024-07-03,20,3,0
1352,2024-07-10,24,5,0
1352,2024-07-17,17,3,0
1352,2024-07-24,18,4,0
1352,2024-07-31,19,5,1
1352,2024-08-07,7,6,0
1352,2024-08-14,24,6,0
1352,2024-08-21,20,9,0
1352,2024-08-28,18,8,0
1352,2024-09-04,23,8,0
1352,2024-09-11,7,8,0
1352,2024-09-18,6,3,0
1352,2024-09-25,21,6,0
1352,2024-10-02,2,1,2
1352,2024-10-09,1,2,1
1352,2024-10-16,2,1,0
1352,2024-10-23,1,2,1
1353,2024-07-29,5,7,0
1353,2024-08-05,13,3,0
1353,2024-08-12,8,3,0
1353,2024-08-19,19,6,0
1353,2024-08-26,24,8,1
1353,2024-09-02,19,9,0
1353,2024-09-09,20,6,0
1353,2024-09-16,5,7,0
1353,2024-09-23,9,6,0
1353,2024-09-30,6,4,0
1353,2024-10-07,6,7,0
1353,2024-10-14,7,9,0
1353,2024-10-21,14,3,0
1353,2024-10-28,8,5,0
1353,2024-11-04,18,5,0
1353,2024-11-11,11,3,0
1353,2024-11-18,21,6,0
1353,2024-11-25,22,3,0
1353,2024-12-02,11,8,0
1353,2024-12-09,13,4,0
1353,2024-12-16,6,3,1
1353,2024-12-23,5,9,0
1353,2024-12-30,6,8,0
1354,2024-07-05,20,3,0
1354,2024-07-12,16,9,0
1354,2024-07-19,10,5,0
1354,2024-07-26,14,8,1
1354,2024-08-02,19,9,0
1354,2024-08-09,14,5,0
1354,2024-08-16,19,3,0
1354,2024-08-23,17,4,1
1354,2024-08-30,10,8,0
1354,2024-09-06,14,3,0
1354,2024-09-13,8,3,0
1354,2024-09-20,5,5,0
1354,2024-09-27,6,9,0
1354,2024-10-04,18,5,0
1354,2024-10-11,7,4,0
1354,2024-10-18,19,7,0
1354,2024-10-25,5,4,0
1354,2024-11-01,22,5,0
1354,2024-11-08,15,3,0
1354,2024-11-15,20,3,1
1354,2024-11-22,21,5,0
1354,2024-11-29,12,7,0
1354,2024-12-06,21,7,0
1354,2024-12-13,14,4,1
1354,2024-12-20,17,5,0
1354,2024-12-27,13,7,0
1355,2024-12-04,7,3,0
1355,2024-12-11,18,4,0
1355,2024-12-18,5,4,0
1355,2024-12-25,15,8,0
1355,2025-01-01,11,9,0
1355,2025-01-08,19,8,0
1355,2025-01-15,23,5,0
1355,2025-01-22,8,8,0
1355,2025-01-29,22,4,0
1355,2025-02-05,0,2,0
1355,2025-02-12,2,2,1
1355,2025-02-19,2,2,0
1355,2025-02-26,1,2,0
1356,2024-12-28,21,5,0
1358,2024-06-16,17,3,0
1358,2024-06-23,12,3,0
1358,2024-06-30,23,3,0
1358,2024-07-07,18,8,0
1358,2024-07-14,10,6,0
1358,2024-07-21,13,4,0
1358,2024-07-28,7,4,0
1358,2024-08-04,14,3,0
1358,2024-08-11,5,8,0
1358,2024-08-18,22,3,0
1358,2024-08-25,14,7,0
1358,2024-09-01,12,3,0
1358,2024-09-08,16,9,0
1358,2024-09-15,17,4,0
1358,2024-09-22,22,3,0
1358,2024-09-29,9,6,0
1358,2024-10-06,10,6,0
1358,2024-10-13,21,4,0
1358,2024-10-20,10,6,0
1358,2024-10-27,17,3,0
1358,2024-11-03,12,3,0
1358,2024-11-10,6,4,0
1358,2024-11-17,22,9,1
1358,2024-11-24,7,3,0
1358,2024-12-01,24,6,0
1358,2024-12-08,17,9,0
1358,2024-12-15,17,7,0
1358,2024-12-22,21,9,0
1358,2024-12-29,23,5,1
1358,2025-01-05,14,3,0
1358,2025-01-12,22,6,0
1358,2025-01-19,15,3,0
1358,2025-01-26,19,3,0
1358,2025-02-02,21,8,0
1358,2025-02-09,14,3,0
1358,2025-02-16,22,5,0
1358,2025-02-23,2,1,1
1358,2025-03-02,2,1,0
1358,2025-03-09,1,1,0
1358,2025-03-16,1,2,0
1359,2025-04-24,16,3,0
1359,2025-05-01,15,4,0
1359,2025-05-08,20,6,0
1359,2025-05-15,11,8,1
1359,2025-05-22,14,8,0
1359,2025-05-29,1,2,0
1359,2025-06-05,2,1,0
1359,2025-06-12,0,1,1
1359,2025-06-19,2,2,0
1360,2024-01-23,10,9,0
1360,2024-01-30,23,9,0
1360,2024-02-06,5,6,0
1360,2024-02-13,21,6,0
1360,2024-02-20,11,6,0
1360,2024-02-27,10,4,0
1360,2024-03-05,18,3,0
1360,2024-03-12,18,4,0
1360,2024-03-19,18,7,0
1360,2024-03-26,19,7,0
1360,2024-04-02,17,4,1
1360,2024-04-09,16,5,0
1360,2024-04-16,18,6,0
1360,2024-04-23,14,3,0
1360,2024-04-30,9,4,0
1360,2024-05-07,8,3,0
1360,2024-05-14,8,3,0
1360,2024-05-21,16,5,0
1360,2024-05-28,18,3,0
1360,2024-06-04,13,4,0
1360,2024-06-11,15,6,0
1360,2024-06-18,6,5,0
1360,2024-06-25,23,4,0
1360,2024-07-02,20,7,0
1360,2024-07-09,22,4,0
1360,2024-07-16,11,6,0
1360,2024-07-23,22,8,0
1360,2024-07-30,10,4,0
1360,2024-08-06,7,5,0
1360,2024-08-13,14,4,0
1360,2024-08-20,8,4,0
1360,2024-08-27,7,7,0
1360,2024-09-03,17,5,0
1360,2024-09-10,23,6,0
1360,2024-09-17,17,6,0
1360,2024-09-24,9,5,0
1360,2024-10-01,18,9,0
1360,2024-10-08,8,6,0
1360,2024-10-15,14,3,0
1360,2024-10-22,20,6,0
1360,2024-10-29,22,9,0
1360,2024-11-05,19,5,0
1360,2024-11-12,22,8,0
1360,2024-11-19,16,3,0
1360,2024-11-26,9,3,0
1360,2024-12-03,19,5,0
1360,2024-12-10,13,7,1
1360,2024-12-17,16,7,0
1360,2024-12-24,17,3,0
1360,2024-12-31,12,4,0
1363,2024-04-06,24,6,0
1363,2024-04-13,20,4,0
1363,2024-04-20,11,5,1
1363,2024-04-27,24,5,0
1363,2024-05-04,21,3,1
1363,2024-05-11,11,5,0
1363,2024-05-18,18,4,0
1363,2024-05-25,20,5,0
1363,2024-06-01,15,8,1
1363,2024-06-08,11,7,1
1363,2024-06-15,13,5,0
1363,2024-06-22,21,5,0
1363,2024-06-29,10,4,0
1363,2024-07-06,20,4,0
1363,2024-07-13,13,7,0
1363,2024-07-20,6,3,1
1363,2024-07-27,20,8,1
1363,2024-08-03,5,8,0
1363,2024-08-10,23,5,0
1363,2024-08-17,9,6,1
1363,2024-08-24,18,6,0
1363,2024-08-31,12,6,0
1363,2024-09-07,6,6,0
1363,2024-09-14,6,5,0
1363,2024-09-21,23,3,0
1363,2024-09-28,18,9,0
1363,2024-10-05,11,9,0
1363,2024-10-12,7,9,0
1363,2024-10-19,8,4,0
1363,2024-10-26,18,9,0
1363,2024-11-02,22,9,0
1363,2024-11-09,17,4,0
1363,2024-11-16,6,7,0
1363,2024-11-23,18,4,0
1363,2024-11-30,19,9,0
1363,2024-12-07,13,6,0
1363,2024-12-14,19,3,0
1363,2024-12-21,8,5,0
1363,2024-12-28,7,5,1
1366,2024-02-29,7,6,0
1366,2024-03-07,8,5,0
1366,2024-03-14,20,9,0
1366,2024-03-21,14,3,0
1366,2024-03-28,10,9,0
1366,2024-04-04,16,8,0
1366,2024-04-11,24,8,0
1366,2024-04-18,19,4,0
1366,2024-04-25,13,5,1
1366,2024-05-02,20,9,0
1366,2024-05-09,20,7,0
1366,2024-05-16,20,4,0
1366,2024-05-23,19,6,0
1366,2024-05-30,20,4,0
1366,2024-06-06,12,4,0
1366,2024-06-13,24,4,0
1366,2024-06-20,7,5,0
1366,2024-06-27,23,3,0
1366,2024-07-04,21,4,0
1366,2024-07-11,10,8,0
1366,2024-07-18,16,6,0
1366,2024-07-25,16,7,0
1366,2024-08-01,19,6,0
1366,2024-08-08,5,8,0
1366,2024-08-15,20,3,0
1366,2024-08-22,23,8,0
1366,2024-08-29,10,6,0
1366,2024-09-05,9,6,0
1366,2024-09-12,8,7,0
1366,2024-09-19,17,6,0
1366,2024-09-26,14,6,0
1366,2024-10-03,12,9,0
1366,2024-10-10,19,9,1
1366,2024-10-17,17,9,0
1366,2024-10-24,24,8,1
1366,2024-10-31,16,7,0
1366,2024-11-07,7,8,0
1366,2024-11-14,5,3,0
1366,2024-11-21,17,8,0
1366,2024-11-28,6,9,0
1366,2024-12-05,8,4,0
1366,2024-12-12,9,3,0
1366,2024-12-19,16,8,0
1366,2024-12-26,14,5,1
1368,2024-12-10,18,3,0
1368,2024-12-17,10,6,0
1368,2024-12-24,11,7,0
1368,2024-12-31,10,5,0
1369,2024-08-22,18,6,0
1369,2024-08-29,16,4,0
1369,2024-09-05,12,3,0
1369,2024-09-12,24,3,0
1369,2024-09-19,11,6,0
1369,2024-09-26,24,7,0
1369,2024-10-03,17,7,0
1369,2024-10-10,18,3,1
1369,2024-10-17,11,5,0
1369,2024-10-24,18,9,0
1369,2024-10-31,6,4,0
1369,2024-11-07,13,5,0
1369,2024-11-14,22,6,0
1369,2024-11-21,24,4,0
1369,2024-11-28,21,4,0
1369,2024-12-05,5,4,1
1369,2024-12-12,24,7,0
1369,2024-12-19,10,6,0
1369,2024-12-26,17,9,0
1370,2024-11-14,8,3,0
1370,2024-11-21,9,7,0
1370,2024-11-28,10,7,0
1370,2024-12-05,9,7,0
1370,2024-12-12,14,5,0
1370,2024-12-19,17,5,0
1370,2024-12-26,14,4,0
1371,2024-06-01,13,7,0
1371,2024-06-08,13,7,0
1371,2024-06-15,13,4,0
1371,2024-06-22,20,5,0
1371,2024-06-29,17,5,0
1371,2024-07-06,22,8,0
1371,2024-07-13,10,8,1
1371,2024-07-20,17,8,0
1371,2024-07-27,17,9,0
1371,2024-08-03,5,6,0
1371,2024-08-10,22,4,0
1371,2024-08-17,6,6,0
1371,2024-08-24,17,9,0
1371,2024-08-31,6,8,0
1371,2024-09-07,16,7,0
1371,2024-09-14,5,6,0
1371,2024-09-21,20,5,0
1371,2024-09-28,20,6,0
1371,2024-10-05,10,7,0
1371,2024-10-12,14,7,0
1371,2024-10-19,9,6,0
1371,2024-10-26,21,8,0
1371,2024-11-02,21,7,0
1371,2024-11-09,17,9,0
1371,2024-11-16,11,8,0
1371,2024-11-23,18,5,0
1371,2024-11-30,22,8,0
1371,2024-12-07,14,4,0
1371,2024-12-14,7,3,0
1371,2024-12-21,9,9,1
1371,2024-12-28,21,5,0
1373,2024-02-08,6,8,0
1373,2024-02-15,6,9,0
1373,2024-02-22,14,6,0
1373,2024-02-29,23,8,0
1373,2024-03-07,18,3,0
1373,2024-03-14,13,3,0
1373,2024-03-21,17,9,0
1373,2024-03-28,6,4,0
1373,2024-04-04,10,3,0
1373,2024-04-11,22,8,0
1373,2024-04-18,15,5,0
1373,2024-04-25,6,9,0
1373,2024-05-02,20,6,0
1373,2024-05-09,21,4,0
1373,2024-05-16,11,4,0
1373,2024-05-23,11,4,0
1373,2024-05-30,8,8,0
1373,2024-06-06,11,9,1
1373,2024-06-13,15,6,0
1373,2024-06-20,22,8,0
1373,2024-06-27,20,4,0
1373,2024-07-04,5,3,0
1373,2024-07-11,14,4,0
1373,2024-07-18,21,3,0
1373,2024-07-25,14,4,0
1373,2024-08-01,6,5,1
1373,2024-08-08,16,8,0
1373,2024-08-15,19,5,0
1373,2024-08-22,20,4,0
1373,2024-08-29,9,5,0
1373,2024-09-05,10,3,0
1373,2024-09-12,14,6,0
1373,2024-09-19,14,5,0
1373,2024-09-26,5,7,0
1373,2024-10-03,9,7,0
1373,2024-10-10,10,7,0
1373,2024-10-17,14,9,0
1373,2024-10-24,15,4,0
1373,2024-10-31,23,3,0
1373,2024-11-07,24,5,0
1373,2024-11-14,16,7,0
1373,2024-11-21,12,9,0
1373,2024-11-28,12,8,0
1373,2024-12-05,23,5,0
1373,2024-12-12,7,6,0
1373,2024-12-19,8,3,0
1373,2024-12-26,24,7,0
1374,2024-10-24,20,6,0
1374,2024-10-31,10,5,0
1374,2024-11-07,8,6,0
1374,2024-11-14,5,7,0
1374,2024-11-21,14,9,1
1374,2024-11-28,17,7,0
1374,2024-12-05,15,4,0
1374,2024-12-12,14,3,0
1374,2024-12-19,17,4,0
1374,2024-12-26,7,4,0
1375,2024-06-21,10,4,0
1375,2024-06-28,13,3,0
1375,2024-07-05,6,3,0
1375,2024-07-12,22,7,0
1375,2024-07-19,8,9,0
1375,2024-07-26,23,7,0
1375,2024-08-02,14,3,0
1375,2024-08-09,24,9,0
1375,2024-08-16,19,4,0
1375,2024-08-23,13,5,0
1375,2024-08-30,12,7,0
1375,2024-09-06,12,3,0
1375,2024-09-13,17,3,0
1375,2024-09-20,19,9,0
1375,2024-09-27,21,3,0
1375,2024-10-04,23,6,0
1375,2024-10-11,10,6,0
1375,2024-10-18,9,7,0
1375,2024-10-25,12,4,0
1375,2024-11-01,14,5,0
1375,2024-11-08,18,7,1
1375,2024-11-15,8,4,0
1375,2024-11-22,5,6,0
1375,2024-11-29,18,5,0
1375,2024-12-06,11,4,0
1375,2024-12-13,24,3,0
1375,2024-12-20,12,7,0
1375,2024-12-27,7,6,0
1376,2024-12-01,13,7,0
1376,2024-12-08,10,5,0
1376,2024-12-15,16,4,0
1376,2024-12-22,8,6,0
1376,2024-12-29,13,9,0
1379,2024-09-05,10,3,0
1379,2024-09-12,17,3,1
1379,2024-09-19,23,4,0
1379,2024-09-26,6,6,0
1379,2024-10-03,11,6,0
1379,2024-10-10,11,6,0
1379,2024-10-17,24,6,0
1379,2024-10-24,8,4,0
1379,2024-10-31,23,4,0
1379,2024-11-07,5,7,0
1379,2024-11-14,24,9,0
1379,2024-11-21,17,9,0
1379,2024-11-28,14,3,0
1379,2024-12-05,21,6,1
1379,2024-12-12,9,5,0
1379,2024-12-19,23,3,0
1379,2024-12-26,24,9,0
1379,2025-01-02,11,4,0
1379,2025-01-09,23,7,0
1379,2025-01-16,1,2,1
1379,2025-01-23,0,1,1
1379,2025-01-30,1,2,0
1379,2025-02-06,0,1,1
1380,2024-03-30,18,7,0
1380,2024-04-06,19,6,0
1380,2024-04-13,9,8,0
1380,2024-04-20,9,8,1
1380,2024-04-27,6,5,0
1380,2024-05-04,13,8,0
1380,2024-05-11,19,7,0
1380,2024-05-18,16,7,1
1380,2024-05-25,8,4,0
1380,2024-06-01,20,5,0
1380,2024-06-08,11,5,0
1380,2024-06-15,24,9,0
1380,2024-06-22,16,7,0
1380,2024-06-29,20,9,0
1380,2024-07-06,9,3,0
1380,2024-07-13,23,3,0
1380,2024-07-20,23,3,0
1380,2024-07-27,23,6,0
1380,2024-08-03,5,5,1
1380,2024-08-10,13,4,0
1380,2024-08-17,10,9,0
1380,2024-08-24,18,7,1
1380,2024-08-31,6,5,0
1380,2024-09-07,5,6,1
1380,2024-09-14,13,9,1
1380,2024-09-21,20,4,0
1380,2024-09-28,15,3,0
1380,2024-10-05,8,9,0
1380,2024-10-12,21,9,0
1380,2024-10-19,24,6,0
1380,2024-10-26,5,4,0
1380,2024-11-02,7,3,0
1380,2024-11-09,16,8,0
1380,2024-11-16,11,4,0
1380,2024-11-23,10,9,0
1380,2024-11-30,16,3,0
1380,2024-12-07,18,5,0
1380,2024-12-14,5,5,0
1380,2024-12-21,7,6,0
1380,2024-12-28,24,5,0
1380,2025-01-04,9,8,0
1380,2025-01-11,15,7,1
1380,2025-01-18,6,7,0
1380,2025-01-25,16,8,0
1380,2025-02-01,14,6,0
1380,2025-02-08,16,5,0
1380,2025-02-15,13,4,0
1380,2025-02-22,19,4,0
1380,2025-03-01,10,3,0
1380,2025-03-08,24,8,1
1380,2025-03-15,8,9,1
1380,2025-03-22,18,6,0
1380,2025-03-29,24,6,0
1380,2025-04-05,19,9,0
1380,2025-04-12,17,4,0
1380,2025-04-19,21,8,0
1380,2025-04-26,19,7,0
1380,2025-05-03,1,1,0
1380,2025-05-10,1,1,1
1380,2025-05-17,2,1,1
1380,2025-05-24,0,1,1
1382,2025-04-08,10,3,0
1382,2025-04-15,1,2,0
1382,2025-04-22,0,2,0
1382,2025-04-29,2,1,0
1382,2025-05-06,0,1,1
1382,2025-05-13,1,1,0
1383,2024-05-15,17,7,0
1383,2024-05-22,14,8,0
1383,2024-05-29,9,6,0
1383,2024-06-05,14,4,0
1383,2024-06-12,17,9,0
1383,2024-06-19,10,6,1
1383,2024-06-26,15,8,0
1383,2024-07-03,19,6,0
1383,2024-07-10,15,4,1
1383,2024-07-17,24,4,0
1383,2024-07-24,7,5,0
1383,2024-07-31,7,7,0
1383,2024-08-07,16,8,0
1383,2024-08-14,12,7,0
1383,2024-08-21,19,5,0
1383,2024-08-28,18,6,0
1383,2024-09-04,11,8,0
1383,2024-09-11,10,4,0
1383,2024-09-18,7,3,0
1383,2024-09-25,19,4,1
1383,2024-10-02,16,5,0
1383,2024-10-09,24,7,0
1383,2024-10-16,20,5,1
1383,2024-10-23,8,5,1
1383,2024-10-30,12,9,1
1383,2024-11-06,21,4,0
1383,2024-11-13,7,7,0
1383,2024-11-20,18,4,0
1383,2024-11-27,22,9,0
1383,2024-12-04,24,7,0
1383,2024-12-11,17,6,0
1383,2024-12-18,24,5,0
1383,2024-12-25,16,4,0
1383,2025-01-01,5,8,0
1384,2024-12-29,22,9,0
1385,2024-02-09,7,9,0
1385,2024-02-16,19,8,1
1385,2024-02-23,5,4,0
1385,2024-03-01,17,5,0
1385,2024-03-08,16,5,0
1385,2024-03-15,16,8,1
1385,2024-03-22,20,5,0
1385,2024-03-29,8,7,0
1385,2024-04-05,7,8,0
1385,2024-04-12,23,4,0
1385,2024-04-19,11,4,0
1385,2024-04-26,11,6,0
1385,2024-05-03,11,4,0
1385,2024-05-10,24,8,0
1385,2024-05-17,14,3,0
1385,2024-05-24,22,3,0
1385,2024-05-31,11,3,0
1385,2024-06-07,14,7,1
1385,2024-06-14,19,5,0
1385,2024-06-21,13,5,0
1385,2024-06-28,6,5,0
1385,2024-07-05,14,5,0
1385,2024-07-12,5,8,0
1385,2024-07-19,15,8,1
1385,2024-07-26,6,7,0
1385,2024-08-02,10,3,0
1385,2024-08-09,10,3,0
1385,2024-08-16,6,5,0
1385,2024-08-23,13,9,0
1385,2024-08-30,20,8,0
1385,2024-09-06,11,4,0
1385,2024-09-13,21,3,0
1385,2024-09-20,18,6,0
1385,2024-09-27,10,9,0
1385,2024-10-04,15,6,0
1385,2024-10-11,13,6,0
1385,2024-10-18,8,5,1
1385,2024-10-25,5,9,0
1385,2024-11-01,10,8,1
1385,2024-11-08,20,4,0
1385,2024-11-15,21,9,1
1385,2024-11-22,15,4,0
1385,2024-11-29,10,3,0
1385,2024-12-06,16,6,0
1385,2024-12-13,20,7,0
1385,2024-12-20,15,6,0
1385,2024-12-27,17,9,0
1386,2024-04-07,16,5,0
1386,2024-04-14,13,3,0
1386,2024-04-21,10,6,0
1386,2024-04-28,16,3,0
1386,2024-05-05,19,4,0
1386,2024-05-12,24,6,0
1386,2024-05-19,5,4,0
1386,2024-05-26,19,5,0
1386,2024-06-02,14,3,0
1386,2024-06-09,16,6,0
1386,2024-06-16,9,7,0
1386,2024-06-23,19,7,0
1386,2024-06-30,6,4,0
1386,2024-07-07,8,5,0
1386,2024-07-14,7,9,0
1386,2024-07-21,22,4,0
1386,2024-07-28,15,4,0
1386,2024-08-04,6,4,0
1386,2024-08-11,16,5,0
1386,2024-08-18,18,3,0
1386,2024-08-25,20,9,0
1386,2024-09-01,6,4,0
1386,2024-09-08,11,3,0
1386,2024-09-15,24,9,0
1386,2024-09-22,0,1,0
1386,2024-09-29,2,1,0
1386,2024-10-06,2,2,0
1386,2024-10-13,1,2,0
1387,2024-05-26,14,6,0
1387,2024-06-02,12,5,0
1387,2024-06-09,6,9,0
1387,2024-06-16,5,7,0
1387,2024-06-23,8,6,0
1387,2024-06-30,9,3,0
1387,2024-07-07,5,4,1
1387,2024-07-14,16,4,0
1387,2024-07-21,12,8,0
1387,2024-07-28,20,5,0
1387,2024-08-04,8,8,1
1387,2024-08-11,22,5,0
1387,2024-08-18,10,5,0
1387,2024-08-25,20,5,0
1387,2024-09-01,22,9,0
1387,2024-09-08,9,8,0
1387,2024-09-15,6,6,0
1387,2024-09-22,24,7,1
1387,2024-09-29,17,5,0
1387,2024-10-06,21,7,0
1387,2024-10-13,17,4,0
1387,2024-10-20,22,4,0
1387,2024-10-27,15,7,0
1387,2024-11-03,19,8,0
1387,2024-11-10,15,4,0
1387,2024-11-17,16,7,0
1387,2024-11-24,17,8,0
1387,2024-12-01,23,5,0
1387,2024-12-08,19,7,0
1387,2024-12-15,9,4,0
1387,2024-12-22,17,5,0
1387,2024-12-29,10,8,0
1388,2024-04-19,11,3,0
1388,2024-04-26,17,4,0
1388,2024-05-03,22,5,0
1388,2024-05-10,8,5,0
1388,2024-05-17,14,6,0
1388,2024-05-24,19,5,0
1388,2024-05-31,14,6,1
1388,2024-06-07,15,5,0
1388,2024-06-14,11,4,0
1388,2024-06-21,18,8,0
1388,2024-06-28,13,8,0
1388,2024-07-05,16,9,0
1388,2024-07-12,20,7,0
1388,2024-07-19,11,4,0
1388,2024-07-26,22,3,0
1388,2024-08-02,21,5,0
1388,2024-08-09,8,6,0
1388,2024-08-16,13,7,0
1388,2024-08-23,20,3,0
1388,2024-08-30,12,4,1
1388,2024-09-06,24,7,0
1388,2024-09-13,9,6,0
1388,2024-09-20,21,5,0
1388,2024-09-27,20,6,0
1388,2024-10-04,18,3,0
1388,2024-10-11,16,6,0
1388,2024-10-18,6,6,0
1388,2024-10-25,12,6,0
1388,2024-11-01,24,9,0
1388,2024-11-08,19,6,0
1388,2024-11-15,15,9,0
1388,2024-11-22,13,3,0
1388,2024-11-29,9,9,0
1388,2024-12-06,6,5,1
1388,2024-12-13,16,7,0
1388,2024-12-20,19,8,0
1388,2024-12-27,17,8,0
1389,2024-06-02,21,8,1
1389,2024-06-09,5,3,0
1389,2024-06-16,20,3,0
1389,2024-06-23,18,9,0
1389,2024-06-30,5,3,0
1389,2024-07-07,14,8,0
1389,2024-07-14,10,7,0
1389,2024-07-21,6,4,0
1389,2024-07-28,21,5,0
1389,2024-08-04,11,7,0
1389,2024-08-11,11,6,0
1389,2024-08-18,15,4,0
1389,2024-08-25,24,6,0
1389,2024-09-01,19,3,0
1389,2024-09-08,16,9,0
1389,2024-09-15,24,7,0
1389,2024-09-22,7,7,0
1389,2024-09-29,11,6,0
1389,2024-10-06,19,6,0
1389,2024-10-13,21,6,0
1389,2024-10-20,12,9,0
1389,2024-10-27,10,7,0
1389,2024-11-03,12,5,0
1389,2024-11-10,22,4,0
1389,2024-11-17,17,7,0
1389,2024-11-24,11,7,1
1389,2024-12-01,15,8,0
1389,2024-12-08,11,7,1
1389,2024-12-15,7,5,0
1389,2024-12-22,6,3,0
1389,2024-12-29,16,5,1
1392,2024-12-20,24,5,0
1392,2024-12-27,7,3,0
1393,2024-09-13,6,6,0
1393,2024-09-20,15,4,0
1393,2024-09-27,9,9,1
1393,2024-10-04,18,4,1
1393,2024-10-11,14,3,0
1393,2024-10-18,20,9,1
1393,2024-10-25,13,7,0
1393,2024-11-01,19,4,0
1393,2024-11-08,22,6,1
1393,2024-11-15,21,4,0
1393,2024-11-22,11,8,0
1393,2024-11-29,9,8,0
1393,2024-12-06,19,9,0
1393,2024-12-13,14,9,0
1393,2024-12-20,16,9,0
1393,2024-12-27,7,8,0
1393,2025-01-03,17,5,0
1393,2025-01-10,13,7,0
1393,2025-01-17,18,5,0
1393,2025-01-24,20,4,0
1393,2025-01-31,6,3,0
1393,2025-02-07,22,4,0
1393,2025-02-14,17,4,0
1393,2025-02-21,17,9,0
1393,2025-02-28,24,4,0
1393,2025-03-07,21,6,0
1393,2025-03-14,20,4,0
1393,2025-03-21,24,4,0
1393,2025-03-28,15,4,0
1393,2025-04-04,0,2,0
1393,2025-04-11,2,2,0
1393,2025-04-18,0,2,1
1393,2025-04-25,0,2,1
1394,2024-02-01,5,9,0
1394,2024-02-08,20,8,1
1394,2024-02-15,20,8,0
1394,2024-02-22,8,5,0
1394,2024-02-29,21,7,0
1394,2024-03-07,24,8,0
1394,2024-03-14,12,4,0
1394,2024-03-21,8,7,0
1394,2024-03-28,14,4,0
1394,2024-04-04,15,7,0
1394,2024-04-11,22,5,0
1394,2024-04-18,15,7,0
1394,2024-04-25,9,9,0
1394,2024-05-02,19,7,0
1394,2024-05-09,23,7,0
1394,2024-05-16,18,3,0
1394,2024-05-23,22,3,0
1394,2024-05-30,18,6,0
1394,2024-06-06,6,7,0
1394,2024-06-13,14,9,0
1394,2024-06-20,16,3,0
1394,2024-06-27,16,4,0
1394,2024-07-04,16,5,1
1394,2024-07-11,18,8,0
1394,2024-07-18,6,5,0
1394,2024-07-25,5,8,0
1394,2024-08-01,24,6,0
1394,2024-08-08,7,6,0
1394,2024-08-15,5,8,0
1394,2024-08-22,14,7,0
1394,2024-08-29,24,7,0
1394,2024-09-05,8,8,0
1394,2024-09-12,9,7,0
1394,2024-09-19,9,5,1
1394,2024-09-26,21,4,0
1394,2024-10-03,12,4,0
1394,2024-10-10,23,4,0
1394,2024-10-17,21,3,0
1394,2024-10-24,15,6,0
1394,2024-10-31,7,5,0
1394,2024-11-07,6,8,0
1394,2024-11-14,14,5,0
1394,2024-11-21,22,5,0
1394,2024-11-28,24,7,0
1394,2024-12-05,7,5,0
1394,2024-12-12,10,6,0
1394,2024-12-19,10,4,0
1394,2024-12-26,11,5,0
1395,2024-03-21,24,9,0
1395,2024-03-28,9,8,0
1395,2024-04-04,20,9,1
1395,2024-04-11,24,8,0
1395,2024-04-18,9,8,0
1395,2024-04-25,7,8,0
1395,2024-05-02,10,6,0
1395,2024-05-09,7,3,0
1395,2024-05-16,10,8,0
1395,2024-05-23,24,9,0
1395,2024-05-30,12,9,0
1395,2024-06-06,17,8,0
1395,2024-06-13,16,9,0
1395,2024-06-20,21,4,0
1395,2024-06-27,14,5,1
1395,2024-07-04,14,9,0
1395,2024-07-11,7,5,0
1395,2024-07-18,11,5,0
1395,2024-07-25,15,9,0
1395,2024-08-01,10,7,0
1395,2024-08-08,6,5,0
1395,2024-08-15,23,4,0
1395,2024-08-22,10,4,0
1395,2024-08-29,10,6,0
1395,2024-09-05,19,8,1
1395,2024-09-12,15,3,1
1395,2024-09-19,21,5,0
1395,2024-09-26,21,5,0
1395,2024-10-03,9,4,0
1395,2024-10-10,20,8,0
1395,2024-10-17,24,4,0
1395,2024-10-24,22,4,0
1395,2024-10-31,22,3,0
1395,2024-11-07,16,5,1
1395,2024-11-14,5,8,0
1395,2024-11-21,5,6,0
1395,2024-11-28,5,7,0
1395,2024-12-05,21,6,0
1395,2024-12-12,23,9,0
1395,2024-12-19,8,8,0
1395,2024-12-26,16,9,0
1396,2024-07-08,21,8,1
1396,2024-07-15,6,8,0
1396,2024-07-22,14,9,1
1396,2024-07-29,19,4,0
1396,2024-08-05,12,7,0
1396,2024-08-12,19,3,0
1396,2024-08-19,23,7,0
1396,2024-08-26,8,5,0
1396,2024-09-02,14,3,0
1396,2024-09-09,18,8,0
1396,2024-09-16,7,4,0
1396,2024-09-23,11,7,0
1396,2024-09-30,6,9,0
1396,2024-10-07,10,8,0
1396,2024-10-14,6,5,0
1396,2024-10-21,13,4,0
1396,2024-10-28,22,9,0
1396,2024-11-04,8,6,0
1396,2024-11-11,15,4,0
1396,2024-11-18,19,5,0
1396,2024-11-25,21,8,0
1396,2024-12-02,20,5,0
1396,2024-12-09,5,4,0
1396,2024-12-16,18,5,0
1396,2024-12-23,11,7,0
1396,2024-12-30,13,3,0
1397,2024-05-16,16,8,0
1397,2024-05-23,24,8,0
1397,2024-05-30,24,5,0
1397,2024-06-06,12,8,0
1397,2024-06-13,18,4,0
1397,2024-06-20,22,6,0
1397,2024-06-27,9,6,0
1397,2024-07-04,14,3,0
1397,2024-07-11,21,4,0
1397,2024-07-18,19,4,0
1397,2024-07-25,14,7,0
1397,2024-08-01,7,8,0
1397,2024-08-08,15,8,0
1397,2024-08-15,9,9,1
1397,2024-08-22,16,9,0
1397,2024-08-29,5,8,0
1397,2024-09-05,22,6,0
1397,2024-09-12,7,7,0
1397,2024-09-19,15,7,0
1397,2024-09-26,12,8,0
1397,2024-10-03,10,3,0
1397,2024-10-10,12,5,0
1397,2024-10-17,14,6,0
1397,2024-10-24,20,7,1
1397,2024-10-31,16,9,1
1397,2024-11-07,9,3,0
1397,2024-11-14,18,3,0
1397,2024-11-21,10,7,0
1397,2024-11-28,22,6,0
1397,2024-12-05,13,6,0
1397,2024-12-12,7,3,0
1397,2024-12-19,14,8,0
1397,2024-12-26,9,6,0
1397,2025-01-02,21,7,0
1397,2025-01-09,9,5,0
1397,2025-01-16,10,4,0
1397,2025-01-23,14,3,0
1397,2025-01-30,6,7,1
1397,2025-02-06,6,7,0
1397,2025-02-13,5,5,0
1397,2025-02-20,11,8,0
1397,2025-02-27,6,3,0
1397,2025-03-06,20,7,1
1397,2025-03-13,20,6,0
1397,2025-03-20,10,3,0
1397,2025-03-27,2,1,1
1397,2025-04-03,1,1,1
1397,2025-04-10,2,2,1
1397,2025-04-17,1,2,1
1398,2024-03-10,23,7,0
1398,2024-03-17,21,4,0
1398,2024-03-24,12,6,1
1398,2024-03-31,22,5,0
1398,2024-04-07,23,4,0
1398,2024-04-14,7,3,0
1398,2024-04-21,20,6,0
1398,2024-04-28,15,4,0
1398,2024-05-05,13,6,1
1398,2024-05-12,20,7,0
1398,2024-05-19,18,6,1
1398,2024-05-26,14,4,0
1398,2024-06-02,12,3,0
1398,2024-06-09,10,8,0
1398,2024-06-16,16,7,0
1398,2024-06-23,11,9,1
1398,2024-06-30,18,5,0
1398,2024-07-07,24,8,0
1398,2024-07-14,23,8,1
1398,2024-07-21,21,4,0
1398,2024-07-28,20,4,0
1398,2024-08-04,20,6,0
1398,2024-08-11,11,3,0
1398,2024-08-18,24,3,0
1398,2024-08-25,12,4,1
1398,2024-09-01,18,8,0
1398,2024-09-08,23,3,0
1398,2024-09-15,13,6,0
1398,2024-09-22,12,9,0
1398,2024-09-29,10,9,1
1398,2024-10-06,19,8,0
1398,2024-10-13,14,8,0
1398,2024-10-20,15,3,0
1398,2024-10-27,7,4,0
1398,2024-11-03,24,7,0
1398,2024-11-10,19,5,0
1398,2024-11-17,24,8,0
1398,2024-11-24,5,3,0
1398,2024-12-01,8,8,0
1398,2024-12-08,12,8,1
1398,2024-12-15,20,9,0
1398,2024-12-22,8,5,0
1398,2024-12-29,5,4,0
1399,2024-08-23,7,8,0
1399,2024-08-30,21,4,0
1399,2024-09-06,18,3,0
1399,2024-09-13,18,4,0
1399,2024-09-20,16,6,0
1399,2024-09-27,13,4,0
1399,2024-10-04,20,7,0
1399,2024-10-11,22,4,0
1399,2024-10-18,17,5,1
1399,2024-10-25,22,8,0
1399,2024-11-01,22,8,0
1399,2024-11-08,11,9,0
1399,2024-11-15,19,3,0
1399,2024-11-22,22,3,0
1399,2024-11-29,21,3,1
1399,2024-12-06,20,6,0
1399,2024-12-13,19,3,1
1399,2024-12-20,19,3,0
1399,2024-12-27,17,8,1
1400,2024-11-08,17,8,0
1400,2024-11-15,21,7,0
1400,2024-11-22,5,5,0
1400,2024-11-29,11,4,0
1400,2024-12-06,6,9,0
1400,2024-12-13,24,5,0
1400,2024-12-20,6,8,1
1400,2024-12-27,21,3,0
1401,2025-01-14,18,5,0
1401,2025-01-21,20,9,0
1401,2025-01-28,7,9,0
1401,2025-02-04,8,5,0
1401,2025-02-11,13,3,0
1401,2025-02-18,23,5,0
1401,2025-02-25,22,8,0
1401,2025-03-04,22,3,0
1401,2025-03-11,12,4,0
1401,2025-03-18,13,7,0
1401,2025-03-25,9,7,0
1401,2025-04-01,11,9,0
1401,2025-04-08,20,7,0
1401,2025-04-15,16,7,0
1401,2025-04-22,9,9,0
1401,2025-04-29,1,2,0
1401,2025-05-06,1,2,1
1401,2025-05-13,2,1,1
1401,2025-05-20,0,1,0
1403,2025-03-05,16,3,0
1403,2025-03-12,16,5,0
1403,2025-03-19,12,5,0
1403,2025-03-26,0,2,1
1403,2025-04-02,2,1,0
1403,2025-04-09,1,1,2
1403,2025-04-16,1,2,0
1403,2025-04-23,1,2,2
1404,2025-04-29,10,9,0
1404,2025-05-06,0,2,2
1404,2025-05-13,2,2,0
1404,2025-05-20,2,1,0
1404,2025-05-27,0,1,0
1407,2024-11-07,20,4,0
1407,2024-11-14,6,4,0
1407,2024-11-21,18,4,0
1407,2024-11-28,9,5,0
1407,2024-12-05,18,7,0
1407,2024-12-12,6,6,0
1407,2024-12-19,20,8,1
1407,2024-12-26,11,3,0
1408,2024-02-13,22,3,0
1408,2024-02-20,18,8,1
1408,2024-02-27,16,8,1
1408,2024-03-05,7,5,0
1408,2024-03-12,5,4,0
1408,2024-03-19,24,3,0
1408,2024-03-26,17,3,0
1408,2024-04-02,14,7,0
1408,2024-04-09,5,6,0
1408,2024-04-16,7,4,0
1408,2024-04-23,7,4,0
1408,2024-04-30,17,7,0
1408,2024-05-07,19,4,1
1408,2024-05-14,24,6,0
1408,2024-05-21,12,6,0
1408,2024-05-28,20,3,0
1408,2024-06-04,18,9,0
1408,2024-06-11,11,8,0
1408,2024-06-18,12,6,0
1408,2024-06-25,8,4,0
1408,2024-07-02,12,5,0
1408,2024-07-09,5,7,0
1408,2024-07-16,19,9,0
1408,2024-07-23,7,8,0
1408,2024-07-30,24,6,0
1408,2024-08-06,9,3,0
1408,2024-08-13,12,4,0
1408,2024-08-20,20,3,0
1408,2024-08-27,22,9,0
1408,2024-09-03,11,7,0
1408,2024-09-10,5,7,0
1408,2024-09-17,16,3,0
1408,2024-09-24,5,5,0
1408,2024-10-01,13,8,0
1408,2024-10-08,12,8,0
1408,2024-10-15,24,8,0
1408,2024-10-22,22,8,0
1408,2024-10-29,15,3,1
1408,2024-11-05,11,8,0
1408,2024-11-12,12,6,0
1408,2024-11-19,16,6,0
1408,2024-11-26,9,8,0
1408,2024-12-03,21,5,0
1408,2024-12-10,17,3,0
1408,2024-12-17,8,4,0
1408,2024-12-24,23,6,0
1408,2024-12-31,20,6,0
1411,2024-10-29,12,8,1
1411,2024-11-05,11,9,1
1411,2024-11-12,17,7,0
1411,2024-11-19,7,4,0
1411,2024-11-26,21,9,0
1411,2024-12-03,10,3,0
1411,2024-12-10,9,7,0
1411,2024-12-17,5,3,0
1411,2024-12-24,23,7,0
1411,2024-12-31,16,9,0
1413,2024-02-28,5,7,0
1413,2024-03-06,18,9,0
1413,2024-03-13,8,8,0
1413,2024-03-20,23,3,0
1413,2024-03-27,17,7,1
1413,2024-04-03,15,4,1
1413,2024-04-10,14,4,0
1413,2024-04-17,18,4,1
1413,2024-04-24,12,4,0
1413,2024-05-01,14,7,0
1413,2024-05-08,16,8,0
1413,2024-05-15,18,7,0
1413,2024-05-22,19,7,0
1413,2024-05-29,18,6,0
1413,2024-06-05,13,3,0
1413,2024-06-12,16,6,0
1413,2024-06-19,7,3,0
1413,2024-06-26,8,3,1
1413,2024-07-03,16,7,0
1413,2024-07-10,12,7,0
1413,2024-07-17,15,8,0
1413,2024-07-24,19,7,0
1413,2024-07-31,22,8,1
1413,2024-08-07,6,5,1
1413,2024-08-14,12,5,0
1413,2024-08-21,8,3,0
1413,2024-08-28,20,3,0
1413,2024-09-04,11,4,1
1413,2024-09-11,18,8,0
1413,2024-09-18,18,8,0
1413,2024-09-25,19,9,0
1413,2024-10-02,23,5,0
1413,2024-10-09,23,5,0
1413,2024-10-16,7,4,0
1413,2024-10-23,11,3,0
1413,2024-10-30,14,8,0
1413,2024-11-06,7,8,0
1413,2024-11-13,13,6,0
1413,2024-11-20,9,8,0
1413,2024-11-27,21,5,0
1413,2024-12-04,10,6,0
1413,2024-12-11,13,6,0
1413,2024-12-18,19,9,1
1413,2024-12-25,19,4,1
1413,2025-01-01,6,4,0
1414,2025-02-28,14,5,0
1414,2025-03-07,17,8,0
1414,2025-03-14,6,7,1
1414,2025-03-21,5,4,0
1414,2025-03-28,11,7,0
1414,2025-04-04,10,6,0
1414,2025-04-11,13,4,0
1414,2025-04-18,24,5,0
1414,2025-04-25,19,3,0
1414,2025-05-02,21,5,0
1414,2025-05-09,21,9,0
1414,2025-05-16,19,3,0
1414,2025-05-23,1,2,0
1414,2025-05-30,1,2,0
1414,2025-06-06,2,1,1
1414,2025-06-13,2,2,2
1414,2025-06-20,0,1,1
1416,2024-02-02,14,7,0
1416,2024-02-09,8,9,0
1416,2024-02-16,18,3,0
1416,2024-02-23,17,5,0
1416,2024-03-01,22,6,0
1416,2024-03-08,8,4,0
1416,2024-03-15,8,3,0
1416,2024-03-22,24,6,0
1416,2024-03-29,7,9,0
1416,2024-04-05,19,9,0
1416,2024-04-12,5,3,0
1416,2024-04-19,8,8,0
1416,2024-04-26,13,4,1
1416,2024-05-03,14,5,0
1416,2024-05-10,19,8,0
1416,2024-05-17,7,7,0
1416,2024-05-24,11,3,0
1416,2024-05-31,12,4,0
1416,2024-06-07,22,5,0
1416,2024-06-14,24,9,0
1416,2024-06-21,15,7,0
1416,2024-06-28,23,5,0
1416,2024-07-05,20,5,0
1416,2024-07-12,14,4,0
1416,2024-07-19,12,7,0
1416,2024-07-26,6,6,0
1416,2024-08-02,23,3,1
1416,2024-08-09,5,4,0
1416,2024-08-16,13,4,0
1416,2024-08-23,15,8,0
1416,2024-08-30,20,6,0
1416,2024-09-06,9,4,1
1416,2024-09-13,24,8,0
1416,2024-09-20,6,5,0
1416,2024-09-27,9,5,0
1416,2024-10-04,11,7,0
1416,2024-10-11,10,5,0
1416,2024-10-18,8,6,0
1416,2024-10-25,6,3,0
1416,2024-11-01,24,8,0
1416,2024-11-08,11,6,0
1416,2024-11-15,18,4,0
1416,2024-11-22,16,5,0
1416,2024-11-29,12,5,0
1416,2024-12-06,19,6,0
1416,2024-12-13,14,8,0
1416,2024-12-20,12,9,0
1416,2024-12-27,10,5,0
1417,2024-11-04,14,7,0
1417,2024-11-11,21,4,0
1417,2024-11-18,12,8,0
1417,2024-11-25,20,8,0
1417,2024-12-02,8,3,1
1417,2024-12-09,19,6,0
1417,2024-12-16,18,3,0
1417,2024-12-23,6,6,0
1417,2024-12-30,9,4,0
1419,2025-01-31,21,3,0
1419,2025-02-07,13,8,0
1419,2025-02-14,7,5,0
1419,2025-02-21,17,7,0
1419,2025-02-28,20,7,0
1419,2025-03-07,0,2,0
1419,2025-03-14,0,1,0
1419,2025-03-21,0,1,0
1419,2025-03-28,2,2,0
1420,2024-10-07,19,6,0
1420,2024-10-14,22,6,0
1420,2024-10-21,12,3,0
1420,2024-10-28,21,7,0
1420,2024-11-04,6,5,0
1420,2024-11-11,22,4,0
1420,2024-11-18,10,9,1
1420,2024-11-25,10,9,0
1420,2024-12-02,13,6,0
1420,2024-12-09,10,9,0
1420,2024-12-16,11,4,0
1420,2024-12-23,9,4,0
1420,2024-12-30,5,9,0
1421,2024-01-01,18,3,0
1421,2024-01-08,12,9,0
1421,2024-01-15,16,8,0
1421,2024-01-22,6,8,0
1421,2024-01-29,8,7,0
1421,2024-02-05,13,7,0
1421,2024-02-12,20,6,0
1421,2024-02-19,23,8,0
1421,2024-02-26,17,7,0
1421,2024-03-04,10,9,1
1421,2024-03-11,21,3,0
1421,2024-03-18,17,6,0
1421,2024-03-25,17,8,0
1421,2024-04-01,18,4,0
1421,2024-04-08,11,6,1
1421,2024-04-15,17,6,0
1421,2024-04-22,24,3,1
1421,2024-04-29,8,8,0
1421,2024-05-06,10,4,0
1421,2024-05-13,20,9,0
1421,2024-05-20,10,3,0
1421,2024-05-27,19,3,1
1421,2024-06-03,20,7,0
1421,2024-06-10,7,6,0
1421,2024-06-17,11,7,0
1421,2024-06-24,5,3,0
1421,2024-07-01,12,5,0
1421,2024-07-08,17,5,0
1421,2024-07-15,23,4,0
1421,2024-07-22,8,5,1
1421,2024-07-29,9,5,0
1421,2024-08-05,7,7,0
1421,2024-08-12,16,5,0
1421,2024-08-19,16,3,0
1421,2024-08-26,8,4,0
1421,2024-09-02,12,3,0
1421,2024-09-09,10,8,0
1421,2024-09-16,10,5,0
1421,2024-09-23,16,7,0
1421,2024-09-30,17,4,0
1421,2024-10-07,9,7,0
1421,2024-10-14,8,8,0
1421,2024-10-21,5,6,0
1421,2024-10-28,8,3,0
1421,2024-11-04,6,6,1
1421,2024-11-11,13,9,0
1421,2024-11-18,6,3,0
1421,2024-11-25,22,5,0
1421,2024-12-02,16,5,0
1421,2024-12-09,13,6,0
1421,2024-12-16,21,5,0
1421,2024-12-23,22,8,0
1421,2024-12-30,16,3,0
1422,2024-12-09,11,7,0
1422,2024-12-16,9,8,0
1422,2024-12-23,12,6,1
1422,2024-12-30,14,4,0
1423,2024-07-13,10,7,0
1423,2024-07-20,7,5,0
1423,2024-07-27,7,3,0
1423,2024-08-03,15,8,0
1423,2024-08-10,14,4,0
1423,2024-08-17,10,7,0
1423,2024-08-24,6,8,0
1423,2024-08-31,8,7,0
1423,2024-09-07,17,8,0
1423,2024-09-14,21,7,0
1423,2024-09-21,12,7,1
1423,2024-09-28,14,9,0
1423,2024-10-05,11,5,0
1423,2024-10-12,13,4,0
1423,2024-10-19,23,5,0
1423,2024-10-26,17,9,0
1423,2024-11-02,14,4,0
1423,2024-11-09,8,9,0
1423,2024-11-16,22,3,0
1423,2024-11-23,22,6,1
1423,2024-11-30,5,6,0
1423,2024-12-07,16,5,0
1423,2024-12-14,10,5,0
1423,2024-12-21,16,7,0
1423,2024-12-28,21,5,0
1424,2025-04-27,16,4,0
1424,2025-05-04,16,5,0
1424,2025-05-11,21,5,1
1424,2025-05-18,2,2,2
1424,2025-05-25,1,1,0
1424,2025-06-01,0,1,1
1424,2025-06-08,2,1,1
1425,2024-08-23,13,7,0
1425,2024-08-30,15,6,0
1425,2024-09-06,5,5,0
1425,2024-09-13,23,7,0
1425,2024-09-20,10,5,0
1425,2024-09-27,7,7,0
1425,2024-10-04,17,3,0
1425,2024-10-11,9,9,0
1425,2024-10-18,13,7,0
1425,2024-10-25,17,7,1
1425,2024-11-01,18,3,0
1425,2024-11-08,21,6,0
1425,2024-11-15,19,6,0
1425,2024-11-22,7,9,1
1425,2024-11-29,19,4,0
1425,2024-12-06,15,7,0
1425,2024-12-13,24,3,0
1425,2024-12-20,7,4,0
1425,2024-12-27,8,7,0
1426,2024-02-03,22,3,1
1426,2024-02-10,20,6,0
1426,2024-02-17,20,3,0
1426,2024-02-24,24,4,0
1426,2024-03-02,12,8,0
1426,2024-03-09,20,3,0
1426,2024-03-16,23,6,0
1426,2024-03-23,17,5,0
1426,2024-03-30,20,9,0
1426,2024-04-06,8,5,1
1426,2024-04-13,8,6,0
1426,2024-04-20,5,3,0
1426,2024-04-27,16,8,0
1426,2024-05-04,21,4,0
1426,2024-05-11,12,6,0
1426,2024-05-18,23,7,0
1426,2024-05-25,24,6,0
1426,2024-06-01,22,6,0
1426,2024-06-08,24,3,0
1426,2024-06-15,19,9,0
1426,2024-06-22,5,6,0
1426,2024-06-29,12,9,0
1426,2024-07-06,6,6,1
1426,2024-07-13,24,5,1
1426,2024-07-20,17,7,0
1426,2024-07-27,6,8,0
1426,2024-08-03,8,7,0
1426,2024-08-10,12,8,0
1426,2024-08-17,7,9,0
1426,2024-08-24,15,4,0
1426,2024-08-31,24,6,0
1426,2024-09-07,12,5,0
1426,2024-09-14,22,3,0
1426,2024-09-21,6,3,0
1426,2024-09-28,15,7,0
1426,2024-10-05,20,6,1
1426,2024-10-12,19,3,0
1426,2024-10-19,24,3,0
1426,2024-10-26,11,5,1
1426,2024-11-02,7,8,0
1426,2024-11-09,22,7,0
1426,2024-11-16,18,6,0
1426,2024-11-23,22,7,0
1426,2024-11-30,14,9,0
1426,2024-12-07,12,8,0
1426,2024-12-14,12,9,0
1426,2024-12-21,8,7,0
1426,2024-12-28,13,9,0
1427,2024-05-07,24,8,0
1427,2024-05-14,17,6,0
1427,2024-05-21,21,9,1
1427,2024-05-28,15,6,0
1427,2024-06-04,15,4,0
1427,2024-06-11,12,6,0
1427,2024-06-18,5,3,0
1427,2024-06-25,8,5,1
1427,2024-07-02,16,5,0
1427,2024-07-09,14,3,0
1427,2024-07-16,18,9,0
1427,2024-07-23,5,9,0
1427,2024-07-30,24,9,0
1427,2024-08-06,23,5,0
1427,2024-08-13,18,4,0
1427,2024-08-20,5,4,0
1427,2024-08-27,21,4,0
1427,2024-09-03,11,8,0
1427,2024-09-10,12,7,0
1427,2024-09-17,11,5,0
1427,2024-09-24,7,8,0
1427,2024-10-01,7,3,1
1427,2024-10-08,8,8,0
1427,2024-10-15,15,6,0
1427,2024-10-22,20,5,0
1427,2024-10-29,24,3,0
1427,2024-11-05,11,7,0
1427,2024-11-12,17,4,0
1427,2024-11-19,21,7,0
1427,2024-11-26,17,9,0
1427,2024-12-03,13,5,0
1427,2024-12-10,17,3,0
1427,2024-12-17,15,4,0
1427,2024-12-24,24,7,0
1427,2024-12-31,22,6,0
1428,2024-06-13,16,6,0
1428,2024-06-20,9,6,1
1428,2024-06-27,19,7,0
1428,2024-07-04,7,9,1
1428,2024-07-11,16,4,0
1428,2024-07-18,6,8,0
1428,2024-07-25,21,9,0
1428,2024-08-01,21,9,0
1428,2024-08-08,19,3,0
1428,2024-08-15,23,5,0
1428,2024-08-22,19,7,0
1428,2024-08-29,20,6,1
1428,2024-09-05,14,8,0
1428,2024-09-12,19,6,0
1428,2024-09-19,11,3,1
1428,2024-09-26,7,3,0
1428,2024-10-03,12,9,1
1428,2024-10-10,19,4,1
1428,2024-10-17,10,9,0
1428,2024-10-24,23,7,0
1428,2024-10-31,8,4,0
1428,2024-11-07,18,4,0
1428,2024-11-14,13,8,0
1428,2024-11-21,14,4,0
1428,2024-11-28,16,4,0
1428,2024-12-05,7,4,0
1428,2024-12-12,5,9,0
1428,2024-12-19,17,7,0
1428,2024-12-26,7,9,0
1428,2025-01-02,23,6,0
1428,2025-01-09,17,9,0
1428,2025-01-16,11,5,1
1428,2025-01-23,24,4,0
1428,2025-01-30,2,1,0
1428,2025-02-06,1,1,0
1428,2025-02-13,1,1,1
1428,2025-02-20,0,2,0
1429,2024-02-06,15,9,0
1429,2024-02-13,10,5,1
1429,2024-02-20,15,9,0
1429,2024-02-27,5,8,1
1429,2024-03-05,19,8,0
1429,2024-03-12,24,6,0
1429,2024-03-19,5,9,0
1429,2024-03-26,23,9,0
1429,2024-04-02,19,7,0
1429,2024-04-09,11,3,0
1429,2024-04-16,8,6,0
1429,2024-04-23,6,3,0
1429,2024-04-30,18,8,0
1429,2024-05-07,5,4,0
1429,2024-05-14,15,9,0
1429,2024-05-21,13,9,0
1429,2024-05-28,5,5,0
1429,2024-06-04,9,3,0
1429,2024-06-11,9,9,0
1429,2024-06-18,14,7,1
1429,2024-06-25,12,8,0
1429,2024-07-02,17,8,0
1429,2024-07-09,6,3,0
1429,2024-07-16,13,5,0
1429,2024-07-23,11,8,0
1429,2024-07-30,22,4,1
1429,2024-08-06,8,6,1
1429,2024-08-13,20,8,1
1429,2024-08-20,13,4,0
1429,2024-08-27,24,6,0
1429,2024-09-03,23,9,0
1429,2024-09-10,9,4,0
1429,2024-09-17,21,4,0
1429,2024-09-24,5,4,0
1429,2024-10-01,24,6,0
1429,2024-10-08,10,6,0
1429,2024-10-15,19,7,0
1429,2024-10-22,17,7,0
1429,2024-10-29,7,3,1
1429,2024-11-05,10,7,0
1429,2024-11-12,21,5,0
1429,2024-11-19,20,7,1
1429,2024-11-26,15,8,0
1429,2024-12-03,12,7,0
1429,2024-12-10,19,4,0
1429,2024-12-17,23,3,0
1429,2024-12-24,14,8,0
1429,2024-12-31,12,3,0
1430,2024-10-03,6,6,0
1430,2024-10-10,21,6,1
1430,2024-10-17,14,6,0
1430,2024-10-24,22,4,0
1430,2024-10-31,16,4,0
1430,2024-11-07,14,5,0
1430,2024-11-14,19,8,0
1430,2024-11-21,14,6,1
1430,2024-11-28,7,7,0
1430,2024-12-05,16,7,0
1430,2024-12-12,8,8,0
1430,2024-12-19,13,6,0
1430,2024-12-26,13,4,0
1431,2024-09-26,5,3,0
1431,2024-10-03,23,6,0
1431,2024-10-10,18,3,0
1431,2024-10-17,21,9,0
1431,2024-10-24,13,6,0
1431,2024-10-31,18,5,0
1431,2024-11-07,16,8,1
1431,2024-11-14,5,7,0
1431,2024-11-21,11,4,0
1431,2024-11-28,15,8,0
1431,2024-12-05,17,5,0
1431,2024-12-12,22,7,0
1431,2024-12-19,16,7,1
1431,2024-12-26,24,9,1
1432,2024-07-25,15,9,0
1432,2024-08-01,19,6,0
1432,2024-08-08,15,8,0
1432,2024-08-15,23,6,0
1432,2024-08-22,17,6,0
1432,2024-08-29,6,8,0
1432,2024-09-05,12,4,0
1432,2024-09-12,15,3,0
1432,2024-09-19,12,8,0
1432,2024-09-26,19,3,0
1432,2024-10-03,23,6,0
1432,2024-10-10,13,5,0
1432,2024-10-17,22,4,0
1432,2024-10-24,15,9,0
1432,2024-10-31,18,7,0
1432,2024-11-07,14,8,0
1432,2024-11-14,18,8,1
1432,2024-11-21,14,4,0
1432,2024-11-28,13,4,0
1432,2024-12-05,5,8,0
1432,2024-12-12,6,5,0
1432,2024-12-19,18,6,0
1432,2024-12-26,22,9,0
1434,2024-10-27,5,3,0
1434,2024-11-03,19,9,0
1434,2024-11-10,14,8,0
1434,2024-11-17,5,8,0
1434,2024-11-24,10,7,0
1434,2024-12-01,23,5,0
1434,2024-12-08,11,8,1
1434,2024-12-15,16,9,0
1434,2024-12-22,18,8,0
1434,2024-12-29,11,5,0
1435,2024-09-28,11,4,0
1435,2024-10-05,13,7,0
1435,2024-10-12,17,6,0
1435,2024-10-19,21,9,0
1435,2024-10-26,10,4,0
1435,2024-11-02,23,4,1
1435,2024-11-09,8,8,0
1435,2024-11-16,10,6,1
1435,2024-11-23,13,6,0
1435,2024-11-30,15,8,0
1435,2024-12-07,6,4,0
1435,2024-12-14,19,7,0
1435,2024-12-21,6,6,0
1435,2024-12-28,11,4,0
1436,2024-12-25,19,7,0
1436,2025-01-01,15,9,0
1437,2024-03-27,10,9,0
1437,2024-04-03,17,8,0
1437,2024-04-10,16,6,1
1437,2024-04-17,12,9,0
1437,2024-04-24,7,3,0
1437,2024-05-01,12,5,0
1437,2024-05-08,10,4,0
1437,2024-05-15,15,6,0
1437,2024-05-22,6,5,0
1437,2024-05-29,8,3,0
1437,2024-06-05,19,4,1
1437,2024-06-12,11,9,0
1437,2024-06-19,22,9,0
1437,2024-06-26,6,7,0
1437,2024-07-03,10,7,0
1437,2024-07-10,9,6,0
1437,2024-07-17,18,3,0
1437,2024-07-24,7,7,0
1437,2024-07-31,7,4,0
1437,2024-08-07,8,7,0
1437,2024-08-14,11,5,0
1437,2024-08-21,21,4,0
1437,2024-08-28,18,7,1
1437,2024-09-04,22,5,0
1437,2024-09-11,15,4,0
1437,2024-09-18,20,7,1
1437,2024-09-25,18,6,0
1437,2024-10-02,23,7,0
1437,2024-10-09,7,3,0
1437,2024-10-16,19,5,0
1437,2024-10-23,8,8,0
1437,2024-10-30,17,9,0
1437,2024-11-06,9,4,0
1437,2024-11-13,5,7,1
1437,2024-11-20,9,5,0
1437,2024-11-27,16,9,0
1437,2024-12-04,21,8,1
1437,2024-12-11,18,7,0
1437,2024-12-18,9,9,0
1437,2024-12-25,22,8,0
1437,2025-01-01,24,3,0
1438,2025-03-28,21,5,0
1438,2025-04-04,16,8,0
1438,2025-04-11,20,8,1
1438,2025-04-18,15,3,0
1438,2025-04-25,1,2,0
1438,2025-05-02,2,2,0
1438,2025-05-09,2,1,0
1438,2025-05-16,0,1,1
1438,2025-05-23,1,2,0
1439,2024-01-31,16,9,0
1439,2024-02-07,23,4,0
1439,2024-02-14,9,6,0
1439,2024-02-21,22,8,0
1439,2024-02-28,5,7,0
1439,2024-03-06,21,4,0
1439,2024-03-13,20,7,0
1439,2024-03-20,16,6,0
1439,2024-03-27,23,9,0
1439,2024-04-03,16,6,0
1439,2024-04-10,16,3,0
1439,2024-04-17,15,8,0
1439,2024-04-24,6,7,0
1439,2024-05-01,16,9,0
1439,2024-05-08,11,7,0
1439,2024-05-15,23,9,0
1439,2024-05-22,22,4,0
1439,2024-05-29,10,8,0
1439,2024-06-05,18,8,0
1439,2024-06-12,21,4,0
1439,2024-06-19,9,3,1
1439,2024-06-26,11,5,0
1439,2024-07-03,23,5,0
1439,2024-07-10,22,7,1
1439,2024-07-17,13,5,0
1439,2024-07-24,9,4,1
1439,2024-07-31,10,4,1
1439,2024-08-07,5,9,0
1439,2024-08-14,22,9,0
1439,2024-08-21,14,9,0
1439,2024-08-28,15,6,1
1439,2024-09-04,20,8,0
1439,2024-09-11,21,9,1
1439,2024-09-18,20,5,0
1439,2024-09-25,15,7,0
1439,2024-10-02,13,8,0
1439,2024-10-09,5,8,0
1439,2024-10-16,12,5,0
1439,2024-10-23,8,5,0
1439,2024-10-30,21,4,0
1439,2024-11-06,8,4,0
1439,2024-11-13,11,6,0
1439,2024-11-20,20,7,0
1439,2024-11-27,17,8,0
1439,2024-12-04,15,5,0
1439,2024-12-11,18,4,0
1439,2024-12-18,12,8,0
1439,2024-12-25,19,7,0
1439,2025-01-01,12,5,0
1440,2024-06-19,23,8,0
1440,2024-06-26,17,9,0
1440,2024-07-03,11,4,0
1440,2024-07-10,7,7,0
1440,2024-07-17,8,5,0
1440,2024-07-24,8,8,0
1440,2024-07-31,9,6,1
1440,2024-08-07,11,6,1
1440,2024-08-14,10,7,0
1440,2024-08-21,7,6,0
1440,2024-08-28,20,8,0
1440,2024-09-04,22,7,0
1440,2024-09-11,14,7,0
1440,2024-09-18,20,3,0
1440,2024-09-25,9,4,0
1440,2024-10-02,8,6,0
1440,2024-10-09,20,4,0
1440,2024-10-16,6,6,0
1440,2024-10-23,11,9,0
1440,2024-10-30,16,7,1
1440,2024-11-06,15,6,0
1440,2024-11-13,11,8,1
1440,2024-11-20,24,6,0
1440,2024-11-27,17,3,0
1440,2024-12-04,5,6,0
1440,2024-12-11,10,4,0
1440,2024-12-18,13,7,0
1440,2024-12-25,13,5,0
1440,2025-01-01,24,9,1
1441,2024-01-30,19,9,1
1441,2024-02-06,24,3,0
1441,2024-02-13,23,6,0
1441,2024-02-20,7,5,1
1441,2024-02-27,19,5,0
1441,2024-03-05,18,8,1
1441,2024-03-12,21,4,0
1441,2024-03-19,15,6,1
1441,2024-03-26,11,3,0
1441,2024-04-02,5,3,0
1441,2024-04-09,16,9,1
1441,2024-04-16,19,7,1
1441,2024-04-23,6,9,0
1441,2024-04-30,11,5,0
1441,2024-05-07,21,5,0
1441,2024-05-14,5,8,0
1441,2024-05-21,12,3,1
1441,2024-05-28,11,9,0
1441,2024-06-04,8,9,0
1441,2024-06-11,22,7,0
1441,2024-06-18,18,7,0
1441,2024-06-25,21,5,1
1441,2024-07-02,18,4,0
1441,2024-07-09,9,4,0
1441,2024-07-16,14,5,0
1441,2024-07-23,10,4,0
1441,2024-07-30,7,9,0
1441,2024-08-06,11,3,0
1441,2024-08-13,13,7,0
1441,2024-08-20,21,3,0
1441,2024-08-27,20,6,1
1441,2024-09-03,11,3,1
1441,2024-09-10,9,3,0
1441,2024-09-17,5,3,0
1441,2024-09-24,7,7,0
1441,2024-10-01,11,7,0
1441,2024-10-08,6,6,0
1441,2024-10-15,14,7,0
1441,2024-10-22,8,9,0
1441,2024-10-29,5,4,0
1441,2024-11-05,18,3,0
1441,2024-11-12,6,9,0
1441,2024-11-19,11,7,0
1441,2024-11-26,8,4,0
1441,2024-12-03,5,3,0
1441,2024-12-10,18,7,0
1441,2024-12-17,7,6,0
1441,2024-12-24,21,5,0
1441,2024-12-31,16,4,0
1442,2025-01-29,9,7,0
1442,2025-02-05,10,8,0
1442,2025-02-12,18,6,0
1442,2025-02-19,16,8,0
1442,2025-02-26,22,3,0
1442,2025-03-05,20,9,0
1442,2025-03-12,0,1,1
1442,2025-03-19,0,2,0
1442,2025-03-26,2,1,0
1442,2025-04-02,2,2,1
1443,2025-02-08,17,7,0
1443,2025-02-15,21,5,0
1443,2025-02-22,21,5,0
1443,2025-03-01,6,8,0
1443,2025-03-08,18,5,0
1443,2025-03-15,8,4,0
1443,2025-03-22,9,3,0
1443,2025-03-29,21,6,0
1443,2025-04-05,7,7,0
1443,2025-04-12,24,8,0
1443,2025-04-19,23,3,0
1443,2025-04-26,11,4,0
1443,2025-05-03,7,3,0
1443,2025-05-10,19,9,0
1443,2025-05-17,2,2,1
1443,2025-05-24,2,1,0
1443,2025-05-31,1,1,1
1443,2025-06-07,0,2,0
1448,2024-06-30,12,6,0
1448,2024-07-07,19,9,0
1448,2024-07-14,15,6,0
1448,2024-07-21,13,8,0
1448,2024-07-28,5,5,0
1448,2024-08-04,9,9,0
1448,2024-08-11,0,1,0
1448,2024-08-18,2,1,1
1448,2024-08-25,1,2,1
1448,2024-09-01,2,2,1
1449,2024-05-06,5,3,0
1449,2024-05-13,23,4,0
1449,2024-05-20,9,9,1
1449,2024-05-27,15,6,0
1449,2024-06-03,13,7,0
1449,2024-06-10,12,4,0
1449,2024-06-17,15,9,0
1449,2024-06-24,17,4,1
1449,2024-07-01,24,5,0
1449,2024-07-08,9,6,0
1449,2024-07-15,12,5,0
1449,2024-07-22,22,3,0
1449,2024-07-29,5,6,0
1449,2024-08-05,9,4,0
1449,2024-08-12,7,9,0
1449,2024-08-19,16,9,1
1449,2024-08-26,5,4,0
1449,2024-09-02,11,4,0
1449,2024-09-09,12,8,0
1449,2024-09-16,24,8,0
1449,2024-09-23,11,3,0
1449,2024-09-30,8,7,0
1449,2024-10-07,8,7,0
1449,2024-10-14,13,8,0
1449,2024-10-21,7,6,0
1449,2024-10-28,24,6,0
1449,2024-11-04,19,5,1
1449,2024-11-11,16,6,0
1449,2024-11-18,20,5,0
1449,2024-11-25,13,8,0
1449,2024-12-02,9,5,0
1449,2024-12-09,16,8,0
1449,2024-12-16,15,4,0
1449,2024-12-23,14,4,0
1449,2024-12-30,15,4,0
1450,2024-03-21,11,7,0
1450,2024-03-28,12,8,0
1450,2024-04-04,7,8,0
1450,2024-04-11,15,6,0
1450,2024-04-18,19,3,0
1450,2024-04-25,20,7,0
1450,2024-05-02,23,4,0
1450,2024-05-09,6,5,0
1450,2024-05-16,9,4,1
1450,2024-05-23,5,4,0
1450,2024-05-30,24,6,0
1450,2024-06-06,14,4,0
1450,2024-06-13,16,4,0
1450,2024-06-20,23,8,0
1450,2024-06-27,12,9,0
1450,2024-07-04,20,6,0
1450,2024-07-11,19,8,0
1450,2024-07-18,6,5,0
1450,2024-07-25,13,7,0
1450,2024-08-01,13,8,0
1450,2024-08-08,11,5,0
1450,2024-08-15,16,7,0
1450,2024-08-22,20,7,0
1450,2024-08-29,17,5,0
1450,2024-09-05,8,9,0
1450,2024-09-12,23,7,0
1450,2024-09-19,10,9,0
1450,2024-09-26,12,3,0
1450,2024-10-03,16,7,0
1450,2024-10-10,13,6,0
1450,2024-10-17,10,8,0
1450,2024-10-24,19,5,0
1450,2024-10-31,20,7,0
1450,2024-11-07,11,8,0
1450,2024-11-14,7,5,0
1450,2024-11-21,15,7,0
1450,2024-11-28,6,3,0
1450,2024-12-05,6,8,0
1450,2024-12-12,9,4,0
1450,2024-12-19,23,8,1
1450,2024-12-26,20,6,0
1450,2025-01-02,12,4,0
1450,2025-01-09,18,9,0
1450,2025-01-16,11,7,0
1450,2025-01-23,7,5,0
1450,2025-01-30,12,6,0
1450,2025-02-06,9,6,0
1450,2025-02-13,10,3,0
1450,2025-02-20,18,4,0
1450,2025-02-27,22,6,0
1450,2025-03-06,10,9,0
1450,2025-03-13,13,7,0
1450,2025-03-20,6,6,1
1450,2025-03-27,20,3,0
1450,2025-04-03,0,2,0
1450,2025-04-10,1,2,0
1450,2025-04-17,2,1,1
1450,2025-04-24,2,2,0
1452,2024-12-15,8,3,0
1452,2024-12-22,18,8,0
1452,2024-12-29,16,5,0
1453,2025-04-24,22,8,0
1453,2025-05-01,11,6,0
1453,2025-05-08,8,4,0
1453,2025-05-15,20,9,0
1453,2025-05-22,1,2,1
1453,2025-05-29,2,2,0
1453,2025-06-05,2,1,0
1453,2025-06-12,0,2,0
1454,2024-02-22,11,9,0
1454,2024-02-29,22,7,0
1454,2024-03-07,20,5,0
1454,2024-03-14,24,4,0
1454,2024-03-21,18,6,0
1454,2024-03-28,21,3,0
1454,2024-04-04,17,5,0
1454,2024-04-11,21,6,0
1454,2024-04-18,13,9,0
1454,2024-04-25,17,9,0
1454,2024-05-02,12,6,0
1454,2024-05-09,14,7,0
1454,2024-05-16,23,3,1
1454,2024-05-23,11,3,0
1454,2024-05-30,18,7,1
1454,2024-06-06,18,3,0
1454,2024-06-13,16,8,0
1454,2024-06-20,6,7,0
1454,2024-06-27,19,5,0
1454,2024-07-04,6,9,1
1454,2024-07-11,11,4,0
1454,2024-07-18,6,4,0
1454,2024-07-25,19,5,0
1454,2024-08-01,14,5,0
1454,2024-08-08,19,8,0
1454,2024-08-15,21,8,0
1454,2024-08-22,21,6,0
1454,2024-08-29,11,9,0
1454,2024-09-05,16,3,0
1454,2024-09-12,22,5,0
1454,2024-09-19,7,7,0
1454,2024-09-26,9,8,0
1454,2024-10-03,5,8,0
1454,2024-10-10,13,7,0
1454,2024-10-17,13,8,0
1454,2024-10-24,9,6,1
1454,2024-10-31,22,7,0
1454,2024-11-07,23,9,0
1454,2024-11-14,22,8,0
1454,2024-11-21,9,8,0
1454,2024-11-28,12,6,0
1454,2024-12-05,10,6,0
1454,2024-12-12,6,7,0
1454,2024-12-19,8,7,0
1454,2024-12-26,7,3,0
1455,2024-11-18,15,7,0
1455,2024-11-25,12,5,0
1455,2024-12-02,11,9,1
1455,2024-12-09,22,7,0
1455,2024-12-16,8,9,0
1455,2024-12-23,22,3,0
1455,2024-12-30,23,7,0
1456,2024-08-19,22,4,0
1456,2024-08-26,11,5,0
1456,2024-09-02,21,3,0
1456,2024-09-09,6,9,1
1456,2024-09-16,14,4,0
1456,2024-09-23,14,6,0
1456,2024-09-30,17,7,0
1456,2024-10-07,14,4,0
1456,2024-10-14,15,6,0
1456,2024-10-21,14,9,0
1456,2024-10-28,20,8,0
1456,2024-11-04,19,4,0
1456,2024-11-11,10,4,1
1456,2024-11-18,13,9,0
1456,2024-11-25,22,9,0
1456,2024-12-02,22,5,0
1456,2024-12-09,21,4,0
1456,2024-12-16,15,4,0
1456,2024-12-23,17,9,0
1456,2024-12-30,8,4,0
1457,2025-01-30,16,3,0
1457,2025-02-06,12,7,0
1457,2025-02-13,7,8,0
1457,2025-02-20,15,4,0
1457,2025-02-27,8,9,1
1457,2025-03-06,22,9,0
1457,2025-03-13,16,5,0
1457,2025-03-20,7,5,0
1457,2025-03-27,13,5,0
1457,2025-04-03,21,7,0
1457,2025-04-10,15,4,1
1457,2025-04-17,24,3,0
1457,2025-04-24,15,9,1
1457,2025-05-01,12,9,1
1457,2025-05-08,0,2,2
1457,2025-05-15,1,1,0
1457,2025-05-22,2,1,0
1457,2025-05-29,1,1,1
1458,2024-06-25,16,8,0
1458,2024-07-02,18,8,0
1458,2024-07-09,22,5,0
1458,2024-07-16,23,5,0
1458,2024-07-23,7,6,0
1458,2024-07-30,17,6,0
1458,2024-08-06,16,4,0
1458,2024-08-13,23,5,0
1458,2024-08-20,9,4,0
1458,2024-08-27,5,3,0
1458,2024-09-03,17,5,0
1458,2024-09-10,17,8,0
1458,2024-09-17,10,6,0
1458,2024-09-24,23,5,0
1458,2024-10-01,9,7,1
1458,2024-10-08,23,6,0
1458,2024-10-15,11,9,0
1458,2024-10-22,21,5,1
1458,2024-10-29,17,7,0
1458,2024-11-05,16,3,0
1458,2024-11-12,16,4,0
1458,2024-11-19,24,4,0
1458,2024-11-26,13,8,0
1458,2024-12-03,10,7,1
1458,2024-12-10,21,7,0
1458,2024-12-17,23,5,0
1458,2024-12-24,21,8,0
1458,2024-12-31,18,6,0
1459,2024-08-10,24,8,0
1459,2024-08-17,17,7,0
1459,2024-08-24,21,8,0
1459,2024-08-31,20,7,0
1459,2024-09-07,6,5,0
1459,2024-09-14,7,9,0
1459,2024-09-21,13,9,0
1459,2024-09-28,19,8,0
1459,2024-10-05,7,3,0
1459,2024-10-12,22,8,0
1459,2024-10-19,23,8,0
1459,2024-10-26,13,4,0
1459,2024-11-02,12,9,0
1459,2024-11-09,10,4,0
1459,2024-11-16,13,5,0
1459,2024-11-23,23,8,0
1459,2024-11-30,24,3,0
1459,2024-12-07,6,8,0
1459,2024-12-14,5,9,0
1459,2024-12-21,12,9,0
1459,2024-12-28,15,6,0
1460,2024-03-07,11,6,0
1460,2024-03-14,21,6,0
1460,2024-03-21,7,3,1
1460,2024-03-28,20,9,0
1460,2024-04-04,23,4,0
1460,2024-04-11,22,8,0
1460,2024-04-18,9,7,0
1460,2024-04-25,15,8,0
1460,2024-05-02,23,7,0
1460,2024-05-09,12,6,0
1460,2024-05-16,18,3,1
1460,2024-05-23,11,9,0
1460,2024-05-30,19,4,0
1460,2024-06-06,20,7,0
1460,2024-06-13,19,9,0
1460,2024-06-20,14,4,0
1460,2024-06-27,10,8,0
1460,2024-07-04,19,4,0
1460,2024-07-11,5,7,0
1460,2024-07-18,7,9,0
1460,2024-07-25,13,8,0
1460,2024-08-01,8,3,0
1460,2024-08-08,11,5,0
1460,2024-08-15,12,5,0
1460,2024-08-22,24,7,0
1460,2024-08-29,7,9,0
1460,2024-09-05,15,4,0
1460,2024-09-12,19,4,1
1460,2024-09-19,9,9,0
1460,2024-09-26,19,5,0
1460,2024-10-03,12,6,1
1460,2024-10-10,23,9,0
1460,2024-10-17,9,4,0
1460,2024-10-24,8,7,1
1460,2024-10-31,11,9,0
1460,2024-11-07,12,3,0
1460,2024-11-14,22,6,0
1460,2024-11-21,18,4,1
1460,2024-11-28,19,4,0
1460,2024-12-05,6,7,0
1460,2024-12-12,12,5,0
1460,2024-12-19,18,5,0
1460,2024-12-26,15,6,0
1462,2024-03-31,22,8,0
1462,2024-04-07,12,8,1
1462,2024-04-14,23,7,0
1462,2024-04-21,5,7,0
1462,2024-04-28,6,7,0
1462,2024-05-05,15,7,0
1462,2024-05-12,19,7,0
1462,2024-05-19,18,4,0
1462,2024-05-26,11,9,0
1462,2024-06-02,12,9,1
1462,2024-06-09,20,4,0
1462,2024-06-16,9,9,0
1462,2024-06-23,17,4,0
1462,2024-06-30,7,3,0
1462,2024-07-07,17,3,0
1462,2024-07-14,9,9,0
1462,2024-07-21,19,8,0
1462,2024-07-28,11,5,0
1462,2024-08-04,22,4,0
1462,2024-08-11,18,5,0
1462,2024-08-18,23,8,1
1462,2024-08-25,11,5,0
1462,2024-09-01,19,5,0
1462,2024-09-08,23,9,0
1462,2024-09-15,24,4,0
1462,2024-09-22,11,4,0
1462,2024-09-29,22,9,0
1462,2024-10-06,24,5,0
1462,2024-10-13,12,7,1
1462,2024-10-20,10,9,0
1462,2024-10-27,16,6,0
1462,2024-11-03,23,3,1
1462,2024-11-10,21,9,0
1462,2024-11-17,23,4,0
1462,2024-11-24,15,6,0
1462,2024-12-01,17,6,0
1462,2024-12-08,14,8,0
1462,2024-12-15,6,7,0
1462,2024-12-22,12,7,0
1462,2024-12-29,10,7,0
1463,2024-08-18,24,6,0
1463,2024-08-25,13,7,0
1463,2024-09-01,23,6,0
1463,2024-09-08,22,4,0
1463,2024-09-15,15,9,0
1463,2024-09-22,6,5,0
1463,2024-09-29,23,4,0
1463,2024-10-06,8,9,0
1463,2024-10-13,17,4,0
1463,2024-10-20,8,9,0
1463,2024-10-27,23,7,0
1463,2024-11-03,19,8,0
1463,2024-11-10,21,4,0
1463,2024-11-17,13,7,0
1463,2024-11-24,24,6,0
1463,2024-12-01,15,4,1
1463,2024-12-08,9,8,0
1463,2024-12-15,19,6,0
1463,2024-12-22,15,9,0
1463,2024-12-29,13,6,0
1464,2024-09-09,7,7,0
1464,2024-09-16,11,3,0
1464,2024-09-23,22,4,0
1464,2024-09-30,7,5,0
1464,2024-10-07,21,9,0
1464,2024-10-14,5,5,0
1464,2024-10-21,13,6,0
1464,2024-10-28,10,6,0
1464,2024-11-04,17,5,0
1464,2024-11-11,13,8,0
1464,2024-11-18,9,9,0
1464,2024-11-25,23,9,0
1464,2024-12-02,15,4,0
1464,2024-12-09,7,5,0
1464,2024-12-16,5,3,0
1464,2024-12-23,24,8,0
1464,2024-12-30,12,9,0
1465,2024-09-08,19,3,0
1465,2024-09-15,23,5,1
1465,2024-09-22,24,7,0
1465,2024-09-29,18,7,1
1465,2024-10-06,14,3,0
1465,2024-10-13,8,8,0
1465,2024-10-20,8,8,0
1465,2024-10-27,9,4,0
1465,2024-11-03,2,1,2
1465,2024-11-10,1,2,0
1465,2024-11-17,1,1,0
1465,2024-11-24,2,1,0
1466,2024-06-26,22,9,0
1466,2024-07-03,8,8,0
1466,2024-07-10,10,4,1
1466,2024-07-17,8,6,0
1466,2024-07-24,14,9,1
1466,2024-07-31,16,5,1
1466,2024-08-07,7,5,0
1466,2024-08-14,12,8,0
1466,2024-08-21,18,6,0
1466,2024-08-28,19,6,0
1466,2024-09-04,23,7,0
1466,2024-09-11,9,4,0
1466,2024-09-18,19,8,0
1466,2024-09-25,17,8,0
1466,2024-10-02,20,4,0
1466,2024-10-09,18,7,0
1466,2024-10-16,10,5,0
1466,2024-10-23,18,8,0
1466,2024-10-30,11,7,0
1466,2024-11-06,18,9,1
1466,2024-11-13,16,4,0
1466,2024-11-20,10,5,0
1466,2024-11-27,20,4,0
1466,2024-12-04,9,7,0
1466,2024-12-11,12,8,0
1466,2024-12-18,24,4,0
1466,2024-12-25,17,4,0
1466,2025-01-01,17,5,0
1467,2024-10-31,20,4,0
1467,2024-11-07,8,3,0
1467,2024-11-14,18,6,0
1467,2024-11-21,20,3,0
1467,2024-11-28,8,5,0
1467,2024-12-05,23,9,0
1467,2024-12-12,23,6,0
1467,2024-12-19,14,8,0
1467,2024-12-26,6,4,0
1469,2024-10-25,24,5,0
1469,2024-11-01,20,4,0
1469,2024-11-08,21,6,0
1469,2024-11-15,10,3,0
1469,2024-11-22,8,4,0
1469,2024-11-29,21,5,0
1469,2024-12-06,14,5,0
1469,2024-12-13,9,9,0
1469,2024-12-20,19,6,0
1469,2024-12-27,20,6,0
1470,2024-12-23,16,6,0
1470,2024-12-30,20,8,0
1471,2024-01-19,18,5,0
1471,2024-01-26,11,7,0
1471,2024-02-02,21,3,1
1471,2024-02-09,24,4,1
1471,2024-02-16,5,4,0
1471,2024-02-23,20,4,0
1471,2024-03-01,17,8,0
1471,2024-03-08,9,3,0
1471,2024-03-15,20,6,0
1471,2024-03-22,20,8,0
1471,2024-03-29,6,9,1
1471,2024-04-05,23,5,0
1471,2024-04-12,15,8,0
1471,2024-04-19,11,9,0
1471,2024-04-26,12,8,0
1471,2024-05-03,1,1,0
1471,2024-05-10,1,2,0
1471,2024-05-17,1,1,1
1471,2024-05-24,0,1,0
1472,2024-07-06,22,8,0
1472,2024-07-13,15,7,0
1472,2024-07-20,5,3,0
1472,2024-07-27,20,4,0
1472,2024-08-03,23,5,0
1472,2024-08-10,18,3,0
1472,2024-08-17,22,6,0
1472,2024-08-24,11,6,0
1472,2024-08-31,24,3,0
1472,2024-09-07,13,9,0
1472,2024-09-14,24,4,0
1472,2024-09-21,16,9,0
1472,2024-09-28,16,3,0
1472,2024-10-05,24,6,0
1472,2024-10-12,5,7,0
1472,2024-10-19,16,7,1
1472,2024-10-26,13,6,0
1472,2024-11-02,13,9,0
1472,2024-11-09,17,8,0
1472,2024-11-16,22,3,0
1472,2024-11-23,14,3,0
1472,2024-11-30,5,5,0
1472,2024-12-07,11,9,0
1472,2024-12-14,24,4,0
1472,2024-12-21,9,7,0
1472,2024-12-28,9,9,1
1473,2024-03-22,8,8,0
1473,2024-03-29,21,7,1
1473,2024-04-05,13,4,0
1473,2024-04-12,7,7,0
1473,2024-04-19,10,8,0
1473,2024-04-26,10,4,1
1473,2024-05-03,23,4,1
1473,2024-05-10,5,3,0
1473,2024-05-17,9,4,0
1473,2024-05-24,22,6,0
1473,2024-05-31,8,4,0
1473,2024-06-07,17,3,1
1473,2024-06-14,7,5,0
1473,2024-06-21,19,7,0
1473,2024-06-28,23,5,0
1473,2024-07-05,22,5,0
1473,2024-07-12,16,3,0
1473,2024-07-19,17,6,0
1473,2024-07-26,13,4,0
1473,2024-08-02,11,9,0
1473,2024-08-09,23,8,0
1473,2024-08-16,18,7,0
1473,2024-08-23,24,4,0
1473,2024-08-30,10,7,0
1473,2024-09-06,19,4,0
1473,2024-09-13,23,9,0
1473,2024-09-20,20,4,0
1473,2024-09-27,7,8,0
1473,2024-10-04,5,8,0
1473,2024-10-11,8,4,0
1473,2024-10-18,18,3,0
1473,2024-10-25,15,9,0
1473,2024-11-01,5,4,0
1473,2024-11-08,14,7,0
1473,2024-11-15,12,4,0
1473,2024-11-22,16,4,1
1473,2024-11-29,9,6,0
1473,2024-12-06,8,7,0
1473,2024-12-13,22,6,0
1473,2024-12-20,24,8,1
1473,2024-12-27,15,6,0
1474,2024-12-23,8,7,0
1474,2024-12-30,17,3,0
1475,2024-08-19,11,3,0
1475,2024-08-26,9,8,0
1475,2024-09-02,17,9,0
1475,2024-09-09,7,8,1
1475,2024-09-16,17,7,0
1475,2024-09-23,11,7,1
1475,2024-09-30,12,8,0
1475,2024-10-07,11,9,0
1475,2024-10-14,17,6,0
1475,2024-10-21,14,9,0
1475,2024-10-28,6,7,1
1475,2024-11-04,17,9,0
1475,2024-11-11,8,5,0
1475,2024-11-18,24,6,0
1475,2024-11-25,17,9,0
1475,2024-12-02,18,8,0
1475,2024-12-09,17,9,0
1475,2024-12-16,10,9,0
1475,2024-12-23,18,7,0
1475,2024-12-30,13,3,0
1475,2025-01-06,21,5,0
1475,2025-01-13,5,3,0
1475,2025-01-20,22,6,0
1475,2025-01-27,5,9,0
1475,2025-02-03,13,8,0
1475,2025-02-10,24,4,0
1475,2025-02-17,7,4,0
1475,2025-02-24,5,5,0
1475,2025-03-03,2,1,0
1475,2025-03-10,1,2,0
1475,2025-03-17,1,2,0
1475,2025-03-24,0,1,0
1476,2024-04-04,19,7,0
1476,2024-04-11,8,4,0
1476,2024-04-18,22,8,0
1476,2024-04-25,17,7,0
1476,2024-05-02,15,6,0
1476,2024-05-09,19,7,0
1476,2024-05-16,9,3,0
1476,2024-05-23,20,3,0
1476,2024-05-30,22,5,0
1476,2024-06-06,9,4,0
1476,2024-06-13,10,5,0
1476,2024-06-20,10,7,0
1476,2024-06-27,5,6,0
1476,2024-07-04,20,3,0
1476,2024-07-11,10,3,0
1476,2024-07-18,18,6,0
1476,2024-07-25,6,7,0
1476,2024-08-01,24,6,0
1476,2024-08-08,7,4,0
1476,2024-08-15,8,3,0
1476,2024-08-22,19,4,0
1476,2024-08-29,22,7,0
1476,2024-09-05,23,3,0
1476,2024-09-12,12,5,0
1476,2024-09-19,6,9,0
1476,2024-09-26,14,9,0
1476,2024-10-03,6,3,0
1476,2024-10-10,16,9,1
1476,2024-10-17,24,8,0
1476,2024-10-24,17,6,1
1476,2024-10-31,13,9,0
1476,2024-11-07,5,6,0
1476,2024-11-14,5,6,0
1476,2024-11-21,17,4,1
1476,2024-11-28,24,9,0
1476,2024-12-05,5,6,0
1476,2024-12-12,22,6,0
1476,2024-12-19,24,3,0
1476,2024-12-26,8,7,0
1477,2024-10-30,21,5,0
1477,2024-11-06,21,9,0
1477,2024-11-13,22,9,0
1477,2024-11-20,6,5,0
1477,2024-11-27,8,7,0
1477,2024-12-04,17,6,0
1477,2024-12-11,20,8,0
1477,2024-12-18,5,6,0
1477,2024-12-25,8,3,0
1477,2025-01-01,23,8,0
1478,2024-03-17,8,9,0
1478,2024-03-24,18,9,0
1478,2024-03-31,10,4,0
1478,2024-04-07,17,8,1
1478,2024-04-14,20,9,0
1478,2024-04-21,18,3,0
1478,2024-04-28,11,6,0
1478,2024-05-05,18,5,1
1478,2024-05-12,17,6,0
1478,2024-05-19,21,3,0
1478,2024-05-26,15,6,0
1478,2024-06-02,10,6,0
1478,2024-06-09,16,7,0
1478,2024-06-16,15,6,0
1478,2024-06-23,11,3,0
1478,2024-06-30,12,7,1
1478,2024-07-07,18,4,0
1478,2024-07-14,20,8,0
1478,2024-07-21,21,5,0
1478,2024-07-28,9,5,0
1478,2024-08-04,9,8,0
1478,2024-08-11,18,4,1
1478,2024-08-18,10,7,0
1478,2024-08-25,15,3,0
1478,2024-09-01,24,6,0
1478,2024-09-08,22,6,0
1478,2024-09-15,0,1,0
1478,2024-09-22,1,2,0
1478,2024-09-29,0,2,2
1478,2024-10-06,2,1,2
1479,2024-04-29,18,4,1
1479,2024-05-06,11,9,0
1479,2024-05-13,16,9,1
1479,2024-05-20,13,5,0
1479,2024-05-27,14,8,0
1479,2024-06-03,12,5,0
1479,2024-06-10,9,7,1
1479,2024-06-17,13,9,0
1479,2024-06-24,18,8,0
1479,2024-07-01,24,8,0
1479,2024-07-08,21,4,0
1479,2024-07-15,5,8,0
1479,2024-07-22,8,7,0
1479,2024-07-29,14,3,0
1479,2024-08-05,9,9,0
1479,2024-08-12,14,9,0
1479,2024-08-19,24,4,1
1479,2024-08-26,15,5,1
1479,2024-09-02,12,9,0
1479,2024-09-09,9,6,0
1479,2024-09-16,13,4,0
1479,2024-09-23,21,6,0
1479,2024-09-30,21,7,0
1479,2024-10-07,12,3,0
1479,2024-10-14,20,8,0
1479,2024-10-21,7,9,0
1479,2024-10-28,10,7,0
1479,2024-11-04,13,7,0
1479,2024-11-11,8,7,0
1479,2024-11-18,8,3,0
1479,2024-11-25,6,3,0
1479,2024-12-02,21,9,0
1479,2024-12-09,13,4,0
1479,2024-12-16,19,5,0
1479,2024-12-23,14,7,0
1479,2024-12-30,11,9,0
1482,2024-11-05,13,9,0
1482,2024-11-12,11,9,0
1482,2024-11-19,12,6,0
1482,2024-11-26,24,5,0
1482,2024-12-03,20,3,0
1482,2024-12-10,17,6,0
1482,2024-12-17,24,7,0
1482,2024-12-24,15,3,0
1482,2024-12-31,20,7,0
1483,2024-12-20,8,8,0
1483,2024-12-27,12,3,0
1485,2024-02-05,13,7,0
1485,2024-02-12,14,7,1
1485,2024-02-19,13,3,0
1485,2024-02-26,7,7,1
1485,2024-03-04,11,6,0
1485,2024-03-11,17,4,0
1485,2024-03-18,9,8,0
1485,2024-03-25,7,3,0
1485,2024-04-01,16,5,0
1485,2024-04-08,6,6,0
1485,2024-04-15,18,4,0
1485,2024-04-22,14,6,0
1485,2024-04-29,15,6,0
1485,2024-05-06,20,4,0
1485,2024-05-13,19,8,0
1485,2024-05-20,24,4,0
1485,2024-05-27,13,6,0
1485,2024-06-03,8,6,0
1485,2024-06-10,11,9,0
1485,2024-06-17,21,9,0
1485,2024-06-24,23,6,0
1485,2024-07-01,17,4,0
1485,2024-07-08,24,6,0
1485,2024-07-15,9,9,0
1485,2024-07-22,5,5,0
1485,2024-07-29,8,9,0
1485,2024-08-05,15,4,0
1485,2024-08-12,15,8,0
1485,2024-08-19,22,9,0
1485,2024-08-26,5,4,0
1485,2024-09-02,13,6,0
1485,2024-09-09,19,3,0
1485,2024-09-16,20,9,0
1485,2024-09-23,16,3,0
1485,2024-09-30,23,4,0
1485,2024-10-07,21,3,0
1485,2024-10-14,14,6,0
1485,2024-10-21,19,3,0
1485,2024-10-28,6,8,0
1485,2024-11-04,13,4,0
1485,2024-11-11,21,3,0
1485,2024-11-18,6,7,0
1485,2024-11-25,20,8,0
1485,2024-12-02,12,7,0
1485,2024-12-09,24,3,0
1485,2024-12-16,23,4,1
1485,2024-12-23,15,6,0
1485,2024-12-30,6,7,1
1486,2024-09-03,19,7,0
1486,2024-09-10,7,9,0
1486,2024-09-17,13,6,0
1486,2024-09-24,16,5,0
1486,2024-10-01,17,5,0
1486,2024-10-08,6,7,0
1486,2024-10-15,13,5,0
1486,2024-10-22,12,9,0
1486,2024-10-29,20,7,0
1486,2024-11-05,22,8,0
1486,2024-11-12,13,9,1
1486,2024-11-19,8,9,0
1486,2024-11-26,19,6,0
1486,2024-12-03,16,7,0
1486,2024-12-10,21,3,0
1486,2024-12-17,18,7,0
1486,2024-12-24,20,5,0
1486,2024-12-31,11,6,0
1487,2024-04-29,22,4,0
1487,2024-05-06,15,4,0
1487,2024-05-13,11,4,0
1487,2024-05-20,11,3,0
1487,2024-05-27,11,5,0
1487,2024-06-03,17,5,0
1487,2024-06-10,21,6,0
1487,2024-06-17,8,8,0
1487,2024-06-24,15,7,0
1487,2024-07-01,13,4,0
1487,2024-07-08,7,3,0
1487,2024-07-15,17,8,1
1487,2024-07-22,18,6,0
1487,2024-07-29,6,7,0
1487,2024-08-05,9,3,0
1487,2024-08-12,16,7,0
1487,2024-08-19,17,6,0
1487,2024-08-26,6,8,0
1487,2024-09-02,23,7,0
1487,2024-09-09,5,7,0
1487,2024-09-16,15,5,0
1487,2024-09-23,23,4,0
1487,2024-09-30,23,7,0
1487,2024-10-07,13,6,0
1487,2024-10-14,19,3,0
1487,2024-10-21,7,3,0
1487,2024-10-28,13,6,0
1487,2024-11-04,23,8,0
1487,2024-11-11,23,3,0
1487,2024-11-18,7,9,0
1487,2024-11-25,20,8,0
1487,2024-12-02,21,6,0
1487,2024-12-09,17,5,0
1487,2024-12-16,8,7,0
1487,2024-12-23,9,6,0
1487,2024-12-30,18,9,1
1488,2024-01-09,6,4,0
1488,2024-01-16,12,4,0
1488,2024-01-23,22,3,0
1488,2024-01-30,8,5,0
1488,2024-02-06,20,7,0
1488,2024-02-13,19,7,1
1488,2024-02-20,13,9,1
1488,2024-02-27,12,6,0
1488,2024-03-05,10,7,0
1488,2024-03-12,18,7,0
1488,2024-03-19,10,9,0
1488,2024-03-26,12,5,0
1488,2024-04-02,11,6,0
1488,2024-04-09,5,6,0
1488,2024-04-16,18,9,0
1488,2024-04-23,11,4,0
1488,2024-04-30,16,8,1
1488,2024-05-07,5,6,0
1488,2024-05-14,20,7,0
1488,2024-05-21,11,9,1
1488,2024-05-28,6,4,0
1488,2024-06-04,14,6,0
1488,2024-06-11,10,6,0
1488,2024-06-18,14,6,0
1488,2024-06-25,13,5,0
1488,2024-07-02,18,3,0
1488,2024-07-09,23,7,0
1488,2024-07-16,5,9,0
1488,2024-07-23,8,4,0
1488,2024-07-30,19,8,0
1488,2024-08-06,7,7,0
1488,2024-08-13,17,4,0
1488,2024-08-20,13,8,0
1488,2024-08-27,9,4,0
1488,2024-09-03,21,5,0
1488,2024-09-10,9,6,0
1488,2024-09-17,17,3,0
1488,2024-09-24,11,8,1
1488,2024-10-01,14,3,1
1488,2024-10-08,5,5,1
1488,2024-10-15,17,8,0
1488,2024-10-22,21,3,0
1488,2024-10-29,21,6,0
1488,2024-11-05,13,9,1
1488,2024-11-12,13,7,0
1488,2024-11-19,21,7,0
1488,2024-11-26,10,6,0
1488,2024-12-03,18,7,0
1488,2024-12-10,19,8,1
1488,2024-12-17,15,8,0
1488,2024-12-24,20,5,1
1488,2024-12-31,11,5,0
1489,2024-06-15,20,6,0
1489,2024-06-22,11,3,0
1489,2024-06-29,9,8,0
1489,2024-07-06,18,5,1
1489,2024-07-13,22,9,0
1489,2024-07-20,17,4,0
1489,2024-07-27,21,9,0
1489,2024-08-03,18,5,0
1489,2024-08-10,7,7,0
1489,2024-08-17,5,9,0
1489,2024-08-24,9,4,0
1489,2024-08-31,14,6,0
1489,2024-09-07,15,4,0
1489,2024-09-14,22,6,0
1489,2024-09-21,13,5,1
1489,2024-09-28,17,4,0
1489,2024-10-05,9,5,0
1489,2024-10-12,14,3,0
1489,2024-10-19,21,3,0
1489,2024-10-26,19,3,0
1489,2024-11-02,9,6,0
1489,2024-11-09,13,5,0
1489,2024-11-16,16,4,0
1489,2024-11-23,19,4,1
1489,2024-11-30,17,3,0
1489,2024-12-07,23,7,1
1489,2024-12-14,9,5,0
1489,2024-12-21,21,3,0
1489,2024-12-28,5,9,0
1490,2024-05-24,6,5,0
1490,2024-05-31,17,9,0
1490,2024-06-07,7,9,0
1490,2024-06-14,13,3,0
1490,2024-06-21,16,7,0
1490,2024-06-28,21,8,0
1490,2024-07-05,12,4,0
1490,2024-07-12,14,4,0
1490,2024-07-19,23,3,0
1490,2024-07-26,9,6,0
1490,2024-08-02,9,7,0
1490,2024-08-09,9,9,0
1490,2024-08-16,19,3,0
1490,2024-08-23,22,5,0
1490,2024-08-30,13,9,1
1490,2024-09-06,17,3,0
1490,2024-09-13,12,4,0
1490,2024-09-20,21,3,0
1490,2024-09-27,22,9,1
1490,2024-10-04,24,6,1
1490,2024-10-11,19,3,0
1490,2024-10-18,24,7,0
1490,2024-10-25,7,8,0
1490,2024-11-01,12,9,0
1490,2024-11-08,9,9,0
1490,2024-11-15,22,9,0
1490,2024-11-22,22,5,1
1490,2024-11-29,11,7,0
1490,2024-12-06,12,3,0
1490,2024-12-13,6,4,0
1490,2024-12-20,15,8,0
1490,2024-12-27,22,7,0
1491,2024-06-29,10,6,0
1491,2024-07-06,16,3,0
1491,2024-07-13,21,4,0
1491,2024-07-20,22,5,0
1491,2024-07-27,13,8,0
1491,2024-08-03,6,9,0
1491,2024-08-10,11,4,0
1491,2024-08-17,8,4,1
1491,2024-08-24,6,4,0
1491,2024-08-31,17,7,1
1491,2024-09-07,9,3,0
1491,2024-09-14,19,6,0
1491,2024-09-21,8,9,1
1491,2024-09-28,7,9,0
1491,2024-10-05,13,6,0
1491,2024-10-12,5,8,0
1491,2024-10-19,7,7,0
1491,2024-10-26,14,5,0
1491,2024-11-02,9,5,0
1491,2024-11-09,16,3,0
1491,2024-11-16,7,4,0
1491,2024-11-23,10,4,1
1491,2024-11-30,21,9,1
1491,2024-12-07,10,7,0
1491,2024-12-14,23,8,1
1491,2024-12-21,15,5,0
1491,2024-12-28,6,6,0
1492,2024-04-06,21,6,0
1492,2024-04-13,19,8,0
1492,2024-04-20,6,5,1
1492,2024-04-27,8,5,0
1492,2024-05-04,15,4,1
1492,2024-05-11,21,6,0
1492,2024-05-18,20,3,0
1492,2024-05-25,22,9,0
1492,2024-06-01,20,6,0
1492,2024-06-08,5,6,0
1492,2024-06-15,8,9,0
1492,2024-06-22,12,8,0
1492,2024-06-29,5,3,0
1492,2024-07-06,5,9,0
1492,2024-07-13,17,9,0
1492,2024-07-20,20,3,1
1492,2024-07-27,24,6,0
1492,2024-08-03,19,9,1
1492,2024-08-10,8,5,0
1492,2024-08-17,17,8,0
1492,2024-08-24,15,4,0
1492,2024-08-31,8,6,0
1492,2024-09-07,16,6,0
1492,2024-09-14,7,6,0
1492,2024-09-21,18,3,0
1492,2024-09-28,19,9,0
1492,2024-10-05,9,9,1
1492,2024-10-12,24,5,0
1492,2024-10-19,17,7,0
1492,2024-10-26,9,7,0
1492,2024-11-02,12,6,0
1492,2024-11-09,18,5,1
1492,2024-11-16,8,3,1
1492,2024-11-23,15,6,0
1492,2024-11-30,11,6,0
1492,2024-12-07,24,3,0
1492,2024-12-14,18,9,0
1492,2024-12-21,9,9,0
1492,2024-12-28,24,3,0
1494,2024-12-19,10,4,0
1494,2024-12-26,24,3,0
1495,2024-08-20,13,5,0
1495,2024-08-27,10,4,0
1495,2024-09-03,21,8,0
1495,2024-09-10,21,7,0
1495,2024-09-17,15,4,0
1495,2024-09-24,5,7,0
1495,2024-10-01,16,4,1
1495,2024-10-08,24,6,0
1495,2024-10-15,16,8,0
1495,2024-10-22,5,5,0
1495,2024-10-29,17,7,0
1495,2024-11-05,13,4,0
1495,2024-11-12,5,8,0
1495,2024-11-19,9,4,1
1495,2024-11-26,7,3,0
1495,2024-12-03,24,3,0
1495,2024-12-10,7,4,0
1495,2024-12-17,5,5,0
1495,2024-12-24,5,5,0
1495,2024-12-31,22,4,0
1496,2024-02-06,5,5,0
1496,2024-02-13,6,3,0
1496,2024-02-20,6,4,0
1496,2024-02-27,21,9,0
1496,2024-03-05,16,6,0
1496,2024-03-12,14,7,0
1496,2024-03-19,24,5,0
1496,2024-03-26,6,6,0
1496,2024-04-02,6,3,0
1496,2024-04-09,14,7,0
1496,2024-04-16,23,9,1
1496,2024-04-23,21,6,0
1496,2024-04-30,13,8,0
1496,2024-05-07,6,4,1
1496,2024-05-14,23,9,1
1496,2024-05-21,22,6,0
1496,2024-05-28,23,3,0
1496,2024-06-04,16,6,0
1496,2024-06-11,9,7,0
1496,2024-06-18,24,9,0
1496,2024-06-25,8,8,0
1496,2024-07-02,8,3,1
1496,2024-07-09,16,5,0
1496,2024-07-16,6,8,0
1496,2024-07-23,15,6,0
1496,2024-07-30,13,7,0
1496,2024-08-06,18,4,0
1496,2024-08-13,24,7,0
1496,2024-08-20,23,4,0
1496,2024-08-27,24,8,0
1496,2024-09-03,7,7,0
1496,2024-09-10,8,3,0
1496,2024-09-17,19,9,0
1496,2024-09-24,10,5,0
1496,2024-10-01,16,5,0
1496,2024-10-08,12,6,0
1496,2024-10-15,15,5,0
1496,2024-10-22,7,7,0
1496,2024-10-29,11,3,0
1496,2024-11-05,19,7,0
1496,2024-11-12,16,4,1
1496,2024-11-19,13,7,0
1496,2024-11-26,9,9,0
1496,2024-12-03,11,5,0
1496,2024-12-10,22,6,0
1496,2024-12-17,8,3,1
1496,2024-12-24,9,9,0
1496,2024-12-31,21,5,0
1497,2024-04-24,22,3,0
1497,2024-05-01,11,7,0
1497,2024-05-08,11,7,1
1497,2024-05-15,19,9,1
1497,2024-05-22,21,5,0
1497,2024-05-29,6,8,0
1497,2024-06-05,11,3,0
1497,2024-06-12,21,9,0
1497,2024-06-19,15,9,0
1497,2024-06-26,19,7,0
1497,2024-07-03,23,7,0
1497,2024-07-10,9,9,0
1497,2024-07-17,22,6,0
1497,2024-07-24,18,7,0
1497,2024-07-31,21,6,0
1497,2024-08-07,10,8,1
1497,2024-08-14,5,7,0
1497,2024-08-21,21,8,0
1497,2024-08-28,5,4,1
1497,2024-09-04,18,7,1
1497,2024-09-11,22,6,1
1497,2024-09-18,6,9,0
1497,2024-09-25,17,5,0
1497,2024-10-02,10,6,0
1497,2024-10-09,22,3,0
1497,2024-10-16,17,4,0
1497,2024-10-23,14,7,0
1497,2024-10-30,18,3,0
1497,2024-11-06,7,6,0
1497,2024-11-13,18,9,0
1497,2024-11-20,18,6,0
1497,2024-11-27,9,6,0
1497,2024-12-04,17,7,0
1497,2024-12-11,21,5,0
1497,2024-12-18,23,9,0
1497,2024-12-25,7,8,0
1497,2025-01-01,14,7,0
1500,2024-01-26,10,5,0
1500,2024-02-02,9,3,0
1500,2024-02-09,6,7,0
1500,2024-02-16,23,6,1
1500,2024-02-23,9,9,0
1500,2024-03-01,7,7,0
1500,2024-03-08,19,3,0
1500,2024-03-15,22,4,0
1500,2024-03-22,15,3,1
1500,2024-03-29,11,3,0
1500,2024-04-05,19,9,0
1500,2024-04-12,18,8,0
1500,2024-04-19,10,6,0
1500,2024-04-26,13,6,0
1500,2024-05-03,20,7,0
1500,2024-05-10,21,8,1
1500,2024-05-17,19,3,0
1500,2024-05-24,6,7,0
1500,2024-05-31,6,7,0
1500,2024-06-07,16,4,0
1500,2024-06-14,15,4,0
1500,2024-06-21,8,3,0
1500,2024-06-28,11,6,0
1500,2024-07-05,14,6,0
1500,2024-07-12,9,7,0
1500,2024-07-19,21,9,0
1500,2024-07-26,6,4,0
1500,2024-08-02,11,7,0
1500,2024-08-09,20,8,1
1500,2024-08-16,16,8,0
1500,2024-08-23,6,3,0
1500,2024-08-30,16,5,0
1500,2024-09-06,19,5,0
1500,2024-09-13,14,6,0
1500,2024-09-20,23,4,0
1500,2024-09-27,16,3,0
1500,2024-10-04,5,5,0
1500,2024-10-11,5,8,0
1500,2024-10-18,11,9,0
1500,2024-10-25,5,8,0
1500,2024-11-01,19,6,0
1500,2024-11-08,20,7,0
1500,2024-11-15,24,6,0
1500,2024-11-22,20,5,0
1500,2024-11-29,15,9,0
1500,2024-12-06,15,5,0
1500,2024-12-13,21,7,0
1500,2024-12-20,9,6,1
1500,2024-12-27,16,4,1
1501,2025-03-13,22,3,0
1501,2025-03-20,16,3,0
1501,2025-03-27,6,8,0
1501,2025-04-03,5,7,0
1501,2025-04-10,18,5,0
1501,2025-04-17,24,9,0
1501,2025-04-24,0,1,0
1501,2025-05-01,1,1,0
1501,2025-05-08,1,1,0
1501,2025-05-15,2,2,0
1503,2024-09-05,14,9,0
1503,2024-09-12,22,5,0
1503,2024-09-19,23,3,0
1503,2024-09-26,6,8,0
1503,2024-10-03,22,6,0
1503,2024-10-10,17,9,1
1503,2024-10-17,5,6,1
1503,2024-10-24,7,8,0
1503,2024-10-31,23,7,0
1503,2024-11-07,7,9,0
1503,2024-11-14,11,3,0
1503,2024-11-21,16,8,0
1503,2024-11-28,23,7,0
1503,2024-12-05,19,7,0
1503,2024-12-12,10,7,0
1503,2024-12-19,14,3,0
1503,2024-12-26,14,6,0
1504,2024-05-07,5,3,0
1504,2024-05-14,19,8,0
1504,2024-05-21,13,9,0
1504,2024-05-28,20,7,1
1504,2024-06-04,22,3,0
1504,2024-06-11,17,5,0
1504,2024-06-18,14,3,0
1504,2024-06-25,7,9,0
1504,2024-07-02,21,3,0
1504,2024-07-09,7,7,0
1504,2024-07-16,10,4,0
1504,2024-07-23,23,6,0
1504,2024-07-30,9,6,0
1504,2024-08-06,24,5,0
1504,2024-08-13,8,3,1
1504,2024-08-20,13,9,0
1504,2024-08-27,9,7,0
1504,2024-09-03,19,8,0
1504,2024-09-10,16,8,0
1504,2024-09-17,22,9,0
1504,2024-09-24,23,9,0
1504,2024-10-01,18,7,0
1504,2024-10-08,19,6,0
1504,2024-10-15,24,3,0
1504,2024-10-22,22,4,0
1504,2024-10-29,21,4,0
1504,2024-11-05,18,7,0
1504,2024-11-12,24,6,0
1504,2024-11-19,15,7,0
1504,2024-11-26,7,7,0
1504,2024-12-03,9,3,0
1504,2024-12-10,9,7,0
1504,2024-12-17,6,7,0
1504,2024-12-24,21,8,0
1504,2024-12-31,16,9,1
1506,2024-08-18,17,5,0
1506,2024-08-25,21,9,0
1506,2024-09-01,20,3,0
1506,2024-09-08,22,7,1
1506,2024-09-15,17,4,1
1506,2024-09-22,18,7,0
1506,2024-09-29,18,3,1
1506,2024-10-06,16,7,0
1506,2024-10-13,7,8,0
1506,2024-10-20,7,8,0
1506,2024-10-27,6,6,0
1506,2024-11-03,17,8,0
1506,2024-11-10,8,5,0
1506,2024-11-17,15,4,0
1506,2024-11-24,23,6,0
1506,2024-12-01,22,3,0
1506,2024-12-08,18,5,0
1506,2024-12-15,10,6,0
1506,2024-12-22,15,9,0
1506,2024-12-29,5,3,0
1507,2024-10-12,13,7,0
1507,2024-10-19,5,9,0
1507,2024-10-26,24,4,0
1507,2024-11-02,17,9,0
1507,2024-11-09,5,6,0
1507,2024-11-16,5,6,0
1507,2024-11-23,15,6,0
1507,2024-11-30,15,5,0
1507,2024-12-07,19,7,0
1507,2024-12-14,5,7,1
1507,2024-12-21,24,6,0
1507,2024-12-28,22,4,0
1508,2024-10-09,18,7,0
1508,2024-10-16,15,4,0
1508,2024-10-23,20,7,0
1508,2024-10-30,17,4,0
1508,2024-11-06,21,4,0
1508,2024-11-13,18,8,0
1508,2024-11-20,23,4,0
1508,2024-11-27,5,3,0
1508,2024-12-04,21,8,0
1508,2024-12-11,20,9,0
1508,2024-12-18,13,9,0
1508,2024-12-25,5,3,0
1508,2025-01-01,22,9,0
1509,2024-10-08,15,7,0
1509,2024-10-15,23,7,0
1509,2024-10-22,23,9,1
1509,2024-10-29,19,3,1
1509,2024-11-05,9,8,0
1509,2024-11-12,11,3,1
1509,2024-11-19,5,8,0
1509,2024-11-26,19,7,0
1509,2024-12-03,16,5,0
1509,2024-12-10,23,3,0
1509,2024-12-17,14,5,0
1509,2024-12-24,15,8,0
1509,2024-12-31,13,5,0
1510,2024-01-09,18,7,0
1510,2024-01-16,24,6,1
1510,2024-01-23,11,3,0
1510,2024-01-30,14,8,0
1510,2024-02-06,22,5,0
1510,2024-02-13,23,3,0
1510,2024-02-20,23,7,0
1510,2024-02-27,23,4,0
1510,2024-03-05,12,7,0
1510,2024-03-12,13,7,0
1510,2024-03-19,10,9,0
1510,2024-03-26,7,4,0
1510,2024-04-02,14,3,0
1510,2024-04-09,16,9,1
1510,2024-04-16,13,3,1
1510,2024-04-23,24,3,0
1510,2024-04-30,14,3,0
1510,2024-05-07,5,3,1
1510,2024-05-14,10,9,0
1510,2024-05-21,20,4,0
1510,2024-05-28,24,4,0
1510,2024-06-04,14,8,0
1510,2024-06-11,18,9,0
1510,2024-06-18,15,5,1
1510,2024-06-25,13,6,0
1510,2024-07-02,19,5,0
1510,2024-07-09,10,7,0
1510,2024-07-16,19,5,0
1510,2024-07-23,19,9,0
1510,2024-07-30,24,5,0
1510,2024-08-06,13,9,0
1510,2024-08-13,8,6,0
1510,2024-08-20,7,5,0
1510,2024-08-27,9,8,0
1510,2024-09-03,10,9,0
1510,2024-09-10,18,8,0
1510,2024-09-17,24,8,0
1510,2024-09-24,18,6,0
1510,2024-10-01,11,7,0
1510,2024-10-08,15,6,0
1510,2024-10-15,16,4,0
1510,2024-10-22,0,1,1
1510,2024-10-29,0,1,2
1510,2024-11-05,2,2,2
1510,2024-11-12,1,1,0
1510,2024-11-19,1,2,0
1511,2024-03-21,21,5,0
1511,2024-03-28,15,8,0
1511,2024-04-04,19,6,0
1511,2024-04-11,6,5,0
1511,2024-04-18,17,9,0
1511,2024-04-25,17,8,0
1511,2024-05-02,24,3,0
1511,2024-05-09,24,8,0
1511,2024-05-16,22,7,0
1511,2024-05-23,19,6,0
1511,2024-05-30,15,8,0
1511,2024-06-06,11,9,1
1511,2024-06-13,21,7,0
1511,2024-06-20,13,6,0
1511,2024-06-27,16,7,0
1511,2024-07-04,19,4,0
1511,2024-07-11,10,3,0
1511,2024-07-18,7,4,0
1511,2024-07-25,24,6,0
1511,2024-08-01,9,8,0
1511,2024-08-08,7,3,0
1511,2024-08-15,10,6,0
1511,2024-08-22,8,5,0
1511,2024-08-29,15,6,0
1511,2024-09-05,9,7,0
1511,2024-09-12,7,4,1
1511,2024-09-19,19,9,1
1511,2024-09-26,19,5,0
1511,2024-10-03,6,6,0
1511,2024-10-10,11,3,0
1511,2024-10-17,14,5,0
1511,2024-10-24,24,8,0
1511,2024-10-31,19,8,0
1511,2024-11-07,19,5,0
1511,2024-11-14,5,4,0
1511,2024-11-21,22,4,0
1511,2024-11-28,12,6,0
1511,2024-12-05,5,6,0
1511,2024-12-12,21,9,1
1511,2024-12-19,21,7,1
1511,2024-12-26,6,6,0
1512,2024-05-05,16,5,0
1512,2024-05-12,9,5,0
1512,2024-05-19,7,3,0
1512,2024-05-26,18,9,0
1512,2024-06-02,8,5,0
1512,2024-06-09,12,8,0
1512,2024-06-16,7,7,0
1512,2024-06-23,16,3,0
1512,2024-06-30,15,4,0
1512,2024-07-07,5,9,0
1512,2024-07-14,15,9,0
1512,2024-07-21,20,9,0
1512,2024-07-28,21,5,0
1512,2024-08-04,17,7,0
1512,2024-08-11,23,9,0
1512,2024-08-18,17,4,1
1512,2024-08-25,5,4,0
1512,2024-09-01,12,6,0
1512,2024-09-08,23,4,0
1512,2024-09-15,20,7,0
1512,2024-09-22,20,7,0
1512,2024-09-29,7,6,0
1512,2024-10-06,8,8,0
1512,2024-10-13,10,5,0
1512,2024-10-20,6,5,0
1512,2024-10-27,11,8,0
1512,2024-11-03,12,5,0
1512,2024-11-10,9,7,0
1512,2024-11-17,21,6,0
1512,2024-11-24,7,7,0
1512,2024-12-01,11,9,0
1512,2024-12-08,12,5,0
1512,2024-12-15,22,7,0
1512,2024-12-22,5,5,0
1512,2024-12-29,6,9,0
1513,2024-07-11,20,8,0
1513,2024-07-18,20,5,0
1513,2024-07-25,13,8,0
1513,2024-08-01,13,5,0
1513,2024-08-08,12,9,0
1513,2024-08-15,22,6,0
1513,2024-08-22,8,3,0
1513,2024-08-29,20,9,0
1513,2024-09-05,11,9,0
1513,2024-09-12,14,6,0
1513,2024-09-19,21,6,0
1513,2024-09-26,15,6,0
1513,2024-10-03,14,8,0
1513,2024-10-10,9,4,0
1513,2024-10-17,18,5,0
1513,2024-10-24,15,5,0
1513,2024-10-31,8,7,0
1513,2024-11-07,12,9,0
1513,2024-11-14,14,7,0
1513,2024-11-21,21,8,0
1513,2024-11-28,16,4,0
1513,2024-12-05,9,9,0
1513,2024-12-12,13,6,0
1513,2024-12-19,7,9,1
1513,2024-12-26,9,9,0
1516,2024-12-24,11,9,0
1516,2024-12-31,21,7,1
1517,2024-03-12,13,9,0
1517,2024-03-19,17,4,0
1517,2024-03-26,13,4,0
1517,2024-04-02,15,8,0
1517,2024-04-09,6,5,0
1517,2024-04-16,24,8,1
1517,2024-04-23,10,4,1
1517,2024-04-30,19,7,0
1517,2024-05-07,23,3,0
1517,2024-05-14,14,6,0
1517,2024-05-21,8,9,0
1517,2024-05-28,12,6,1
1517,2024-06-04,21,7,1
1517,2024-06-11,23,4,0
1517,2024-06-18,16,6,0
1517,2024-06-25,12,5,0
1517,2024-07-02,12,6,0
1517,2024-07-09,15,6,0
1517,2024-07-16,17,3,1
1517,2024-07-23,21,7,0
1517,2024-07-30,20,6,0
1517,2024-08-06,8,9,0
1517,2024-08-13,15,7,0
1517,2024-08-20,9,7,0
1517,2024-08-27,21,5,1
1517,2024-09-03,14,7,0
1517,2024-09-10,5,3,1
1517,2024-09-17,5,9,0
1517,2024-09-24,8,3,0
1517,2024-10-01,20,7,0
1517,2024-10-08,13,9,0
1517,2024-10-15,8,4,0
1517,2024-10-22,13,5,0
1517,2024-10-29,21,4,0
1517,2024-11-05,23,8,0
1517,2024-11-12,15,8,0
1517,2024-11-19,13,9,0
1517,2024-11-26,9,6,0
1517,2024-12-03,20,4,0
1517,2024-12-10,5,5,0
1517,2024-12-17,17,9,0
1517,2024-12-24,15,9,0
1517,2024-12-31,15,9,0
1518,2024-03-03,8,6,0
1518,2024-03-10,18,8,0
1518,2024-03-17,21,8,0
1518,2024-03-24,16,6,0
1518,2024-03-31,6,7,0
1518,2024-04-07,13,3,0
1518,2024-04-14,18,3,1
1518,2024-04-21,10,5,0
1518,2024-04-28,17,3,1
1518,2024-05-05,15,5,0
1518,2024-05-12,6,9,0
1518,2024-05-19,18,4,0
1518,2024-05-26,12,9,0
1518,2024-06-02,23,9,0
1518,2024-06-09,9,5,1
1518,2024-06-16,22,3,0
1518,2024-06-23,11,6,0
1518,2024-06-30,10,6,0
1518,2024-07-07,19,7,0
1518,2024-07-14,6,7,0
1518,2024-07-21,8,4,0
1518,2024-07-28,10,8,0
1518,2024-08-04,17,8,0
1518,2024-08-11,8,8,0
1518,2024-08-18,17,9,0
1518,2024-08-25,14,6,0
1518,2024-09-01,19,6,0
1518,2024-09-08,14,6,0
1518,2024-09-15,12,7,0
1518,2024-09-22,11,4,0
1518,2024-09-29,7,9,0
1518,2024-10-06,19,7,0
1518,2024-10-13,14,6,0
1518,2024-10-20,6,3,0
1518,2024-10-27,5,8,0
1518,2024-11-03,22,4,0
1518,2024-11-10,19,3,0
1518,2024-11-17,11,6,0
1518,2024-11-24,14,5,0
1518,2024-12-01,10,5,0
1518,2024-12-08,23,4,0
1518,2024-12-15,20,8,0
1518,2024-12-22,6,8,0
1518,2024-12-29,16,4,0
1519,2024-02-15,16,3,0
1519,2024-02-22,10,7,1
1519,2024-02-29,13,7,0
1519,2024-03-07,12,9,0
1519,2024-03-14,9,9,1
1519,2024-03-21,23,4,0
1519,2024-03-28,22,8,0
1519,2024-04-04,14,7,0
1519,2024-04-11,6,6,0
1519,2024-04-18,9,4,0
1519,2024-04-25,24,7,0
1519,2024-05-02,5,8,0
1519,2024-05-09,23,9,0
1519,2024-05-16,16,8,1
1519,2024-05-23,10,6,0
1519,2024-05-30,16,4,0
1519,2024-06-06,7,7,0
1519,2024-06-13,23,3,0
1519,2024-06-20,5,5,1
1519,2024-06-27,19,5,0
1519,2024-07-04,20,5,0
1519,2024-07-11,18,5,0
1519,2024-07-18,9,9,0
1519,2024-07-25,13,3,1
1519,2024-08-01,19,3,0
1519,2024-08-08,24,4,0
1519,2024-08-15,7,8,0
1519,2024-08-22,8,7,0
1519,2024-08-29,12,5,0
1519,2024-09-05,5,5,0
1519,2024-09-12,16,8,0
1519,2024-09-19,9,7,0
1519,2024-09-26,5,8,0
1519,2024-10-03,22,4,0
1519,2024-10-10,19,5,0
1519,2024-10-17,20,5,0
1519,2024-10-24,20,6,0
1519,2024-10-31,7,5,0
1519,2024-11-07,14,7,0
1519,2024-11-14,17,7,0
1519,2024-11-21,20,5,0
1519,2024-11-28,14,6,0
1519,2024-12-05,13,5,0
1519,2024-12-12,5,7,1
1519,2024-12-19,10,6,0
1519,2024-12-26,9,7,0
1519,2025-01-02,9,6,0
1519,2025-01-09,13,8,0
1519,2025-01-16,6,8,0
1519,2025-01-23,6,3,0
1519,2025-01-30,19,8,0
1519,2025-02-06,8,5,0
1519,2025-02-13,22,5,0
1519,2025-02-20,6,9,0
1519,2025-02-27,21,9,0
1519,2025-03-06,24,8,0
1519,2025-03-13,23,6,0
1519,2025-03-20,20,9,0
1519,2025-03-27,20,3,0
1519,2025-04-03,23,9,0
1519,2025-04-10,12,6,0
1519,2025-04-17,8,7,0
1519,2025-04-24,9,6,0
1519,2025-05-01,18,3,0
1519,2025-05-08,2,2,0
1519,2025-05-15,2,1,1
1519,2025-05-22,2,1,1
1519,2025-05-29,0,1,2
1520,2024-05-01,6,9,0
1520,2024-05-08,9,6,1
1520,2024-05-15,22,4,0
1520,2024-05-22,24,8,0
1520,2024-05-29,15,4,0
1520,2024-06-05,13,3,0
1520,2024-06-12,20,3,0
1520,2024-06-19,24,6,0
1520,2024-06-26,9,6,0
1520,2024-07-03,10,7,0
1520,2024-07-10,16,7,0
1520,2024-07-17,17,8,1
1520,2024-07-24,19,7,0
1520,2024-07-31,18,6,0
1520,2024-08-07,22,5,0
1520,2024-08-14,9,9,0
1520,2024-08-21,11,7,0
1520,2024-08-28,16,6,0
1520,2024-09-04,15,7,0
1520,2024-09-11,14,5,0
1520,2024-09-18,5,3,0
1520,2024-09-25,15,4,0
1520,2024-10-02,13,9,0
1520,2024-10-09,6,7,0
1520,2024-10-16,21,4,0
1520,2024-10-23,14,3,0
1520,2024-10-30,23,4,0
1520,2024-11-06,23,5,0
1520,2024-11-13,23,5,0
1520,2024-11-20,22,3,1
1520,2024-11-27,18,5,0
1520,2024-12-04,15,5,0
1520,2024-12-11,20,3,0
1520,2024-12-18,18,9,0
1520,2024-12-25,8,3,0
1520,2025-01-01,7,3,0
1521,2024-10-30,22,6,0
1521,2024-11-06,20,3,0
1521,2024-11-13,19,4,0
1521,2024-11-20,5,8,0
1521,2024-11-27,10,3,0
1521,2024-12-04,22,9,1
1521,2024-12-11,24,4,0
1521,2024-12-18,23,9,0
1521,2024-12-25,16,6,1
1521,2025-01-01,5,6,0
1522,2024-05-09,24,5,1
1522,2024-05-16,18,5,0
1522,2024-05-23,13,4,0
1522,2024-05-30,11,9,0
1522,2024-06-06,9,5,1
1522,2024-06-13,17,5,0
1522,2024-06-20,18,3,0
1522,2024-06-27,14,4,0
1522,2024-07-04,15,5,0
1522,2024-07-11,5,6,0
1522,2024-07-18,18,5,0
1522,2024-07-25,22,8,0
1522,2024-08-01,21,3,0
1522,2024-08-08,19,3,0
1522,2024-08-15,14,9,0
1522,2024-08-22,16,3,1
1522,2024-08-29,20,9,0
1522,2024-09-05,23,6,0
1522,2024-09-12,18,6,1
1522,2024-09-19,7,4,0
1522,2024-09-26,24,3,0
1522,2024-10-03,23,4,0
1522,2024-10-10,23,9,0
1522,2024-10-17,20,4,0
1522,2024-10-24,24,5,0
1522,2024-10-31,23,5,0
1522,2024-11-07,17,4,0
1522,2024-11-14,16,3,0
1522,2024-11-21,7,3,0
1522,2024-11-28,7,6,0
1522,2024-12-05,12,7,1
1522,2024-12-12,15,3,0
1522,2024-12-19,6,6,0
1522,2024-12-26,21,9,0
1523,2024-11-09,14,5,0
1523,2024-11-16,24,8,0
1523,2024-11-23,11,5,0
1523,2024-11-30,13,3,0
1523,2024-12-07,6,3,0
1523,2024-12-14,6,6,0
1523,2024-12-21,23,9,0
1523,2024-12-28,17,8,0
1524,2024-12-02,22,5,0
1524,2024-12-09,19,6,0
1524,2024-12-16,15,5,0
1524,2024-12-23,20,6,0
1524,2024-12-30,10,9,1
1525,2025-02-25,14,5,0
1525,2025-03-04,7,8,0
1525,2025-03-11,17,6,0
1525,2025-03-18,5,3,0
1525,2025-03-25,15,7,0
1525,2025-04-01,8,7,0
1525,2025-04-08,21,7,0
1525,2025-04-15,2,2,1
1525,2025-04-22,1,1,2
1525,2025-04-29,1,2,1
1525,2025-05-06,0,2,0
1525,2025-05-13,0,2,1
1527,2024-04-25,7,5,0
1527,2024-05-02,19,7,1
1527,2024-05-09,24,8,0
1527,2024-05-16,16,3,1
1527,2024-05-23,20,3,0
1527,2024-05-30,23,6,0
1527,2024-06-06,12,4,0
1527,2024-06-13,14,9,0
1527,2024-06-20,5,5,0
1527,2024-06-27,12,4,0
1527,2024-07-04,18,3,0
1527,2024-07-11,5,8,0
1527,2024-07-18,8,6,0
1527,2024-07-25,8,5,0
1527,2024-08-01,22,4,1
1527,2024-08-08,18,4,0
1527,2024-08-15,7,5,0
1527,2024-08-22,17,3,0
1527,2024-08-29,19,5,0
1527,2024-09-05,5,6,0
1527,2024-09-12,14,9,0
1527,2024-09-19,11,3,0
1527,2024-09-26,9,7,0
1527,2024-10-03,12,4,0
1527,2024-10-10,11,5,0
1527,2024-10-17,15,6,0
1527,2024-10-24,12,3,0
1527,2024-10-31,21,5,0
1527,2024-11-07,24,4,0
1527,2024-11-14,5,5,0
1527,2024-11-21,22,7,0
1527,2024-11-28,22,7,0
1527,2024-12-05,12,5,0
1527,2024-12-12,13,4,0
1527,2024-12-19,12,4,0
1527,2024-12-26,10,8,0
1532,2024-04-02,8,5,0
1532,2024-04-09,20,7,0
1532,2024-04-16,13,3,0
1532,2024-04-23,12,8,0
1532,2024-04-30,16,5,0
1532,2024-05-07,9,3,0
1532,2024-05-14,6,7,0
1532,2024-05-21,16,5,0
1532,2024-05-28,14,6,0
1532,2024-06-04,23,3,0
1532,2024-06-11,7,7,0
1532,2024-06-18,19,3,0
1532,2024-06-25,18,7,0
1532,2024-07-02,21,5,0
1532,2024-07-09,17,6,0
1532,2024-07-16,21,5,0
1532,2024-07-23,16,3,0
1532,2024-07-30,8,6,0
1532,2024-08-06,21,8,0
1532,2024-08-13,9,8,0
1532,2024-08-20,10,5,0
1532,2024-08-27,5,9,0
1532,2024-09-03,8,5,0
1532,2024-09-10,20,8,1
1532,2024-09-17,15,3,0
1532,2024-09-24,22,6,0
1532,2024-10-01,13,9,0
1532,2024-10-08,20,4,0
1532,2024-10-15,24,8,0
1532,2024-10-22,21,9,0
1532,2024-10-29,19,6,0
1532,2024-11-05,10,5,0
1532,2024-11-12,24,5,0
1532,2024-11-19,19,9,0
1532,2024-11-26,22,8,1
1532,2024-12-03,13,9,1
1532,2024-12-10,7,5,0
1532,2024-12-17,6,4,1
1532,2024-12-24,13,8,0
1532,2024-12-31,16,3,0
1534,2024-09-24,20,4,0
1534,2024-10-01,5,4,0
1534,2024-10-08,14,8,0
1534,2024-10-15,15,6,1
1534,2024-10-22,15,8,0
1534,2024-10-29,6,7,0
1534,2024-11-05,7,5,0
1534,2024-11-12,15,7,0
1534,2024-11-19,7,3,0
1534,2024-11-26,6,8,0
1534,2024-12-03,21,3,0
1534,2024-12-10,19,4,1
1534,2024-12-17,12,7,0
1534,2024-12-24,22,7,0
1534,2024-12-31,10,3,1
1535,2024-10-10,19,7,0
1535,2024-10-17,16,4,0
1535,2024-10-24,24,8,0
1535,2024-10-31,8,9,0
1535,2024-11-07,10,4,0
1535,2024-11-14,13,5,0
1535,2024-11-21,24,3,0
1535,2024-11-28,24,5,1
1535,2024-12-05,7,6,0
1535,2024-12-12,23,9,0
1535,2024-12-19,20,8,0
1535,2024-12-26,18,7,0
1536,2024-09-05,9,5,0
1536,2024-09-12,21,9,0
1536,2024-09-19,17,8,0
1536,2024-09-26,16,5,0
1536,2024-10-03,7,6,0
1536,2024-10-10,18,7,0
1536,2024-10-17,16,7,0
1536,2024-10-24,5,5,0
1536,2024-10-31,14,5,0
1536,2024-11-07,9,5,1
1536,2024-11-14,21,9,0
1536,2024-11-21,15,3,0
1536,2024-11-28,9,8,0
1536,2024-12-05,23,4,0
1536,2024-12-12,6,7,0
1536,2024-12-19,12,5,0
1536,2024-12-26,23,3,0
1538,2024-08-26,21,3,0
1538,2024-09-02,8,9,0
1538,2024-09-09,16,3,1
1538,2024-09-16,20,8,0
1538,2024-09-23,19,7,0
1538,2024-09-30,15,9,0
1538,2024-10-07,6,3,0
1538,2024-10-14,24,8,0
1538,2024-10-21,20,8,0
1538,2024-10-28,16,9,0
1538,2024-11-04,17,7,0
1538,2024-11-11,14,7,0
1538,2024-11-18,13,5,0
1538,2024-11-25,17,4,0
1538,2024-12-02,19,6,0
1538,2024-12-09,9,7,0
1538,2024-12-16,23,5,0
1538,2024-12-23,13,4,0
1538,2024-12-30,24,4,0
1540,2024-10-16,10,8,0
1540,2024-10-23,9,3,1
1540,2024-10-30,7,7,0
1540,2024-11-06,17,9,0
1540,2024-11-13,9,8,0
1540,2024-11-20,18,9,0
1540,2024-11-27,24,4,0
1540,2024-12-04,10,7,0
1540,2024-12-11,17,6,0
1540,2024-12-18,9,3,0
1540,2024-12-25,13,6,0
1540,2025-01-01,7,9,0
1541,2024-11-25,24,6,0
1541,2024-12-02,13,4,0
1541,2024-12-09,13,7,1
1541,2024-12-16,21,3,0
1541,2024-12-23,22,7,0
1541,2024-12-30,10,5,1
1542,2024-06-16,16,7,0
1542,2024-06-23,21,4,1
1542,2024-06-30,14,5,0
1542,2024-07-07,15,7,0
1542,2024-07-14,9,7,0
1542,2024-07-21,8,4,0
1542,2024-07-28,6,6,1
1542,2024-08-04,10,7,0
1542,2024-08-11,6,4,0
1542,2024-08-18,10,3,0
1542,2024-08-25,23,5,0
1542,2024-09-01,17,9,0
1542,2024-09-08,10,8,0
1542,2024-09-15,23,5,0
1542,2024-09-22,9,6,0
1542,2024-09-29,14,9,0
1542,2024-10-06,21,5,0
1542,2024-10-13,17,8,0
1542,2024-10-20,8,5,0
1542,2024-10-27,13,7,0
1542,2024-11-03,18,6,0
1542,2024-11-10,9,5,0
1542,2024-11-17,15,3,0
1542,2024-11-24,12,6,0
1542,2024-12-01,8,8,0
1542,2024-12-08,13,7,0
1542,2024-12-15,7,8,0
1542,2024-12-22,20,9,0
1542,2024-12-29,14,8,0
1543,2024-02-12,13,9,1
1543,2024-02-19,17,9,0
1543,2024-02-26,6,6,0
1543,2024-03-04,13,9,0
1543,2024-03-11,12,9,0
1543,2024-03-18,23,5,0
1543,2024-03-25,15,6,0
1543,2024-04-01,7,7,0
1543,2024-04-08,19,9,0
1543,2024-04-15,15,7,0
1543,2024-04-22,24,5,0
1543,2024-04-29,7,3,0
1543,2024-05-06,18,8,1
1543,2024-05-13,7,5,0
1543,2024-05-20,11,5,0
1543,2024-05-27,5,6,0
1543,2024-06-03,11,4,0
1543,2024-06-10,19,9,0
1543,2024-06-17,21,4,0
1543,2024-06-24,19,4,0
1543,2024-07-01,13,5,0
1543,2024-07-08,7,5,0
1543,2024-07-15,21,5,0
1543,2024-07-22,15,6,0
1543,2024-07-29,16,6,0
1543,2024-08-05,19,5,0
1543,2024-08-12,12,6,0
1543,2024-08-19,8,5,0
1543,2024-08-26,14,4,0
1543,2024-09-02,17,9,0
1543,2024-09-09,7,7,0
1543,2024-09-16,9,4,0
1543,2024-09-23,7,4,0
1543,2024-09-30,14,5,0
1543,2024-10-07,18,3,0
1543,2024-10-14,8,6,0
1543,2024-10-21,19,7,0
1543,2024-10-28,23,3,0
1543,2024-11-04,12,9,0
1543,2024-11-11,18,5,0
1543,2024-11-18,21,8,1
1543,2024-11-25,15,5,0
1543,2024-12-02,13,8,0
1543,2024-12-09,16,8,0
1543,2024-12-16,23,8,0
1543,2024-12-23,21,7,0
1543,2024-12-30,19,4,0
1544,2024-11-02,6,5,0
1544,2024-11-09,11,7,0
1544,2024-11-16,11,8,0
1544,2024-11-23,9,8,0
1544,2024-11-30,16,9,0
1544,2024-12-07,16,3,0
1544,2024-12-14,11,5,0
1544,2024-12-21,7,8,0
1544,2024-12-28,18,9,0
1544,2025-01-04,9,6,0
1544,2025-01-11,14,9,0
1544,2025-01-18,22,8,0
1544,2025-01-25,8,7,0
1544,2025-02-01,17,8,0
1544,2025-02-08,13,6,1
1544,2025-02-15,15,9,0
1544,2025-02-22,8,4,0
1544,2025-03-01,22,4,0
1544,2025-03-08,21,4,1
1544,2025-03-15,13,5,0
1544,2025-03-22,8,4,0
1544,2025-03-29,8,7,0
1544,2025-04-05,2,2,1
1544,2025-04-12,1,2,0
1544,2025-04-19,1,2,0
1544,2025-04-26,0,1,0
1545,2024-11-16,19,6,0
1545,2024-11-23,16,8,1
1545,2024-11-30,23,7,1
1545,2024-12-07,22,8,0
1545,2024-12-14,11,7,0
1545,2024-12-21,6,6,0
1545,2024-12-28,6,6,1
1547,2024-07-15,12,4,0
1547,2024-07-22,7,9,0
1547,2024-07-29,5,9,0
1547,2024-08-05,15,8,0
1547,2024-08-12,7,6,0
1547,2024-08-19,22,6,0
1547,2024-08-26,7,6,0
1547,2024-09-02,21,8,0
1547,2024-09-09,20,7,0
1547,2024-09-16,23,6,0
1547,2024-09-23,12,6,0
1547,2024-09-30,12,7,0
1547,2024-10-07,8,4,0
1547,2024-10-14,7,6,0
1547,2024-10-21,7,6,0
1547,2024-10-28,6,4,0
1547,2024-11-04,7,5,0
1547,2024-11-11,10,3,0
1547,2024-11-18,15,4,1
1547,2024-11-25,6,7,0
1547,2024-12-02,9,5,0
1547,2024-12-09,24,7,0
1547,2024-12-16,21,7,0
1547,2024-12-23,23,9,0
1547,2024-12-30,21,6,0
1548,2024-01-01,17,9,0
1548,2024-01-08,14,4,0
1548,2024-01-15,24,3,0
1548,2024-01-22,9,4,0
1548,2024-01-29,24,7,0
1548,2024-02-05,7,5,0
1548,2024-02-12,11,4,0
1548,2024-02-19,16,8,0
1548,2024-02-26,13,5,1
1548,2024-03-04,21,7,1
1548,2024-03-11,12,7,0
1548,2024-03-18,20,4,0
1548,2024-03-25,7,8,0
1548,2024-04-01,8,9,0
1548,2024-04-08,5,3,0
1548,2024-04-15,16,5,1
1548,2024-04-22,11,8,0
1548,2024-04-29,7,8,0
1548,2024-05-06,5,8,0
1548,2024-05-13,14,6,0
1548,2024-05-20,10,8,0
1548,2024-05-27,13,9,0
1548,2024-06-03,24,5,0
1548,2024-06-10,13,5,0
1548,2024-06-17,8,7,1
1548,2024-06-24,22,3,0
1548,2024-07-01,10,7,0
1548,2024-07-08,9,5,0
1548,2024-07-15,9,5,0
1548,2024-07-22,10,9,0
1548,2024-07-29,14,8,0
1548,2024-08-05,19,5,0
1548,2024-08-12,19,5,0
1548,2024-08-19,19,4,0
1548,2024-08-26,18,7,1
1548,2024-09-02,18,4,0
1548,2024-09-09,15,5,0
1548,2024-09-16,23,4,0
1548,2024-09-23,16,3,0
1548,2024-09-30,5,3,0
1548,2024-10-07,22,4,0
1548,2024-10-14,5,4,0
1548,2024-10-21,9,7,0
1548,2024-10-28,17,7,0
1548,2024-11-04,5,3,0
1548,2024-11-11,7,3,0
1548,2024-11-18,16,3,0
1548,2024-11-25,22,8,0
1548,2024-12-02,20,5,0
1548,2024-12-09,22,9,0
1548,2024-12-16,20,5,0
1548,2024-12-23,13,9,0
1548,2024-12-30,21,5,0
1549,2024-04-24,8,7,0
1549,2024-05-01,21,8,0
1549,2024-05-08,12,9,0
1549,2024-05-15,9,4,0
1549,2024-05-22,6,5,0
1549,2024-05-29,23,7,0
1549,2024-06-05,22,6,0
1549,2024-06-12,8,5,0
1549,2024-06-19,16,8,0
1549,2024-06-26,20,5,0
1549,2024-07-03,14,7,0
1549,2024-07-10,11,9,0
1549,2024-07-17,14,5,0
1549,2024-07-24,22,8,0
1549,2024-07-31,20,7,0
1549,2024-08-07,19,9,0
1549,2024-08-14,10,3,0
1549,2024-08-21,8,9,0
1549,2024-08-28,22,3,0
1549,2024-09-04,24,6,0
1549,2024-09-11,9,7,0
1549,2024-09-18,23,6,0
1549,2024-09-25,13,9,0
1549,2024-10-02,23,6,0
1549,2024-10-09,8,6,0
1549,2024-10-16,12,3,0
1549,2024-10-23,7,4,0
1549,2024-10-30,20,6,0
1549,2024-11-06,20,5,0
1549,2024-11-13,16,5,1
1549,2024-11-20,5,4,0
1549,2024-11-27,16,9,1
1549,2024-12-04,17,7,0
1549,2024-12-11,14,9,0
1549,2024-12-18,17,5,0
1549,2024-12-25,6,6,0
1549,2025-01-01,9,5,1
1550,2024-01-05,15,5,0
1550,2024-01-12,23,5,0
1550,2024-01-19,12,6,0
1550,2024-01-26,14,3,0
1550,2024-02-02,21,3,0
1550,2024-02-09,23,7,0
1550,2024-02-16,22,6,0
1550,2024-02-23,18,7,0
1550,2024-03-01,17,6,0
1550,2024-03-08,9,7,1
1550,2024-03-15,10,7,0
1550,2024-03-22,20,8,1
1550,2024-03-29,6,7,0
1550,2024-04-05,8,4,0
1550,2024-04-12,16,3,0
1550,2024-04-19,24,7,0
1550,2024-04-26,21,9,0
1550,2024-05-03,9,7,0
1550,2024-05-10,13,5,0
1550,2024-05-17,5,4,0
1550,2024-05-24,22,9,0
1550,2024-05-31,6,6,0
1550,2024-06-07,8,9,0
1550,2024-06-14,21,6,0
1550,2024-06-21,24,6,0
1550,2024-06-28,10,7,0
1550,2024-07-05,12,8,0
1550,2024-07-12,8,7,0
1550,2024-07-19,10,5,0
1550,2024-07-26,18,8,0
1550,2024-08-02,8,5,0
1550,2024-08-09,23,5,0
1550,2024-08-16,9,3,0
1550,2024-08-23,14,8,0
1550,2024-08-30,11,6,0
1550,2024-09-06,14,3,0
1550,2024-09-13,7,8,0
1550,2024-09-20,10,7,0
1550,2024-09-27,11,6,1
1550,2024-10-04,5,4,0
1550,2024-10-11,13,7,0
1550,2024-10-18,24,3,0
1550,2024-10-25,8,9,0
1550,2024-11-01,22,8,0
1550,2024-11-08,11,4,0
1550,2024-11-15,13,5,0
1550,2024-11-22,8,4,0
1550,2024-11-29,10,9,0
1550,2024-12-06,14,5,0
1550,2024-12-13,23,7,0
1550,2024-12-20,5,8,0
1550,2024-12-27,12,9,0
1551,2024-02-24,20,9,0
1551,2024-03-02,11,5,0
1551,2024-03-09,11,9,0
1551,2024-03-16,7,9,0
1551,2024-03-23,18,8,0
1551,2024-03-30,13,8,0
1551,2024-04-06,20,5,0
1551,2024-04-13,21,5,0
1551,2024-04-20,19,4,0
1551,2024-04-27,8,4,0
1551,2024-05-04,12,8,0
1551,2024-05-11,13,4,0
1551,2024-05-18,5,5,0
1551,2024-05-25,21,9,0
1551,2024-06-01,5,5,0
1551,2024-06-08,15,9,0
1551,2024-06-15,8,3,0
1551,2024-06-22,10,5,0
1551,2024-06-29,5,8,1
1551,2024-07-06,6,8,0
1551,2024-07-13,18,8,0
1551,2024-07-20,7,4,0
1551,2024-07-27,13,3,0
1551,2024-08-03,17,3,0
1551,2024-08-10,8,5,0
1551,2024-08-17,20,9,0
1551,2024-08-24,9,8,0
1551,2024-08-31,11,4,0
1551,2024-09-07,19,8,0
1551,2024-09-14,12,3,0
1551,2024-09-21,22,7,0
1551,2024-09-28,14,5,0
1551,2024-10-05,17,7,0
1551,2024-10-12,10,7,0
1551,2024-10-19,15,8,0
1551,2024-10-26,6,4,0
1551,2024-11-02,23,3,0
1551,2024-11-09,10,9,1
1551,2024-11-16,21,4,0
1551,2024-11-23,16,8,0
1551,2024-11-30,9,8,0
1551,2024-12-07,21,3,1
1551,2024-12-14,11,8,0
1551,2024-12-21,7,3,0
1551,2024-12-28,22,5,1
1552,2024-07-08,12,6,0
1552,2024-07-15,8,4,0
1552,2024-07-22,16,5,0
1552,2024-07-29,6,6,1
1552,2024-08-05,7,8,0
1552,2024-08-12,24,6,0
1552,2024-08-19,7,8,0
1552,2024-08-26,19,8,0
1552,2024-09-02,21,5,0
1552,2024-09-09,5,8,0
1552,2024-09-16,11,9,0
1552,2024-09-23,18,4,0
1552,2024-09-30,11,6,0
1552,2024-10-07,21,5,0
1552,2024-10-14,11,3,0
1552,2024-10-21,13,6,0
1552,2024-10-28,5,8,0
1552,2024-11-04,9,9,0
1552,2024-11-11,18,6,0
1552,2024-11-18,7,6,0
1552,2024-11-25,19,5,0
1552,2024-12-02,16,5,0
1552,2024-12-09,10,7,1
1552,2024-12-16,24,4,0
1552,2024-12-23,19,6,1
1552,2024-12-30,9,6,0
1552,2025-01-06,9,8,0
1552,2025-01-13,14,8,0
1552,2025-01-20,15,5,0
1552,2025-01-27,23,6,0
1552,2025-02-03,16,4,0
1552,2025-02-10,22,5,0
1552,2025-02-17,2,2,1
1552,2025-02-24,2,2,1
1552,2025-03-03,1,2,0
1552,2025-03-10,1,2,1
1553,2024-01-17,15,6,0
1553,2024-01-24,11,6,0
1553,2024-01-31,19,6,0
1553,2024-02-07,20,7,0
1553,2024-02-14,17,7,0
1553,2024-02-21,21,7,0
1553,2024-02-28,6,8,0
1553,2024-03-06,18,3,0
1553,2024-03-13,7,3,0
1553,2024-03-20,13,5,0
1553,2024-03-27,22,8,0
1553,2024-04-03,18,9,1
1553,2024-04-10,11,4,0
1553,2024-04-17,10,3,0
1553,2024-04-24,23,5,0
1553,2024-05-01,7,4,1
1553,2024-05-08,10,5,0
1553,2024-05-15,9,4,0
1553,2024-05-22,21,8,0
1553,2024-05-29,21,7,0
1553,2024-06-05,20,3,0
1553,2024-06-12,9,7,0
1553,2024-06-19,22,8,0
1553,2024-06-26,5,8,0
1553,2024-07-03,15,5,1
1553,2024-07-10,7,3,0
1553,2024-07-17,18,4,0
1553,2024-07-24,13,7,0
1553,2024-07-31,6,8,1
1553,2024-08-07,18,7,0
1553,2024-08-14,17,7,0
1553,2024-08-21,16,8,0
1553,2024-08-28,18,8,0
1553,2024-09-04,21,7,0
1553,2024-09-11,14,7,0
1553,2024-09-18,18,3,0
1553,2024-09-25,22,5,1
1553,2024-10-02,19,8,1
1553,2024-10-09,11,4,0
1553,2024-10-16,22,7,0
1553,2024-10-23,7,3,0
1553,2024-10-30,16,9,0
1553,2024-11-06,13,5,0
1553,2024-11-13,17,4,0
1553,2024-11-20,10,9,1
1553,2024-11-27,20,8,0
1553,2024-12-04,5,6,0
1553,2024-12-11,21,4,0
1553,2024-12-18,10,3,0
1553,2024-12-25,21,7,0
1553,2025-01-01,5,8,0
1554,2024-09-22,6,9,0
1554,2024-09-29,24,9,0
1554,2024-10-06,14,7,0
1554,2024-10-13,19,4,0
1554,2024-10-20,8,5,1
1554,2024-10-27,19,9,0
1554,2024-11-03,16,4,0
1554,2024-11-10,22,3,1
1554,2024-11-17,10,6,0
1554,2024-11-24,9,6,0
1554,2024-12-01,14,6,0
1554,2024-12-08,16,9,1
1554,2024-12-15,24,3,0
1554,2024-12-22,9,6,0
1554,2024-12-29,16,9,0
1557,2025-03-12,14,5,0
1557,2025-03-19,8,3,0
1557,2025-03-26,5,5,0
1557,2025-04-02,7,3,0
1557,2025-04-09,2,1,0
1557,2025-04-16,1,2,1
1557,2025-04-23,0,1,0
1557,2025-04-30,2,1,0
1558,2024-02-23,12,4,0
1558,2024-03-01,6,5,0
1558,2024-03-08,24,4,0
1558,2024-03-15,22,7,0
1558,2024-03-22,0,2,0
1558,2024-03-29,1,1,0
1558,2024-04-05,0,1,0
1558,2024-04-12,1,1,0
1561,2024-02-02,24,5,0
1561,2024-02-09,14,6,0
1561,2024-02-16,14,7,1
1561,2024-02-23,11,8,0
1561,2024-03-01,10,4,0
1561,2024-03-08,15,8,0
1561,2024-03-15,18,9,0
1561,2024-03-22,15,9,0
1561,2024-03-29,21,3,0
1561,2024-04-05,14,5,0
1561,2024-04-12,15,5,0
1561,2024-04-19,21,6,0
1561,2024-04-26,17,8,0
1561,2024-05-03,8,9,0
1561,2024-05-10,21,8,0
1561,2024-05-17,8,4,0
1561,2024-05-24,9,7,0
1561,2024-05-31,9,5,0
1561,2024-06-07,5,7,0
1561,2024-06-14,22,4,0
1561,2024-06-21,21,9,0
1561,2024-06-28,14,9,0
1561,2024-07-05,13,3,0
1561,2024-07-12,5,3,0
1561,2024-07-19,9,8,0
1561,2024-07-26,20,4,1
1561,2024-08-02,18,7,0
1561,2024-08-09,18,4,1
1561,2024-08-16,13,5,0
1561,2024-08-23,23,4,0
1561,2024-08-30,8,7,0
1561,2024-09-06,11,5,0
1561,2024-09-13,20,8,0
1561,2024-09-20,17,9,0
1561,2024-09-27,12,7,0
1561,2024-10-04,15,7,0
1561,2024-10-11,10,5,1
1561,2024-10-18,5,9,0
1561,2024-10-25,15,3,0
1561,2024-11-01,14,3,0
1561,2024-11-08,15,6,0
1561,2024-11-15,21,6,1
1561,2024-11-22,8,6,0
1561,2024-11-29,22,7,0
1561,2024-12-06,23,7,0
1561,2024-12-13,10,4,0
1561,2024-12-20,10,4,0
1561,2024-12-27,14,4,0
1562,2024-06-09,14,3,0
1562,2024-06-16,13,3,0
1562,2024-06-23,10,8,0
1562,2024-06-30,11,9,0
1562,2024-07-07,5,7,0
1562,2024-07-14,23,9,0
1562,2024-07-21,10,8,0
1562,2024-07-28,8,4,0
1562,2024-08-04,14,4,0
1562,2024-08-11,12,8,0
1562,2024-08-18,11,3,0
1562,2024-08-25,20,3,0
1562,2024-09-01,18,8,0
1562,2024-09-08,10,8,0
1562,2024-09-15,6,3,0
1562,2024-09-22,14,3,1
1562,2024-09-29,16,5,1
1562,2024-10-06,23,7,1
1562,2024-10-13,24,5,0
1562,2024-10-20,17,6,0
1562,2024-10-27,17,9,0
1562,2024-11-03,8,5,0
1562,2024-11-10,20,6,0
1562,2024-11-17,15,3,0
1562,2024-11-24,17,6,0
1562,2024-12-01,7,6,0
1562,2024-12-08,13,4,0
1562,2024-12-15,16,5,0
1562,2024-12-22,18,8,0
1562,2024-12-29,21,8,0
1563,2024-06-03,24,6,0
1563,2024-06-10,21,8,0
1563,2024-06-17,21,8,0
1563,2024-06-24,20,7,0
1563,2024-07-01,14,4,0
1563,2024-07-08,20,3,1
1563,2024-07-15,18,9,0
1563,2024-07-22,15,7,0
1563,2024-07-29,15,4,0
1563,2024-08-05,21,9,1
1563,2024-08-12,24,5,1
1563,2024-08-19,9,6,0
1563,2024-08-26,6,4,0
1563,2024-09-02,14,9,0
1563,2024-09-09,9,6,0
1563,2024-09-16,23,4,0
1563,2024-09-23,7,7,1
1563,2024-09-30,12,4,0
1563,2024-10-07,17,7,0
1563,2024-10-14,5,4,0
1563,2024-10-21,17,6,0
1563,2024-10-28,14,6,0
1563,2024-11-04,7,6,0
1563,2024-11-11,23,9,0
1563,2024-11-18,11,4,0
1563,2024-11-25,18,9,0
1563,2024-12-02,11,9,0
1563,2024-12-09,16,7,0
1563,2024-12-16,11,8,0
1563,2024-12-23,11,6,0
1563,2024-12-30,24,4,0
1565,2024-03-30,13,5,0
1565,2024-04-06,24,7,1
1565,2024-04-13,23,4,0
1565,2024-04-20,12,7,0
1565,2024-04-27,14,6,0
1565,2024-05-04,0,2,1
1565,2024-05-11,1,1,0
1565,2024-05-18,1,2,0
1565,2024-05-25,1,1,1
1565,2024-06-01,0,2,0
1566,2024-06-02,7,6,0
1566,2024-06-09,17,9,0
1566,2024-06-16,20,6,1
1566,2024-06-23,19,4,0
1566,2024-06-30,24,7,1
1566,2024-07-07,14,8,0
1566,2024-07-14,7,5,0
1566,2024-07-21,19,3,0
1566,2024-07-28,17,4,0
1566,2024-08-04,18,7,0
1566,2024-08-11,24,3,0
1566,2024-08-18,20,9,0
1566,2024-08-25,16,4,1
1566,2024-09-01,16,5,0
1566,2024-09-08,19,8,0
1566,2024-09-15,17,5,0
1566,2024-09-22,9,4,0
1566,2024-09-29,20,7,1
1566,2024-10-06,11,8,0
1566,2024-10-13,23,5,0
1566,2024-10-20,11,4,0
1566,2024-10-27,17,5,0
1566,2024-11-03,16,7,0
1566,2024-11-10,8,6,0
1566,2024-11-17,18,6,0
1566,2024-11-24,15,8,0
1566,2024-12-01,13,4,0
1566,2024-12-08,14,9,0
1566,2024-12-15,20,6,0
1566,2024-12-22,10,9,0
1566,2024-12-29,17,5,1
1568,2024-10-18,7,9,0
1568,2024-10-25,14,7,0
1568,2024-11-01,15,9,0
1568,2024-11-08,24,9,0
1568,2024-11-15,7,3,0
1568,2024-11-22,5,4,0
1568,2024-11-29,21,3,1
1568,2024-12-06,9,8,1
1568,2024-12-13,10,3,0
1568,2024-12-20,22,7,0
1568,2024-12-27,9,6,0
1570,2024-02-11,17,8,0
1570,2024-02-18,18,5,0
1570,2024-02-25,12,9,0
1570,2024-03-03,8,4,0
1570,2024-03-10,16,6,0
1570,2024-03-17,17,6,1
1570,2024-03-24,13,6,0
1570,2024-03-31,5,9,0
1570,2024-04-07,11,3,0
1570,2024-04-14,8,6,0
1570,2024-04-21,13,7,0
1570,2024-04-28,9,9,0
1570,2024-05-05,5,3,0
1570,2024-05-12,10,3,1
1570,2024-05-19,23,7,0
1570,2024-05-26,18,4,0
1570,2024-06-02,10,6,0
1570,2024-06-09,22,7,1
1570,2024-06-16,13,9,0
1570,2024-06-23,6,7,0
1570,2024-06-30,13,9,0
1570,2024-07-07,14,9,0
1570,2024-07-14,10,6,0
1570,2024-07-21,22,9,0
1570,2024-07-28,9,5,0
1570,2024-08-04,5,6,0
1570,2024-08-11,10,9,0
1570,2024-08-18,16,7,0
1570,2024-08-25,18,5,0
1570,2024-09-01,10,7,0
1570,2024-09-08,16,3,0
1570,2024-09-15,8,8,0
1570,2024-09-22,9,4,0
1570,2024-09-29,9,9,0
1570,2024-10-06,7,6,0
1570,2024-10-13,18,6,0
1570,2024-10-20,13,6,0
1570,2024-10-27,13,9,0
1570,2024-11-03,21,3,0
1570,2024-11-10,19,7,1
1570,2024-11-17,19,5,0
1570,2024-11-24,8,3,0
1570,2024-12-01,20,8,0
1570,2024-12-08,24,4,0
1570,2024-12-15,10,5,1
1570,2024-12-22,17,3,0
1570,2024-12-29,13,8,0
1570,2025-01-05,16,6,0
1570,2025-01-12,23,4,0
1570,2025-01-19,5,9,0
1570,2025-01-26,8,3,0
1570,2025-02-02,17,6,0
1570,2025-02-09,14,6,0
1570,2025-02-16,2,1,0
1570,2025-02-23,0,2,0
1570,2025-03-02,2,1,0
1570,2025-03-09,2,1,0
1570,2025-03-16,0,2,0
1573,2024-07-07,20,5,1
1573,2024-07-14,23,3,0
1573,2024-07-21,15,5,0
1573,2024-07-28,14,5,0
1573,2024-08-04,13,4,0
1573,2024-08-11,20,6,0
1573,2024-08-18,17,9,0
1573,2024-08-25,10,7,0
1573,2024-09-01,16,3,1
1573,2024-09-08,17,8,0
1573,2024-09-15,23,5,0
1573,2024-09-22,15,9,0
1573,2024-09-29,15,3,0
1573,2024-10-06,23,7,0
1573,2024-10-13,10,9,0
1573,2024-10-20,9,3,0
1573,2024-10-27,18,6,0
1573,2024-11-03,16,9,0
1573,2024-11-10,17,8,0
1573,2024-11-17,19,6,0
1573,2024-11-24,20,3,0
1573,2024-12-01,19,9,0
1573,2024-12-08,20,5,0
1573,2024-12-15,6,4,0
1573,2024-12-22,7,3,0
1573,2024-12-29,24,8,0
1574,2024-10-17,22,3,0
1574,2024-10-24,12,6,0
1574,2024-10-31,17,8,0
1574,2024-11-07,9,7,0
1574,2024-11-14,17,6,0
1574,2024-11-21,9,5,0
1574,2024-11-28,7,6,0
1574,2024-12-05,22,8,0
1574,2024-12-12,11,5,0
1574,2024-12-19,18,4,0
1574,2024-12-26,20,8,0
1575,2024-07-06,22,6,0
1575,2024-07-13,13,9,1
1575,2024-07-20,19,5,0
1575,2024-07-27,22,4,0
1575,2024-08-03,17,5,0
1575,2024-08-10,24,3,0
1575,2024-08-17,22,7,0
1575,2024-08-24,23,5,0
1575,2024-08-31,10,8,1
1575,2024-09-07,12,3,0
1575,2024-09-14,9,5,1
1575,2024-09-21,7,8,0
1575,2024-09-28,6,6,0
1575,2024-10-05,21,8,0
1575,2024-10-12,9,9,0
1575,2024-10-19,8,7,0
1575,2024-10-26,22,3,0
1575,2024-11-02,15,8,0
1575,2024-11-09,7,9,0
1575,2024-11-16,8,6,0
1575,2024-11-23,14,6,0
1575,2024-11-30,19,8,0
1575,2024-12-07,15,9,0
1575,2024-12-14,13,5,1
1575,2024-12-21,17,8,0
1575,2024-12-28,22,7,0
1576,2024-06-22,24,4,0
1576,2024-06-29,23,3,0
1576,2024-07-06,5,3,0
1576,2024-07-13,6,5,0
1576,2024-07-20,24,3,0
1576,2024-07-27,20,6,0
1576,2024-08-03,8,7,0
1576,2024-08-10,17,9,0
1576,2024-08-17,6,6,0
1576,2024-08-24,13,6,0
1576,2024-08-31,21,5,0
1576,2024-09-07,12,7,0
1576,2024-09-14,17,9,0
1576,2024-09-21,21,6,0
1576,2024-09-28,24,5,0
1576,2024-10-05,17,9,0
1576,2024-10-12,21,7,0
1576,2024-10-19,8,3,0
1576,2024-10-26,18,8,0
1576,2024-11-02,20,4,0
1576,2024-11-09,11,5,0
1576,2024-11-16,21,4,0
1576,2024-11-23,11,4,0
1576,2024-11-30,10,3,0
1576,2024-12-07,12,8,0
1576,2024-12-14,13,3,0
1576,2024-12-21,15,5,0
1576,2024-12-28,7,4,0
1576,2025-01-04,9,9,0
1576,2025-01-11,12,4,0
1576,2025-01-18,17,3,0
1576,2025-01-25,23,4,0
1576,2025-02-01,8,5,0
1576,2025-02-08,15,7,0
1576,2025-02-15,13,7,1
1576,2025-02-22,19,4,0
1576,2025-03-01,11,4,0
1576,2025-03-08,1,2,0
1576,2025-03-15,0,1,0
1576,2025-03-22,2,2,1
1576,2025-03-29,0,1,1
1578,2024-12-01,11,8,0
1578,2024-12-08,19,9,0
1578,2024-12-15,18,3,0
1578,2024-12-22,22,9,0
1578,2024-12-29,6,7,0
1579,2025-02-19,6,6,0
1579,2025-02-26,9,3,0
1579,2025-03-05,18,6,1
1579,2025-03-12,22,7,0
1579,2025-03-19,16,8,0
1579,2025-03-26,5,7,0
1579,2025-04-02,20,8,0
1579,2025-04-09,18,7,0
1579,2025-04-16,2,1,1
1579,2025-04-23,0,1,0
1579,2025-04-30,0,1,0
1579,2025-05-07,0,1,0
1580,2024-05-27,8,8,0
1580,2024-06-03,19,3,0
1580,2024-06-10,12,5,1
1580,2024-06-17,15,3,0
1580,2024-06-24,16,4,0
1580,2024-07-01,18,4,0
1580,2024-07-08,22,5,0
1580,2024-07-15,16,4,0
1580,2024-07-22,19,7,0
1580,2024-07-29,10,6,0
1580,2024-08-05,8,9,0
1580,2024-08-12,5,3,0
1580,2024-08-19,16,5,0
1580,2024-08-26,16,7,0
1580,2024-09-02,14,5,1
1580,2024-09-09,23,9,1
1580,2024-09-16,5,5,0
1580,2024-09-23,12,6,0
1580,2024-09-30,11,7,0
1580,2024-10-07,8,5,1
1580,2024-10-14,24,8,0
1580,2024-10-21,16,4,0
1580,2024-10-28,11,5,0
1580,2024-11-04,17,8,0
1580,2024-11-11,14,8,0
1580,2024-11-18,12,6,0
1580,2024-11-25,12,8,0
1580,2024-12-02,23,8,0
1580,2024-12-09,12,4,1
1580,2024-12-16,24,3,0
1580,2024-12-23,14,6,0
1580,2024-12-30,15,7,0
1586,2025-02-03,7,8,0
1586,2025-02-10,12,6,0
1586,2025-02-17,9,5,0
1586,2025-02-24,9,3,0
1586,2025-03-03,20,7,0
1586,2025-03-10,11,9,0
1586,2025-03-17,12,5,0
1586,2025-03-24,22,9,0
1586,2025-03-31,7,9,1
1586,2025-04-07,10,5,0
1586,2025-04-14,23,5,0
1586,2025-04-21,7,7,0
1586,2025-04-28,12,7,0
1586,2025-05-05,17,5,0
1586,2025-05-12,14,5,1
1586,2025-05-19,18,5,1
1586,2025-05-26,14,5,0
1586,2025-06-02,2,2,1
1586,2025-06-09,1,2,1
1586,2025-06-16,1,1,0
1586,2025-06-23,2,2,0
1586,2025-06-30,1,2,0
1588,2024-05-18,20,3,0
1588,2024-05-25,17,5,0
1588,2024-06-01,9,7,0
1588,2024-06-08,16,5,0
1588,2024-06-15,7,6,0
1588,2024-06-22,24,5,0
1588,2024-06-29,11,8,0
1588,2024-07-06,5,5,0
1588,2024-07-13,16,3,0
1588,2024-07-20,7,6,1
1588,2024-07-27,16,8,0
1588,2024-08-03,10,8,0
1588,2024-08-10,19,4,0
1588,2024-08-17,17,9,0
1588,2024-08-24,14,3,0
1588,2024-08-31,7,9,1
1588,2024-09-07,17,8,0
1588,2024-09-14,7,4,0
1588,2024-09-21,22,4,0
1588,2024-09-28,6,6,0
1588,2024-10-05,11,3,0
1588,2024-10-12,10,4,0
1588,2024-10-19,8,3,0
1588,2024-10-26,5,9,0
1588,2024-11-02,20,3,0
1588,2024-11-09,14,9,0
1588,2024-11-16,11,9,1
1588,2024-11-23,7,7,0
1588,2024-11-30,11,9,0
1588,2024-12-07,18,9,0
1588,2024-12-14,9,6,0
1588,2024-12-21,13,8,0
1588,2024-12-28,20,8,0
1589,2024-12-28,16,8,0
1590,2024-11-05,11,7,0
1590,2024-11-12,7,3,0
1590,2024-11-19,6,9,0
1590,2024-11-26,17,7,0
1590,2024-12-03,14,8,0
1590,2024-12-10,7,6,0
1590,2024-12-17,10,5,0
1590,2024-12-24,6,9,0
1590,2024-12-31,19,4,0
1591,2024-11-28,14,6,0
1591,2024-12-05,23,5,0
1591,2024-12-12,21,4,0
1591,2024-12-19,16,4,1
1591,2024-12-26,21,9,0
1592,2024-03-29,23,4,0
1592,2024-04-05,8,8,0
1592,2024-04-12,11,6,0
1592,2024-04-19,22,7,0
1592,2024-04-26,9,9,0
1592,2024-05-03,18,3,0
1592,2024-05-10,13,4,0
1592,2024-05-17,16,6,0
1592,2024-05-24,23,7,0
1592,2024-05-31,22,5,0
1592,2024-06-07,11,3,0
1592,2024-06-14,18,6,0
1592,2024-06-21,10,6,0
1592,2024-06-28,19,3,0
1592,2024-07-05,14,4,0
1592,2024-07-12,18,6,0
1592,2024-07-19,18,9,0
1592,2024-07-26,19,8,0
1592,2024-08-02,16,6,0
1592,2024-08-09,15,9,0
1592,2024-08-16,8,4,0
1592,2024-08-23,13,9,0
1592,2024-08-30,12,6,0
1592,2024-09-06,22,3,0
1592,2024-09-13,18,4,0
1592,2024-09-20,24,9,1
1592,2024-09-27,18,8,0
1592,2024-10-04,15,5,0
1592,2024-10-11,19,7,0
1592,2024-10-18,19,8,0
1592,2024-10-25,7,7,0
1592,2024-11-01,18,8,0
1592,2024-11-08,8,7,0
1592,2024-11-15,7,7,0
1592,2024-11-22,8,6,0
1592,2024-11-29,7,8,0
1592,2024-12-06,12,8,0
1592,2024-12-13,13,5,0
1592,2024-12-20,5,7,0
1592,2024-12-27,24,6,0
1593,2025-05-02,13,7,0
1593,2025-05-09,0,2,1
1593,2025-05-16,2,2,1
1593,2025-05-23,2,2,1
1593,2025-05-30,2,2,1
1594,2024-08-05,23,7,0
1594,2024-08-12,23,9,0
1594,2024-08-19,20,9,0
1594,2024-08-26,23,4,0
1594,2024-09-02,16,3,0
1594,2024-09-09,8,9,0
1594,2024-09-16,15,9,0
1594,2024-09-23,24,9,0
1594,2024-09-30,11,7,0
1594,2024-10-07,24,6,1
1594,2024-10-14,22,6,0
1594,2024-10-21,24,8,1
1594,2024-10-28,6,6,0
1594,2024-11-04,20,3,0
1594,2024-11-11,5,8,0
1594,2024-11-18,24,3,0
1594,2024-11-25,19,6,0
1594,2024-12-02,20,9,0
1594,2024-12-09,21,5,1
1594,2024-12-16,13,3,1
1594,2024-12-23,9,8,0
1594,2024-12-30,10,5,0
1595,2024-05-13,16,5,0
1595,2024-05-20,8,4,1
1595,2024-05-27,14,9,0
1595,2024-06-03,19,8,0
1595,2024-06-10,17,6,0
1595,2024-06-17,20,4,0
1595,2024-06-24,10,5,0
1595,2024-07-01,6,9,0
1595,2024-07-08,19,4,0
1595,2024-07-15,24,9,0
1595,2024-07-22,0,2,0
1595,2024-07-29,1,2,0
1595,2024-08-05,0,1,1
1595,2024-08-12,2,1,0
1595,2024-08-19,1,2,0
1596,2024-08-10,22,5,0
1596,2024-08-17,14,4,0
1596,2024-08-24,7,7,0
1596,2024-08-31,23,3,0
1596,2024-09-07,19,6,0
1596,2024-09-14,10,9,0
1596,2024-09-21,12,6,0
1596,2024-09-28,18,3,0
1596,2024-10-05,22,5,0
1596,2024-10-12,10,3,1
1596,2024-10-19,5,8,0
1596,2024-10-26,10,7,0
1596,2024-11-02,9,5,0
1596,2024-11-09,5,9,0
1596,2024-11-16,19,9,0
1596,2024-11-23,18,9,0
1596,2024-11-30,12,5,0
1596,2024-12-07,24,6,0
1596,2024-12-14,6,9,0
1596,2024-12-21,5,3,1
1596,2024-12-28,10,7,0
1597,2024-12-04,23,4,0
1597,2024-12-11,15,3,0
1597,2024-12-18,10,4,0
1597,2024-12-25,20,5,0
1597,2025-01-01,12,8,0
1598,2024-04-23,11,4,0
1598,2024-04-30,22,6,0
1598,2024-05-07,9,7,0
1598,2024-05-14,17,5,1
1598,2024-05-21,12,4,0
1598,2024-05-28,15,9,0
1598,2024-06-04,23,9,0
1598,2024-06-11,19,8,0
1598,2024-06-18,10,3,0
1598,2024-06-25,22,7,1
1598,2024-07-02,23,7,0
1598,2024-07-09,22,6,0
1598,2024-07-16,11,6,0
1598,2024-07-23,9,9,0
1598,2024-07-30,16,9,0
1598,2024-08-06,17,6,0
1598,2024-08-13,16,3,0
1598,2024-08-20,9,3,0
1598,2024-08-27,24,5,0
1598,2024-09-03,7,3,0
1598,2024-09-10,13,3,0
1598,2024-09-17,11,8,0
1598,2024-09-24,18,5,0
1598,2024-10-01,15,3,0
1598,2024-10-08,23,4,1
1598,2024-10-15,19,8,0
1598,2024-10-22,9,9,0
1598,2024-10-29,12,3,0
1598,2024-11-05,22,9,0
1598,2024-11-12,15,9,0
1598,2024-11-19,10,6,0
1598,2024-11-26,11,6,0
1598,2024-12-03,14,6,0
1598,2024-12-10,23,4,0
1598,2024-12-17,11,7,0
1598,2024-12-24,21,5,0
1598,2024-12-31,11,8,0
1599,2024-06-01,23,8,0
1599,2024-06-08,24,5,0
1599,2024-06-15,11,5,1
1599,2024-06-22,21,5,1
1599,2024-06-29,19,5,0
1599,2024-07-06,16,7,0
1599,2024-07-13,15,3,0
1599,2024-07-20,15,3,0
1599,2024-07-27,8,8,0
1599,2024-08-03,16,4,0
1599,2024-08-10,16,9,0
1599,2024-08-17,14,4,0
1599,2024-08-24,16,4,0
1599,2024-08-31,5,4,0
1599,2024-09-07,9,6,0
1599,2024-09-14,23,3,0
1599,2024-09-21,22,4,0
1599,2024-09-28,14,9,0
1599,2024-10-05,14,5,0
1599,2024-10-12,12,9,0
1599,2024-10-19,21,8,0
1599,2024-10-26,5,5,0
1599,2024-11-02,11,8,0
1599,2024-11-09,7,4,0
1599,2024-11-16,9,6,0
1599,2024-11-23,10,6,0
1599,2024-11-30,22,3,0
1599,2024-12-07,24,8,0
1599,2024-12-14,12,5,0
1599,2024-12-21,18,5,0
1599,2024-12-28,19,5,0
1599,2025-01-04,6,3,0
1599,2025-01-11,23,5,0
1599,2025-01-18,17,8,1
1599,2025-01-25,2,1,1
1599,2025-02-01,1,2,0
1599,2025-02-08,2,1,1
1599,2025-02-15,2,1,1
1602,2025-06-01,1,1,0
1602,2025-06-08,1,1,0
1602,2025-06-15,2,1,1
1602,2025-06-22,0,1,0
1602,2025-06-29,0,2,2
1603,2024-12-22,16,3,0
1603,2024-12-29,8,8,0
1604,2024-01-18,13,4,0
1604,2024-01-25,15,6,0
1604,2024-02-01,13,6,0
1604,2024-02-08,13,3,0
1604,2024-02-15,9,4,0
1604,2024-02-22,5,3,0
1604,2024-02-29,15,9,0
1604,2024-03-07,23,8,0
1604,2024-03-14,18,6,0
1604,2024-03-21,15,6,0
1604,2024-03-28,6,3,0
1604,2024-04-04,14,3,0
1604,2024-04-11,16,5,0
1604,2024-04-18,9,6,0
1604,2024-04-25,16,8,0
1604,2024-05-02,10,6,0
1604,2024-05-09,13,4,0
1604,2024-05-16,8,5,0
1604,2024-05-23,11,7,0
1604,2024-05-30,22,3,1
1604,2024-06-06,13,7,0
1604,2024-06-13,16,3,0
1604,2024-06-20,21,4,0
1604,2024-06-27,24,6,0
1604,2024-07-04,21,8,0
1604,2024-07-11,15,8,0
1604,2024-07-18,11,6,0
1604,2024-07-25,7,4,0
1604,2024-08-01,18,7,0
1604,2024-08-08,16,8,0
1604,2024-08-15,6,6,0
1604,2024-08-22,15,7,0
1604,2024-08-29,9,8,0
1604,2024-09-05,19,9,0
1604,2024-09-12,15,9,0
1604,2024-09-19,16,4,0
1604,2024-09-26,15,4,0
1604,2024-10-03,15,7,0
1604,2024-10-10,13,4,0
1604,2024-10-17,20,7,0
1604,2024-10-24,7,7,0
1604,2024-10-31,21,6,0
1604,2024-11-07,23,9,0
1604,2024-11-14,13,7,0
1604,2024-11-21,10,5,0
1604,2024-11-28,13,3,0
1604,2024-12-05,22,9,0
1604,2024-12-12,15,3,0
1604,2024-12-19,18,5,0
1604,2024-12-26,9,8,0
1605,2024-04-03,23,3,0
1605,2024-04-10,17,5,0
1605,2024-04-17,11,7,0
1605,2024-04-24,11,9,1
1605,2024-05-01,17,7,0
1605,2024-05-08,19,9,0
1605,2024-05-15,13,9,0
1605,2024-05-22,6,5,0
1605,2024-05-29,12,7,0
1605,2024-06-05,17,3,0
1605,2024-06-12,18,3,0
1605,2024-06-19,23,3,0
1605,2024-06-26,17,5,0
1605,2024-07-03,5,5,0
1605,2024-07-10,12,3,1
1605,2024-07-17,13,6,0
1605,2024-07-24,9,5,0
1605,2024-07-31,15,5,0
1605,2024-08-07,5,8,0
1605,2024-08-14,13,7,0
1605,2024-08-21,10,9,0
1605,2024-08-28,14,7,0
1605,2024-09-04,9,6,0
1605,2024-09-11,21,4,0
1605,2024-09-18,6,7,0
1605,2024-09-25,18,6,1
1605,2024-10-02,7,8,0
1605,2024-10-09,22,9,0
1605,2024-10-16,19,6,0
1605,2024-10-23,13,4,0
1605,2024-10-30,19,6,0
1605,2024-11-06,6,6,1
1605,2024-11-13,22,7,0
1605,2024-11-20,12,3,0
1605,2024-11-27,23,8,1
1605,2024-12-04,12,4,0
1605,2024-12-11,18,8,0
1605,2024-12-18,21,8,0
1605,2024-12-25,16,9,0
1605,2025-01-01,10,4,0
1607,2025-03-01,17,9,0
1607,2025-03-08,5,3,0
1607,2025-03-15,9,7,0
1607,2025-03-22,21,3,0
1607,2025-03-29,19,6,0
1607,2025-04-05,1,2,1
1607,2025-04-12,1,2,0
1607,2025-04-19,2,2,1
1607,2025-04-26,1,2,2
1609,2024-02-15,10,8,0
1609,2024-02-22,21,8,0
1609,2024-02-29,24,5,0
1609,2024-03-07,10,3,1
1609,2024-03-14,23,4,0
1609,2024-03-21,7,9,0
1609,2024-03-28,22,4,0
1609,2024-04-04,14,5,0
1609,2024-04-11,5,4,0
1609,2024-04-18,5,3,0
1609,2024-04-25,19,4,0
1609,2024-05-02,11,8,0
1609,2024-05-09,24,5,0
1609,2024-05-16,13,4,0
1609,2024-05-23,24,9,0
1609,2024-05-30,23,6,1
1609,2024-06-06,20,5,0
1609,2024-06-13,12,9,0
1609,2024-06-20,9,5,0
1609,2024-06-27,15,7,0
1609,2024-07-04,14,5,0
1609,2024-07-11,20,7,0
1609,2024-07-18,22,3,0
1609,2024-07-25,11,6,0
1609,2024-08-01,15,8,1
1609,2024-08-08,11,6,1
1609,2024-08-15,9,4,0
1609,2024-08-22,6,4,0
1609,2024-08-29,14,6,0
1609,2024-09-05,20,9,0
1609,2024-09-12,7,6,0
1609,2024-09-19,24,6,0
1609,2024-09-26,9,9,0
1609,2024-10-03,7,3,0
1609,2024-10-10,6,9,0
1609,2024-10-17,20,5,0
1609,2024-10-24,24,6,0
1609,2024-10-31,12,9,0
1609,2024-11-07,9,6,0
1609,2024-11-14,24,6,0
1609,2024-11-21,19,8,0
1609,2024-11-28,15,8,0
1609,2024-12-05,13,4,1
1609,2024-12-12,13,7,0
1609,2024-12-19,24,8,0
1609,2024-12-26,14,8,0
1611,2024-11-25,11,4,0
1611,2024-12-02,19,5,0
1611,2024-12-09,22,5,0
1611,2024-12-16,11,4,1
1611,2024-12-23,12,8,0
1611,2024-12-30,21,8,0
1613,2024-01-06,10,6,1
1613,2024-01-13,12,7,0
1613,2024-01-20,21,4,1
1613,2024-01-27,22,5,0
1613,2024-02-03,19,4,0
1613,2024-02-10,7,8,0
1613,2024-02-17,15,6,0
1613,2024-02-24,24,9,0
1613,2024-03-02,11,9,0
1613,2024-03-09,8,3,0
1613,2024-03-16,15,9,0
1613,2024-03-23,21,3,0
1613,2024-03-30,6,3,0
1613,2024-04-06,10,4,1
1613,2024-04-13,19,9,1
1613,2024-04-20,8,3,0
1613,2024-04-27,14,5,0
1613,2024-05-04,17,6,0
1613,2024-05-11,14,6,0
1613,2024-05-18,24,8,0
1613,2024-05-25,24,3,0
1613,2024-06-01,18,3,0
1613,2024-06-08,8,9,0
1613,2024-06-15,6,7,0
1613,2024-06-22,22,9,0
1613,2024-06-29,10,8,0
1613,2024-07-06,16,8,0
1613,2024-07-13,13,3,1
1613,2024-07-20,22,7,0
1613,2024-07-27,16,8,1
1613,2024-08-03,17,5,0
1613,2024-08-10,7,6,0
1613,2024-08-17,23,9,0
1613,2024-08-24,14,4,0
1613,2024-08-31,23,3,1
1613,2024-09-07,14,8,0
1613,2024-09-14,19,8,0
1613,2024-09-21,21,6,0
1613,2024-09-28,17,8,0
1613,2024-10-05,21,4,0
1613,2024-10-12,15,4,0
1613,2024-10-19,24,8,0
1613,2024-10-26,22,5,1
1613,2024-11-02,7,5,0
1613,2024-11-09,16,3,0
1613,2024-11-16,21,4,1
1613,2024-11-23,13,7,0
1613,2024-11-30,12,9,0
1613,2024-12-07,8,3,0
1613,2024-12-14,18,5,0
1613,2024-12-21,11,6,1
1613,2024-12-28,8,4,0
1615,2024-04-22,23,7,0
1615,2024-04-29,11,9,0
1615,2024-05-06,15,9,0
1615,2024-05-13,9,9,0
1615,2024-05-20,24,7,0
1615,2024-05-27,23,8,0
1615,2024-06-03,17,9,0
1615,2024-06-10,7,7,0
1615,2024-06-17,6,5,0
1615,2024-06-24,16,3,0
1615,2024-07-01,8,8,0
1615,2024-07-08,22,4,0
1615,2024-07-15,24,6,0
1615,2024-07-22,13,8,0
1615,2024-07-29,24,7,0
1615,2024-08-05,14,3,0
1615,2024-08-12,22,4,0
1615,2024-08-19,14,7,1
1615,2024-08-26,21,7,0
1615,2024-09-02,15,4,0
1615,2024-09-09,8,7,0
1615,2024-09-16,24,6,0
1615,2024-09-23,10,4,0
1615,2024-09-30,19,4,0
1615,2024-10-07,6,9,0
1615,2024-10-14,9,8,0
1615,2024-10-21,22,5,1
1615,2024-10-28,10,7,0
1615,2024-11-04,21,8,0
1615,2024-11-11,13,6,0
1615,2024-11-18,5,5,0
1615,2024-11-25,7,8,0
1615,2024-12-02,12,8,0
1615,2024-12-09,10,9,1
1615,2024-12-16,14,5,0
1615,2024-12-23,17,9,0
1615,2024-12-30,11,3,0
1616,2024-04-02,13,9,0
1616,2024-04-09,18,8,0
1616,2024-04-16,21,5,0
1616,2024-04-23,9,3,0
1616,2024-04-30,20,9,0
1616,2024-05-07,19,4,0
1616,2024-05-14,15,7,0
1616,2024-05-21,11,4,0
1616,2024-05-28,6,4,0
1616,2024-06-04,17,7,0
1616,2024-06-11,21,4,0
1616,2024-06-18,18,6,0
1616,2024-06-25,8,9,0
1616,2024-07-02,17,6,0
1616,2024-07-09,22,4,0
1616,2024-07-16,24,3,0
1616,2024-07-23,22,6,0
1616,2024-07-30,17,3,1
1616,2024-08-06,18,8,0
1616,2024-08-13,5,9,0
1616,2024-08-20,13,9,0
1616,2024-08-27,20,6,0
1616,2024-09-03,15,9,0
1616,2024-09-10,16,4,0
1616,2024-09-17,10,4,0
1616,2024-09-24,16,5,0
1616,2024-10-01,7,5,0
1616,2024-10-08,21,3,0
1616,2024-10-15,23,3,0
1616,2024-10-22,23,3,0
1616,2024-10-29,13,8,0
1616,2024-11-05,6,9,0
1616,2024-11-12,5,9,0
1616,2024-11-19,24,9,0
1616,2024-11-26,15,5,0
1616,2024-12-03,6,7,0
1616,2024-12-10,20,8,0
1616,2024-12-17,23,6,0
1616,2024-12-24,23,8,0
1616,2024-12-31,5,6,0
1616,2025-01-07,5,4,0
1616,2025-01-14,18,5,0
1616,2025-01-21,7,3,0
1616,2025-01-28,16,9,0
1616,2025-02-04,9,3,1
1616,2025-02-11,15,6,0
1616,2025-02-18,20,6,0
1616,2025-02-25,14,8,0
1616,2025-03-04,1,1,0
1616,2025-03-11,0,1,0
1616,2025-03-18,1,2,0
1616,2025-03-25,1,2,2
1617,2024-01-25,24,5,0
1617,2024-02-01,8,4,0
1617,2024-02-08,7,8,1
1617,2024-02-15,22,7,0
1617,2024-02-22,9,7,0
1617,2024-02-29,19,3,0
1617,2024-03-07,6,4,0
1617,2024-03-14,17,9,0
1617,2024-03-21,20,8,0
1617,2024-03-28,14,9,0
1617,2024-04-04,9,4,0
1617,2024-04-11,15,7,0
1617,2024-04-18,7,6,0
1617,2024-04-25,20,7,1
1617,2024-05-02,10,7,0
1617,2024-05-09,13,4,1
1617,2024-05-16,18,4,0
1617,2024-05-23,9,7,0
1617,2024-05-30,20,7,0
1617,2024-06-06,20,6,1
1617,2024-06-13,12,5,1
1617,2024-06-20,13,8,0
1617,2024-06-27,24,9,1
1617,2024-07-04,5,8,0
1617,2024-07-11,14,4,0
1617,2024-07-18,8,5,0
1617,2024-07-25,7,5,0
1617,2024-08-01,11,3,0
1617,2024-08-08,21,9,0
1617,2024-08-15,15,9,1
1617,2024-08-22,18,7,0
1617,2024-08-29,17,7,0
1617,2024-09-05,8,3,0
1617,2024-09-12,23,6,0
1617,2024-09-19,11,3,0
1617,2024-09-26,17,7,0
1617,2024-10-03,5,3,0
1617,2024-10-10,23,8,0
1617,2024-10-17,9,5,0
1617,2024-10-24,7,9,0
1617,2024-10-31,14,8,0
1617,2024-11-07,21,5,0
1617,2024-11-14,22,5,0
1617,2024-11-21,24,6,0
1617,2024-11-28,15,6,0
1617,2024-12-05,7,7,0
1617,2024-12-12,24,7,0
1617,2024-12-19,14,8,0
1617,2024-12-26,15,9,0
1617,2025-01-02,17,5,0
1617,2025-01-09,6,9,0
1617,2025-01-16,20,9,0
1617,2025-01-23,6,3,1
1617,2025-01-30,22,7,0
1617,2025-02-06,22,4,0
1617,2025-02-13,1,2,1
1617,2025-02-20,2,1,2
1617,2025-02-27,2,2,2
1617,2025-03-06,2,2,2
1620,2024-12-21,16,8,1
1620,2024-12-28,21,6,0
1621,2024-04-14,13,8,0
1621,2024-04-21,22,8,0
1621,2024-04-28,10,6,0
1621,2024-05-05,10,8,1
1621,2024-05-12,20,7,0
1621,2024-05-19,18,3,0
1621,2024-05-26,17,3,1
1621,2024-06-02,9,3,0
1621,2024-06-09,18,6,0
1621,2024-06-16,21,4,0
1621,2024-06-23,23,3,0
1621,2024-06-30,15,7,0
1621,2024-07-07,18,9,0
1621,2024-07-14,24,6,0
1621,2024-07-21,23,8,0
1621,2024-07-28,18,9,0
1621,2024-08-04,18,4,0
1621,2024-08-11,19,8,0
1621,2024-08-18,15,6,1
1621,2024-08-25,9,6,0
1621,2024-09-01,10,6,0
1621,2024-09-08,11,6,0
1621,2024-09-15,13,7,0
1621,2024-09-22,20,9,0
1621,2024-09-29,11,7,0
1621,2024-10-06,21,8,0
1621,2024-10-13,21,4,0
1621,2024-10-20,16,5,0
1621,2024-10-27,10,9,0
1621,2024-11-03,12,5,0
1621,2024-11-10,19,8,0
1621,2024-11-17,7,8,0
1621,2024-11-24,12,7,0
1621,2024-12-01,14,9,0
1621,2024-12-08,18,5,0
1621,2024-12-15,13,7,0
1621,2024-12-22,16,8,0
1621,2024-12-29,17,7,0
1622,2024-02-24,18,5,0
1622,2024-03-02,16,8,0
1622,2024-03-09,13,3,0
1622,2024-03-16,20,4,0
1622,2024-03-23,16,4,0
1622,2024-03-30,14,5,0
1622,2024-04-06,24,5,0
1622,2024-04-13,11,9,0
1622,2024-04-20,11,3,0
1622,2024-04-27,5,5,0
1622,2024-05-04,8,8,0
1622,2024-05-11,9,9,0
1622,2024-05-18,12,6,0
1622,2024-05-25,11,8,0
1622,2024-06-01,23,8,1
1622,2024-06-08,5,7,0
1622,2024-06-15,5,4,0
1622,2024-06-22,8,7,0
1622,2024-06-29,10,7,1
1622,2024-07-06,13,8,0
1622,2024-07-13,11,3,0
1622,2024-07-20,23,8,0
1622,2024-07-27,20,3,0
1622,2024-08-03,23,4,0
1622,2024-08-10,7,5,0
1622,2024-08-17,11,4,1
1622,2024-08-24,21,7,0
1622,2024-08-31,6,7,0
1622,2024-09-07,7,4,0
1622,2024-09-14,12,9,0
1622,2024-09-21,7,4,1
1622,2024-09-28,20,3,0
1622,2024-10-05,5,8,0
1622,2024-10-12,18,4,0
1622,2024-10-19,13,5,0
1622,2024-10-26,23,5,1
1622,2024-11-02,15,8,0
1622,2024-11-09,16,6,0
1622,2024-11-16,9,3,1
1622,2024-11-23,14,7,0
1622,2024-11-30,17,9,0
1622,2024-12-07,17,6,0
1622,2024-12-14,8,9,0
1622,2024-12-21,19,7,0
1622,2024-12-28,20,8,0
1624,2024-07-27,21,6,0
1624,2024-08-03,10,3,0
1624,2024-08-10,22,5,0
1624,2024-08-17,6,6,0
1624,2024-08-24,2,1,1
1624,2024-08-31,2,2,1
1624,2024-09-07,2,2,0
1624,2024-09-14,2,1,0
1625,2024-01-07,17,8,0
1625,2024-01-14,20,8,0
1625,2024-01-21,21,4,0
1625,2024-01-28,17,3,0
1625,2024-02-04,18,8,0
1625,2024-02-11,24,7,1
1625,2024-02-18,16,7,0
1625,2024-02-25,5,4,0
1625,2024-03-03,7,9,0
1625,2024-03-10,15,3,0
1625,2024-03-17,24,8,0
1625,2024-03-24,20,7,0
1625,2024-03-31,10,8,0
1625,2024-04-07,15,3,0
1625,2024-04-14,23,4,0
1625,2024-04-21,10,3,0
1625,2024-04-28,22,8,0
1625,2024-05-05,16,8,0
1625,2024-05-12,19,9,0
1625,2024-05-19,21,5,0
1625,2024-05-26,12,3,0
1625,2024-06-02,7,4,0
1625,2024-06-09,17,6,0
1625,2024-06-16,11,4,0
1625,2024-06-23,24,5,0
1625,2024-06-30,22,3,0
1625,2024-07-07,21,8,0
1625,2024-07-14,16,7,1
1625,2024-07-21,12,6,0
1625,2024-07-28,9,3,0
1625,2024-08-04,6,8,0
1625,2024-08-11,16,3,0
1625,2024-08-18,16,5,0
1625,2024-08-25,20,6,0
1625,2024-09-01,17,3,0
1625,2024-09-08,19,4,0
1625,2024-09-15,19,5,0
1625,2024-09-22,9,7,0
1625,2024-09-29,12,5,0
1625,2024-10-06,20,4,0
1625,2024-10-13,17,6,0
1625,2024-10-20,15,5,0
1625,2024-10-27,8,3,0
1625,2024-11-03,15,7,0
1625,2024-11-10,22,3,0
1625,2024-11-17,13,4,0
1625,2024-11-24,18,3,0
1625,2024-12-01,21,4,0
1625,2024-12-08,22,4,1
1625,2024-12-15,9,7,1
1625,2024-12-22,12,9,0
1625,2024-12-29,24,3,0
1626,2024-05-30,5,8,0
1626,2024-06-06,19,3,0
1626,2024-06-13,23,9,0
1626,2024-06-20,14,6,0
1626,2024-06-27,23,3,0
1626,2024-07-04,22,9,0
1626,2024-07-11,9,6,0
1626,2024-07-18,20,9,0
1626,2024-07-25,12,4,0
1626,2024-08-01,23,4,0
1626,2024-08-08,24,7,0
1626,2024-08-15,18,8,0
1626,2024-08-22,9,3,0
1626,2024-08-29,23,3,0
1626,2024-09-05,14,7,0
1626,2024-09-12,20,7,0
1626,2024-09-19,16,8,0
1626,2024-09-26,24,3,0
1626,2024-10-03,22,9,0
1626,2024-10-10,20,5,0
1626,2024-10-17,20,9,0
1626,2024-10-24,7,3,0
1626,2024-10-31,21,3,0
1626,2024-11-07,17,9,0
1626,2024-11-14,17,9,0
1626,2024-11-21,5,6,0
1626,2024-11-28,6,4,0
1626,2024-12-05,22,7,0
1626,2024-12-12,13,8,1
1626,2024-12-19,8,4,0
1626,2024-12-26,19,9,0
1627,2024-08-26,13,8,0
1627,2024-09-02,23,6,0
1627,2024-09-09,17,8,0
1627,2024-09-16,15,9,0
1627,2024-09-23,20,4,0
1627,2024-09-30,5,5,0
1627,2024-10-07,10,8,0
1627,2024-10-14,17,8,0
1627,2024-10-21,18,3,0
1627,2024-10-28,10,3,0
1627,2024-11-04,8,4,0
1627,2024-11-11,21,9,0
1627,2024-11-18,24,9,0
1627,2024-11-25,6,7,1
1627,2024-12-02,21,5,0
1627,2024-12-09,14,7,0
1627,2024-12-16,17,9,0
1627,2024-12-23,20,3,0
1627,2024-12-30,21,6,0
1628,2024-10-14,10,3,1
1628,2024-10-21,13,6,0
1628,2024-10-28,15,7,0
1628,2024-11-04,22,6,0
1628,2024-11-11,19,9,1
1628,2024-11-18,15,9,0
1628,2024-11-25,20,9,0
1628,2024-12-02,23,8,1
1628,2024-12-09,15,6,0
1628,2024-12-16,7,5,0
1628,2024-12-23,7,8,0
1628,2024-12-30,24,8,1
1629,2024-11-21,16,6,0
1629,2024-11-28,20,4,0
1629,2024-12-05,17,6,0
1629,2024-12-12,24,5,0
1629,2024-12-19,19,4,0
1629,2024-12-26,14,3,0
1629,2025-01-02,11,5,0
1629,2025-01-09,9,3,0
1629,2025-01-16,19,6,0
1629,2025-01-23,21,9,0
1629,2025-01-30,24,9,0
1629,2025-02-06,15,4,0
1629,2025-02-13,10,9,0
1629,2025-02-20,16,4,0
1629,2025-02-27,8,3,0
1629,2025-03-06,9,3,0
1629,2025-03-13,15,9,0
1629,2025-03-20,8,7,0
1629,2025-03-27,2,2,0
1629,2025-04-03,1,1,2
1629,2025-04-10,2,2,0
1629,2025-04-17,1,2,2
1630,2024-01-30,7,3,0
1630,2024-02-06,14,6,0
1630,2024-02-13,23,9,0
1630,2024-02-20,9,6,0
1630,2024-02-27,13,8,0
1630,2024-03-05,14,3,0
1630,2024-03-12,22,4,0
1630,2024-03-19,17,5,0
1630,2024-03-26,22,5,0
1630,2024-04-02,7,7,0
1630,2024-04-09,22,7,0
1630,2024-04-16,22,3,0
1630,2024-04-23,21,4,0
1630,2024-04-30,19,7,0
1630,2024-05-07,11,7,0
1630,2024-05-14,16,6,0
1630,2024-05-21,19,3,0
1630,2024-05-28,13,4,0
1630,2024-06-04,20,9,0
1630,2024-06-11,14,3,0
1630,2024-06-18,6,7,0
1630,2024-06-25,7,8,0
1630,2024-07-02,14,8,0
1630,2024-07-09,18,3,0
1630,2024-07-16,10,9,0
1630,2024-07-23,24,8,0
1630,2024-07-30,14,5,0
1630,2024-08-06,14,5,0
1630,2024-08-13,18,7,0
1630,2024-08-20,21,9,0
1630,2024-08-27,7,5,0
1630,2024-09-03,7,4,0
1630,2024-09-10,7,3,0
1630,2024-09-17,13,8,0
1630,2024-09-24,6,4,1
1630,2024-10-01,16,5,0
1630,2024-10-08,5,4,0
1630,2024-10-15,17,9,0
1630,2024-10-22,24,5,0
1630,2024-10-29,18,8,0
1630,2024-11-05,24,5,1
1630,2024-11-12,8,8,0
1630,2024-11-19,7,7,0
1630,2024-11-26,5,8,0
1630,2024-12-03,19,3,0
1630,2024-12-10,17,8,0
1630,2024-12-17,21,6,0
1630,2024-12-24,18,9,0
1630,2024-12-31,18,9,1
1632,2024-11-19,21,3,0
1632,2024-11-26,17,7,0
1632,2024-12-03,22,9,0
1632,2024-12-10,10,6,0
1632,2024-12-17,19,5,1
1632,2024-12-24,5,7,0
1632,2024-12-31,9,5,0
1633,2024-02-16,13,4,0
1633,2024-02-23,17,4,0
1633,2024-03-01,24,9,0
1633,2024-03-08,22,5,0
1633,2024-03-15,14,4,0
1633,2024-03-22,9,4,0
1633,2024-03-29,20,6,1
1633,2024-04-05,5,7,0
1633,2024-04-12,22,9,0
1633,2024-04-19,19,3,0
1633,2024-04-26,23,7,0
1633,2024-05-03,9,8,0
1633,2024-05-10,9,9,0
1633,2024-05-17,7,5,0
1633,2024-05-24,12,9,0
1633,2024-05-31,21,7,0
1633,2024-06-07,10,6,0
1633,2024-06-14,7,9,0
1633,2024-06-21,15,5,0
1633,2024-06-28,10,3,0
1633,2024-07-05,15,8,0
1633,2024-07-12,19,8,1
1633,2024-07-19,6,9,0
1633,2024-07-26,18,8,0
1633,2024-08-02,17,3,0
1633,2024-08-09,15,9,0
1633,2024-08-16,16,7,0
1633,2024-08-23,6,8,0
1633,2024-08-30,8,4,0
1633,2024-09-06,10,7,0
1633,2024-09-13,5,7,0
1633,2024-09-20,21,7,1
1633,2024-09-27,12,9,0
1633,2024-10-04,8,3,0
1633,2024-10-11,5,8,0
1633,2024-10-18,12,5,1
1633,2024-10-25,16,7,1
1633,2024-11-01,23,7,0
1633,2024-11-08,11,4,0
1633,2024-11-15,15,7,0
1633,2024-11-22,17,5,0
1633,2024-11-29,15,6,0
1633,2024-12-06,12,8,0
1633,2024-12-13,18,6,1
1633,2024-12-20,7,4,0
1633,2024-12-27,7,8,1
1634,2024-08-11,12,6,0
1634,2024-08-18,18,6,0
1634,2024-08-25,16,7,1
1634,2024-09-01,12,8,0
1634,2024-09-08,20,7,0
1634,2024-09-15,24,8,0
1634,2024-09-22,10,8,0
1634,2024-09-29,17,5,0
1634,2024-10-06,22,4,0
1634,2024-10-13,18,8,0
1634,2024-10-20,13,7,0
1634,2024-10-27,24,8,0
1634,2024-11-03,7,4,0
1634,2024-11-10,24,7,0
1634,2024-11-17,12,7,0
1634,2024-11-24,21,7,0
1634,2024-12-01,13,3,0
1634,2024-12-08,24,8,0
1634,2024-12-15,14,8,0
1634,2024-12-22,11,9,0
1634,2024-12-29,10,7,0
1635,2024-01-30,13,9,0
1635,2024-02-06,12,8,0
1635,2024-02-13,19,8,0
1635,2024-02-20,22,5,0
1635,2024-02-27,5,8,0
1635,2024-03-05,5,6,0
1635,2024-03-12,16,9,1
1635,2024-03-19,8,8,0
1635,2024-03-26,10,6,0
1635,2024-04-02,7,9,1
1635,2024-04-09,15,3,0
1635,2024-04-16,18,8,0
1635,2024-04-23,14,7,0
1635,2024-04-30,24,3,0
1635,2024-05-07,11,4,0
1635,2024-05-14,22,5,0
1635,2024-05-21,12,8,0
1635,2024-05-28,6,7,0
1635,2024-06-04,16,5,0
1635,2024-06-11,8,9,0
1635,2024-06-18,22,4,0
1635,2024-06-25,19,7,0
1635,2024-07-02,23,5,0
1635,2024-07-09,17,9,0
1635,2024-07-16,17,9,0
1635,2024-07-23,20,7,0
1635,2024-07-30,24,6,1
1635,2024-08-06,21,8,0
1635,2024-08-13,19,3,0
1635,2024-08-20,23,8,0
1635,2024-08-27,16,5,0
1635,2024-09-03,11,8,0
1635,2024-09-10,18,3,0
1635,2024-09-17,13,9,0
1635,2024-09-24,14,5,0
1635,2024-10-01,22,9,0
1635,2024-10-08,22,7,1
1635,2024-10-15,13,9,0
1635,2024-10-22,18,7,0
1635,2024-10-29,7,4,0
1635,2024-11-05,6,9,0
1635,2024-11-12,21,8,0
1635,2024-11-19,8,5,0
1635,2024-11-26,21,6,0
1635,2024-12-03,23,6,0
1635,2024-12-10,22,9,0
1635,2024-12-17,10,6,0
1635,2024-12-24,15,5,0
1635,2024-12-31,8,7,0
1636,2024-08-11,10,6,0
1636,2024-08-18,14,4,0
1636,2024-08-25,8,4,0
1636,2024-09-01,15,5,0
1636,2024-09-08,8,6,0
1636,2024-09-15,17,6,0
1636,2024-09-22,10,9,0
1636,2024-09-29,6,3,0
1636,2024-10-06,23,3,0
1636,2024-10-13,12,4,0
1636,2024-10-20,21,5,0
1636,2024-10-27,11,4,0
1636,2024-11-03,11,8,0
1636,2024-11-10,5,7,0
1636,2024-11-17,17,4,0
1636,2024-11-24,15,4,0
1636,2024-12-01,23,4,1
1636,2024-12-08,13,3,0
1636,2024-12-15,9,3,1
1636,2024-12-22,14,3,0
1636,2024-12-29,18,6,0
1639,2024-09-06,22,7,0
1639,2024-09-13,10,8,0
1639,2024-09-20,15,7,0
1639,2024-09-27,7,7,0
1639,2024-10-04,13,7,0
1639,2024-10-11,24,3,0
1639,2024-10-18,16,8,0
1639,2024-10-25,24,9,0
1639,2024-11-01,20,9,0
1639,2024-11-08,16,5,0
1639,2024-11-15,7,4,0
1639,2024-11-22,9,4,0
1639,2024-11-29,21,7,0
1639,2024-12-06,6,5,0
1639,2024-12-13,12,9,1
1639,2024-12-20,12,3,0
1639,2024-12-27,11,4,0
1640,2024-11-28,14,6,0
1640,2024-12-05,5,8,0
1640,2024-12-12,13,7,0
1640,2024-12-19,21,6,0
1640,2024-12-26,22,9,1
1641,2024-07-25,11,4,0
1641,2024-08-01,17,4,0
1641,2024-08-08,22,7,1
1641,2024-08-15,7,4,1
1641,2024-08-22,10,5,0
1641,2024-08-29,21,5,1
1641,2024-09-05,6,3,0
1641,2024-09-12,10,3,0
1641,2024-09-19,7,4,0
1641,2024-09-26,21,5,0
1641,2024-10-03,5,6,0
1641,2024-10-10,14,3,0
1641,2024-10-17,8,5,0
1641,2024-10-24,19,3,0
1641,2024-10-31,10,5,0
1641,2024-11-07,5,7,0
1641,2024-11-14,14,8,0
1641,2024-11-21,5,4,0
1641,2024-11-28,7,3,0
1641,2024-12-05,8,6,0
1641,2024-12-12,21,4,0
1641,2024-12-19,19,3,0
1641,2024-12-26,6,6,0
1643,2024-06-24,18,4,0
1643,2024-07-01,24,3,0
1643,2024-07-08,10,6,0
1643,2024-07-15,23,4,0
1643,2024-07-22,14,3,0
1643,2024-07-29,24,5,0
1643,2024-08-05,21,4,0
1643,2024-08-12,17,8,0
1643,2024-08-19,21,8,0
1643,2024-08-26,12,9,1
1643,2024-09-02,8,8,0
1643,2024-09-09,9,7,0
1643,2024-09-16,14,5,0
1643,2024-09-23,12,7,0
1643,2024-09-30,24,9,0
1643,2024-10-07,14,5,0
1643,2024-10-14,13,7,1
1643,2024-10-21,19,3,0
1643,2024-10-28,19,6,0
1643,2024-11-04,14,9,0
1643,2024-11-11,9,4,0
1643,2024-11-18,14,9,0
1643,2024-11-25,13,7,0
1643,2024-12-02,11,4,0
1643,2024-12-09,6,6,0
1643,2024-12-16,10,4,0
1643,2024-12-23,19,7,0
1643,2024-12-30,15,3,0
1644,2024-11-07,10,6,0
1644,2024-11-14,22,6,0
1644,2024-11-21,6,7,0
1644,2024-11-28,13,7,0
1644,2024-12-05,12,3,0
1644,2024-12-12,18,4,0
1644,2024-12-19,15,6,0
1644,2024-12-26,19,8,0
1647,2024-12-11,20,7,0
1647,2024-12-18,23,7,0
1647,2024-12-25,14,9,0
1647,2025-01-01,12,9,0
1652,2024-06-30,22,4,0
1652,2024-07-07,5,7,0
1652,2024-07-14,15,7,0
1652,2024-07-21,15,4,0
1652,2024-07-28,20,8,0
1652,2024-08-04,5,6,0
1652,2024-08-11,18,4,0
1652,2024-08-18,16,3,0
1652,2024-08-25,19,6,0
1652,2024-09-01,8,3,0
1652,2024-09-08,14,8,0
1652,2024-09-15,7,6,0
1652,2024-09-22,18,8,0
1652,2024-09-29,9,7,0
1652,2024-10-06,8,9,0
1652,2024-10-13,24,9,0
1652,2024-10-20,21,4,0
1652,2024-10-27,7,5,0
1652,2024-11-03,11,9,0
1652,2024-11-10,16,6,1
1652,2024-11-17,24,6,0
1652,2024-11-24,10,4,0
1652,2024-12-01,9,6,0
1652,2024-12-08,13,5,0
1652,2024-12-15,13,9,0
1652,2024-12-22,14,5,0
1652,2024-12-29,15,3,0
1653,2024-04-23,6,8,0
1653,2024-04-30,7,7,0
1653,2024-05-07,17,8,0
1653,2024-05-14,24,7,0
1653,2024-05-21,20,8,0
1653,2024-05-28,10,8,0
1653,2024-06-04,5,5,0
1653,2024-06-11,13,8,0
1653,2024-06-18,23,4,0
1653,2024-06-25,17,8,0
1653,2024-07-02,12,4,1
1653,2024-07-09,13,3,0
1653,2024-07-16,7,9,0
1653,2024-07-23,6,3,0
1653,2024-07-30,16,7,0
1653,2024-08-06,13,7,0
1653,2024-08-13,8,9,0
1653,2024-08-20,20,7,0
1653,2024-08-27,12,9,0
1653,2024-09-03,17,6,0
1653,2024-09-10,11,7,0
1653,2024-09-17,22,8,0
1653,2024-09-24,23,4,0
1653,2024-10-01,10,5,0
1653,2024-10-08,8,4,0
1653,2024-10-15,21,9,1
1653,2024-10-22,17,4,0
1653,2024-10-29,20,5,0
1653,2024-11-05,8,6,1
1653,2024-11-12,10,4,0
1653,2024-11-19,8,9,0
1653,2024-11-26,14,9,0
1653,2024-12-03,23,7,1
1653,2024-12-10,5,6,0
1653,2024-12-17,18,4,0
1653,2024-12-24,5,6,0
1653,2024-12-31,20,8,0
1656,2024-10-01,16,3,0
1656,2024-10-08,21,8,0
1656,2024-10-15,19,7,0
1656,2024-10-22,10,7,0
1656,2024-10-29,8,3,0
1656,2024-11-05,8,7,0
1656,2024-11-12,13,9,0
1656,2024-11-19,24,5,0
1656,2024-11-26,15,7,0
1656,2024-12-03,8,6,0
1656,2024-12-10,17,6,0
1656,2024-12-17,1,2,1
1656,2024-12-24,0,2,1
1656,2024-12-31,0,1,0
1656,2025-01-07,0,1,0
1656,2025-01-14,2,2,2
1657,2024-12-14,10,5,0
1657,2024-12-21,11,5,0
1657,2024-12-28,17,8,0
1658,2024-12-21,20,3,0
1658,2024-12-28,11,6,0
1659,2024-06-20,18,9,0
1659,2024-06-27,22,3,1
1659,2024-07-04,14,9,1
1659,2024-07-11,5,9,0
1659,2024-07-18,17,6,0
1659,2024-07-25,7,6,0
1659,2024-08-01,16,3,0
1659,2024-08-08,16,9,0
1659,2024-08-15,7,7,0
1659,2024-08-22,24,9,0
1659,2024-08-29,11,8,0
1659,2024-09-05,6,8,0
1659,2024-09-12,11,6,0
1659,2024-09-19,9,8,0
1659,2024-09-26,6,7,0
1659,2024-10-03,7,4,0
1659,2024-10-10,14,7,0
1659,2024-10-17,8,7,0
1659,2024-10-24,18,7,0
1659,2024-10-31,8,7,1
1659,2024-11-07,8,3,0
1659,2024-11-14,7,8,0
1659,2024-11-21,19,4,0
1659,2024-11-28,16,7,0
1659,2024-12-05,20,5,0
1659,2024-12-12,8,9,0
1659,2024-12-19,20,8,0
1659,2024-12-26,17,3,1
1660,2024-03-11,7,6,0
1660,2024-03-18,9,8,0
1660,2024-03-25,6,8,0
1660,2024-04-01,21,7,0
1660,2024-04-08,17,9,0
1660,2024-04-15,12,3,0
1660,2024-04-22,6,3,0
1660,2024-04-29,7,4,0
1660,2024-05-06,24,3,0
1660,2024-05-13,19,7,1
1660,2024-05-20,10,5,0
1660,2024-05-27,17,4,0
1660,2024-06-03,19,5,0
1660,2024-06-10,19,6,0
1660,2024-06-17,15,4,0
1660,2024-06-24,20,6,0
1660,2024-07-01,22,9,0
1660,2024-07-08,23,6,0
1660,2024-07-15,8,4,0
1660,2024-07-22,5,6,0
1660,2024-07-29,21,4,0
1660,2024-08-05,9,3,0
1660,2024-08-12,24,7,0
1660,2024-08-19,12,8,0
1660,2024-08-26,8,9,0
1660,2024-09-02,20,8,0
1660,2024-09-09,6,9,0
1660,2024-09-16,8,3,0
1660,2024-09-23,13,9,0
1660,2024-09-30,8,4,0
1660,2024-10-07,17,7,0
1660,2024-10-14,6,4,0
1660,2024-10-21,23,9,0
1660,2024-10-28,21,3,0
1660,2024-11-04,22,3,0
1660,2024-11-11,21,3,0
1660,2024-11-18,6,7,0
1660,2024-11-25,20,5,1
1660,2024-12-02,12,7,0
1660,2024-12-09,16,8,0
1660,2024-12-16,16,4,0
1660,2024-12-23,16,7,0
1660,2024-12-30,12,6,0
1661,2024-03-22,11,9,0
1661,2024-03-29,8,9,0
1661,2024-04-05,16,9,0
1661,2024-04-12,6,9,0
1661,2024-04-19,24,6,0
1661,2024-04-26,16,7,0
1661,2024-05-03,18,6,0
1661,2024-05-10,15,9,0
1661,2024-05-17,11,8,0
1661,2024-05-24,24,3,0
1661,2024-05-31,13,9,0
1661,2024-06-07,8,4,0
1661,2024-06-14,13,5,0
1661,2024-06-21,22,4,0
1661,2024-06-28,5,4,0
1661,2024-07-05,11,3,0
1661,2024-07-12,13,7,0
1661,2024-07-19,19,6,0
1661,2024-07-26,18,5,1
1661,2024-08-02,15,9,0
1661,2024-08-09,6,4,0
1661,2024-08-16,8,9,0
1661,2024-08-23,19,4,0
1661,2024-08-30,15,3,0
1661,2024-09-06,12,8,0
1661,2024-09-13,7,7,0
1661,2024-09-20,17,9,0
1661,2024-09-27,13,7,0
1661,2024-10-04,9,3,0
1661,2024-10-11,10,7,1
1661,2024-10-18,15,6,0
1661,2024-10-25,11,8,0
1661,2024-11-01,19,5,0
1661,2024-11-08,7,5,1
1661,2024-11-15,14,3,0
1661,2024-11-22,19,3,0
1661,2024-11-29,12,7,0
1661,2024-12-06,22,5,0
1661,2024-12-13,20,7,0
1661,2024-12-20,21,4,0
1661,2024-12-27,16,3,0
1663,2024-07-20,11,3,0
1663,2024-07-27,18,5,0
1663,2024-08-03,17,7,0
1663,2024-08-10,13,9,0
1663,2024-08-17,23,3,0
1663,2024-08-24,10,3,0
1663,2024-08-31,21,5,0
1663,2024-09-07,21,4,0
1663,2024-09-14,11,3,0
1663,2024-09-21,19,6,0
1663,2024-09-28,17,7,0
1663,2024-10-05,17,6,0
1663,2024-10-12,10,8,0
1663,2024-10-19,15,4,0
1663,2024-10-26,16,6,0
1663,2024-11-02,11,5,0
1663,2024-11-09,6,5,0
1663,2024-11-16,17,6,0
1663,2024-11-23,16,3,0
1663,2024-11-30,7,9,0
1663,2024-12-07,12,8,0
1663,2024-12-14,10,4,0
1663,2024-12-21,19,5,0
1663,2024-12-28,16,3,0
1664,2024-01-23,10,6,1
1664,2024-01-30,19,7,0
1664,2024-02-06,14,8,0
1664,2024-02-13,16,3,0
1664,2024-02-20,20,4,0
1664,2024-02-27,5,4,0
1664,2024-03-05,16,5,1
1664,2024-03-12,9,5,0
1664,2024-03-19,17,3,0
1664,2024-03-26,19,4,0
1664,2024-04-02,6,7,0
1664,2024-04-09,13,4,0
1664,2024-04-16,18,4,0
1664,2024-04-23,19,6,0
1664,2024-04-30,17,7,0
1664,2024-05-07,16,4,0
1664,2024-05-14,11,3,0
1664,2024-05-21,19,9,0
1664,2024-05-28,15,6,0
1664,2024-06-04,23,9,0
1664,2024-06-11,17,3,0
1664,2024-06-18,22,8,0
1664,2024-06-25,20,9,0
1664,2024-07-02,11,8,0
1664,2024-07-09,11,7,0
1664,2024-07-16,17,7,0
1664,2024-07-23,21,9,0
1664,2024-07-30,19,5,1
1664,2024-08-06,16,9,0
1664,2024-08-13,11,7,0
1664,2024-08-20,14,5,0
1664,2024-08-27,6,4,0
1664,2024-09-03,12,8,0
1664,2024-09-10,13,8,0
1664,2024-09-17,12,5,0
1664,2024-09-24,22,9,0
1664,2024-10-01,18,9,0
1664,2024-10-08,19,7,0
1664,2024-10-15,22,3,0
1664,2024-10-22,24,8,0
1664,2024-10-29,10,3,0
1664,2024-11-05,10,9,0
1664,2024-11-12,11,9,0
1664,2024-11-19,12,8,0
1664,2024-11-26,19,3,0
1664,2024-12-03,21,5,0
1664,2024-12-10,22,5,0
1664,2024-12-17,6,7,0
1664,2024-12-24,11,7,0
1664,2024-12-31,16,5,0
1665,2024-08-20,11,8,0
1665,2024-08-27,16,6,0
1665,2024-09-03,10,9,0
1665,2024-09-10,6,7,0
1665,2024-09-17,20,5,0
1665,2024-09-24,20,8,0
1665,2024-10-01,22,8,1
1665,2024-10-08,16,4,0
1665,2024-10-15,17,7,0
1665,2024-10-22,16,8,1
1665,2024-10-29,13,9,0
1665,2024-11-05,23,4,0
1665,2024-11-12,8,5,0
1665,2024-11-19,15,8,0
1665,2024-11-26,9,4,1
1665,2024-12-03,7,9,1
1665,2024-12-10,16,5,0
1665,2024-12-17,15,8,0
1665,2024-12-24,21,8,0
1665,2024-12-31,7,5,0
1668,2024-12-18,23,9,0
1668,2024-12-25,15,9,0
1668,2025-01-01,9,3,0
1669,2024-04-17,14,4,0
1669,2024-04-24,17,6,0
1669,2024-05-01,20,5,0
1669,2024-05-08,10,6,0
1669,2024-05-15,14,7,0
1669,2024-05-22,23,6,0
1669,2024-05-29,11,4,0
1669,2024-06-05,9,5,0
1669,2024-06-12,7,4,0
1669,2024-06-19,6,8,0
1669,2024-06-26,20,9,0
1669,2024-07-03,6,6,0
1669,2024-07-10,21,7,0
1669,2024-07-17,6,8,0
1669,2024-07-24,14,6,0
1669,2024-07-31,18,8,0
1669,2024-08-07,17,3,0
1669,2024-08-14,12,7,0
1669,2024-08-21,16,3,0
1669,2024-08-28,20,4,0
1669,2024-09-04,21,4,1
1669,2024-09-11,8,5,0
1669,2024-09-18,19,4,0
1669,2024-09-25,7,8,0
1669,2024-10-02,19,8,0
1669,2024-10-09,6,3,0
1669,2024-10-16,10,5,0
1669,2024-10-23,24,3,0
1669,2024-10-30,9,9,0
1669,2024-11-06,20,9,0
1669,2024-11-13,13,9,0
1669,2024-11-20,8,5,0
1669,2024-11-27,10,9,0
1669,2024-12-04,10,8,0
1669,2024-12-11,24,5,0
1669,2024-12-18,22,7,0
1669,2024-12-25,16,8,0
1669,2025-01-01,11,8,0
1671,2024-09-19,14,5,0
1671,2024-09-26,23,7,0
1671,2024-10-03,10,3,0
1671,2024-10-10,9,6,0
1671,2024-10-17,6,6,0
1671,2024-10-24,6,9,0
1671,2024-10-31,6,8,1
1671,2024-11-07,18,7,0
1671,2024-11-14,6,8,0
1671,2024-11-21,13,5,0
1671,2024-11-28,7,6,0
1671,2024-12-05,21,8,0
1671,2024-12-12,21,7,0
1671,2024-12-19,23,9,0
1671,2024-12-26,19,5,0
1672,2024-08-19,5,3,1
1672,2024-08-26,22,3,0
1672,2024-09-02,2,2,0
1672,2024-09-09,1,2,0
1672,2024-09-16,0,2,0
1672,2024-09-23,0,2,0
1674,2024-02-07,15,6,0
1674,2024-02-14,20,3,0
1674,2024-02-21,22,4,0
1674,2024-02-28,5,5,0
1674,2024-03-06,11,8,0
1674,2024-03-13,12,4,0
1674,2024-03-20,12,7,0
1674,2024-03-27,8,9,0
1674,2024-04-03,7,6,0
1674,2024-04-10,22,6,0
1674,2024-04-17,10,8,0
1674,2024-04-24,17,3,0
1674,2024-05-01,17,6,0
1674,2024-05-08,23,7,0
1674,2024-05-15,20,9,0
1674,2024-05-22,7,3,0
1674,2024-05-29,18,8,0
1674,2024-06-05,15,4,0
1674,2024-06-12,6,3,0
1674,2024-06-19,20,3,1
1674,2024-06-26,15,4,1
1674,2024-07-03,16,7,0
1674,2024-07-10,8,5,0
1674,2024-07-17,16,3,1
1674,2024-07-24,14,4,0
1674,2024-07-31,23,6,0
1674,2024-08-07,13,4,0
1674,2024-08-14,14,8,0
1674,2024-08-21,15,6,0
1674,2024-08-28,14,7,0
1674,2024-09-04,21,7,0
1674,2024-09-11,24,9,0
1674,2024-09-18,13,5,0
1674,2024-09-25,19,6,0
1674,2024-10-02,9,4,0
1674,2024-10-09,13,6,0
1674,2024-10-16,5,6,0
1674,2024-10-23,14,4,0
1674,2024-10-30,23,3,0
1674,2024-11-06,13,5,0
1674,2024-11-13,21,7,0
1674,2024-11-20,11,3,0
1674,2024-11-27,22,3,0
1674,2024-12-04,24,7,0
1674,2024-12-11,13,7,0
1674,2024-12-18,24,9,0
1674,2024-12-25,24,6,0
1674,2025-01-01,18,9,0
1675,2024-07-05,22,3,0
1675,2024-07-12,13,3,1
1675,2024-07-19,24,3,0
1675,2024-07-26,18,9,0
1675,2024-08-02,17,3,0
1675,2024-08-09,24,9,0
1675,2024-08-16,5,9,0
1675,2024-08-23,23,8,0
1675,2024-08-30,5,8,0
1675,2024-09-06,22,7,0
1675,2024-09-13,14,8,0
1675,2024-09-20,15,4,0
1675,2024-09-27,16,3,0
1675,2024-10-04,7,8,0
1675,2024-10-11,5,3,0
1675,2024-10-18,8,8,0
1675,2024-10-25,16,3,0
1675,2024-11-01,24,4,0
1675,2024-11-08,11,7,0
1675,2024-11-15,18,7,0
1675,2024-11-22,23,3,0
1675,2024-11-29,23,3,1
1675,2024-12-06,10,5,0
1675,2024-12-13,6,9,0
1675,2024-12-20,23,4,0
1675,2024-12-27,7,6,0
1676,2024-07-18,8,7,1
1676,2024-07-25,8,4,1
1676,2024-08-01,20,6,0
1676,2024-08-08,9,8,0
1676,2024-08-15,15,4,0
1676,2024-08-22,10,6,0
1676,2024-08-29,8,4,0
1676,2024-09-05,9,4,0
1676,2024-09-12,15,8,0
1676,2024-09-19,16,5,0
1676,2024-09-26,13,6,0
1676,2024-10-03,20,9,0
1676,2024-10-10,9,7,0
1676,2024-10-17,17,4,0
1676,2024-10-24,18,5,0
1676,2024-10-31,12,6,0
1676,2024-11-07,6,3,1
1676,2024-11-14,13,8,1
1676,2024-11-21,17,6,0
1676,2024-11-28,9,8,0
1676,2024-12-05,5,3,0
1676,2024-12-12,12,3,0
1676,2024-12-19,15,8,0
1676,2024-12-26,7,3,0
1677,2024-04-18,7,6,0
1677,2024-04-25,23,8,0
1677,2024-05-02,7,7,0
1677,2024-05-09,15,4,1
1677,2024-05-16,5,9,0
1677,2024-05-23,10,4,0
1677,2024-05-30,20,7,0
1677,2024-06-06,10,3,0
1677,2024-06-13,15,6,0
1677,2024-06-20,24,5,0
1677,2024-06-27,22,7,0
1677,2024-07-04,19,7,0
1677,2024-07-11,8,9,0
1677,2024-07-18,16,4,0
1677,2024-07-25,24,3,1
1677,2024-08-01,17,5,1
1677,2024-08-08,7,9,1
1677,2024-08-15,11,8,0
1677,2024-08-22,6,9,0
1677,2024-08-29,18,9,0
1677,2024-09-05,12,7,0
1677,2024-09-12,8,4,0
1677,2024-09-19,21,6,0
1677,2024-09-26,11,6,0
1677,2024-10-03,17,3,0
1677,2024-10-10,20,7,0
1677,2024-10-17,18,5,0
1677,2024-10-24,6,9,0
1677,2024-10-31,13,9,0
1677,2024-11-07,14,4,0
1677,2024-11-14,6,6,0
1677,2024-11-21,8,4,0
1677,2024-11-28,10,4,0
1677,2024-12-05,22,7,0
1677,2024-12-12,7,5,0
1677,2024-12-19,15,7,0
1677,2024-12-26,19,8,0
1678,2024-02-08,12,9,0
1678,2024-02-15,19,7,0
1678,2024-02-22,21,8,0
1678,2024-02-29,5,5,0
1678,2024-03-07,19,7,0
1678,2024-03-14,18,6,0
1678,2024-03-21,19,5,0
1678,2024-03-28,14,9,0
1678,2024-04-04,9,8,0
1678,2024-04-11,12,5,0
1678,2024-04-18,23,6,0
1678,2024-04-25,12,3,0
1678,2024-05-02,11,3,0
1678,2024-05-09,8,8,0
1678,2024-05-16,7,9,0
1678,2024-05-23,9,3,0
1678,2024-05-30,9,9,0
1678,2024-06-06,21,9,0
1678,2024-06-13,9,6,0
1678,2024-06-20,13,8,0
1678,2024-06-27,17,4,0
1678,2024-07-04,5,3,0
1678,2024-07-11,7,7,0
1678,2024-07-18,15,9,0
1678,2024-07-25,23,7,0
1678,2024-08-01,21,9,0
1678,2024-08-08,5,6,0
1678,2024-08-15,9,8,0
1678,2024-08-22,7,5,0
1678,2024-08-29,11,9,0
1678,2024-09-05,16,7,0
1678,2024-09-12,11,5,0
1678,2024-09-19,21,3,0
1678,2024-09-26,12,7,0
1678,2024-10-03,18,6,0
1678,2024-10-10,14,5,1
1678,2024-10-17,23,8,0
1678,2024-10-24,23,8,0
1678,2024-10-31,17,9,0
1678,2024-11-07,6,3,0
1678,2024-11-14,11,8,0
1678,2024-11-21,19,6,1
1678,2024-11-28,24,9,0
1678,2024-12-05,9,3,1
1678,2024-12-12,23,8,0
1678,2024-12-19,22,7,0
1678,2024-12-26,24,9,0
1681,2024-12-10,24,8,1
1681,2024-12-17,19,4,0
1681,2024-12-24,24,8,0
1681,2024-12-31,13,6,0
1682,2024-04-04,6,4,0
1682,2024-04-11,7,8,0
1682,2024-04-18,18,5,0
1682,2024-04-25,15,7,0
1682,2024-05-02,18,4,1
1682,2024-05-09,22,3,0
1682,2024-05-16,8,6,0
1682,2024-05-23,8,4,0
1682,2024-05-30,12,7,0
1682,2024-06-06,17,9,1
1682,2024-06-13,9,7,0
1682,2024-06-20,20,8,0
1682,2024-06-27,23,6,0
1682,2024-07-04,15,4,0
1682,2024-07-11,13,9,0
1682,2024-07-18,17,7,0
1682,2024-07-25,19,9,0
1682,2024-08-01,24,9,0
1682,2024-08-08,14,4,0
1682,2024-08-15,12,7,0
1682,2024-08-22,21,8,1
1682,2024-08-29,16,9,0
1682,2024-09-05,11,6,0
1682,2024-09-12,8,9,0
1682,2024-09-19,15,5,0
1682,2024-09-26,19,7,0
1682,2024-10-03,16,5,0
1682,2024-10-10,10,4,0
1682,2024-10-17,5,4,0
1682,2024-10-24,11,8,1
1682,2024-10-31,15,6,0
1682,2024-11-07,13,5,0
1682,2024-11-14,22,7,0
1682,2024-11-21,9,8,0
1682,2024-11-28,13,5,0
1682,2024-12-05,12,5,0
1682,2024-12-12,10,8,0
1682,2024-12-19,15,7,0
1682,2024-12-26,13,4,0
1683,2024-03-06,21,4,0
1683,2024-03-13,21,9,0
1683,2024-03-20,10,3,0
1683,2024-03-27,6,3,0
1683,2024-04-03,9,9,0
1683,2024-04-10,13,7,0
1683,2024-04-17,23,9,1
1683,2024-04-24,13,8,0
1683,2024-05-01,21,9,1
1683,2024-05-08,21,3,0
1683,2024-05-15,17,7,0
1683,2024-05-22,18,8,0
1683,2024-05-29,9,6,0
1683,2024-06-05,14,7,0
1683,2024-06-12,5,4,0
1683,2024-06-19,24,4,0
1683,2024-06-26,15,5,0
1683,2024-07-03,20,4,0
1683,2024-07-10,10,6,0
1683,2024-07-17,24,5,0
1683,2024-07-24,5,8,0
1683,2024-07-31,18,5,1
1683,2024-08-07,5,5,0
1683,2024-08-14,12,9,0
1683,2024-08-21,16,5,0
1683,2024-08-28,9,5,0
1683,2024-09-04,16,9,1
1683,2024-09-11,17,7,0
1683,2024-09-18,6,5,0
1683,2024-09-25,10,3,0
1683,2024-10-02,10,9,0
1683,2024-10-09,8,9,0
1683,2024-10-16,11,7,0
1683,2024-10-23,12,4,0
1683,2024-10-30,10,6,1
1683,2024-11-06,10,6,0
1683,2024-11-13,18,9,0
1683,2024-11-20,21,3,1
1683,2024-11-27,22,7,0
1683,2024-12-04,7,6,0
1683,2024-12-11,5,3,0
1683,2024-12-18,24,7,0
1683,2024-12-25,18,5,0
1683,2025-01-01,14,4,0
1683,2025-01-08,12,3,0
1683,2025-01-15,21,9,0
1683,2025-01-22,14,6,0
1683,2025-01-29,11,5,1
1683,2025-02-05,12,9,1
1683,2025-02-12,23,8,0
1683,2025-02-19,17,4,0
1683,2025-02-26,15,9,0
1683,2025-03-05,16,3,0
1683,2025-03-12,16,5,0
1683,2025-03-19,11,3,0
1683,2025-03-26,14,7,0
1683,2025-04-02,5,9,0
1683,2025-04-09,8,4,0
1683,2025-04-16,18,7,0
1683,2025-04-23,11,8,0
1683,2025-04-30,24,8,0
1683,2025-05-07,7,9,0
1683,2025-05-14,13,7,0
1683,2025-05-21,1,1,1
1683,2025-05-28,2,2,0
1683,2025-06-04,0,1,0
1683,2025-06-11,2,2,1
1685,2024-09-13,11,8,0
1685,2024-09-20,12,9,0
1685,2024-09-27,5,5,0
1685,2024-10-04,15,4,1
1685,2024-10-11,6,6,0
1685,2024-10-18,18,3,0
1685,2024-10-25,18,7,0
1685,2024-11-01,20,8,0
1685,2024-11-08,10,3,0
1685,2024-11-15,21,6,0
1685,2024-11-22,10,9,0
1685,2024-11-29,9,3,1
1685,2024-12-06,23,3,0
1685,2024-12-13,12,6,0
1685,2024-12-20,21,3,1
1685,2024-12-27,18,4,0
1686,2024-04-19,5,3,0
1686,2024-04-26,12,8,0
1686,2024-05-03,13,6,0
1686,2024-05-10,21,8,0
1686,2024-05-17,24,8,0
1686,2024-05-24,12,8,0
1686,2024-05-31,14,9,0
1686,2024-06-07,20,4,0
1686,2024-06-14,17,9,0
1686,2024-06-21,11,5,0
1686,2024-06-28,24,8,0
1686,2024-07-05,18,8,0
1686,2024-07-12,11,3,0
1686,2024-07-19,9,3,0
1686,2024-07-26,5,3,0
1686,2024-08-02,18,5,0
1686,2024-08-09,23,4,0
1686,2024-08-16,9,9,0
1686,2024-08-23,23,8,0
1686,2024-08-30,19,4,0
1686,2024-09-06,18,8,0
1686,2024-09-13,12,5,1
1686,2024-09-20,9,4,0
1686,2024-09-27,18,8,0
1686,2024-10-04,15,8,0
1686,2024-10-11,10,7,0
1686,2024-10-18,21,4,0
1686,2024-10-25,11,7,0
1686,2024-11-01,14,5,1
1686,2024-11-08,7,8,0
1686,2024-11-15,10,9,0
1686,2024-11-22,15,5,0
1686,2024-11-29,12,9,0
1686,2024-12-06,7,7,0
1686,2024-12-13,9,8,0
1686,2024-12-20,18,8,0
1686,2024-12-27,16,6,0
1686,2025-01-03,5,7,0
1686,2025-01-10,18,9,1
1686,2025-01-17,19,3,0
1686,2025-01-24,20,3,0
1686,2025-01-31,11,3,0
1686,2025-02-07,10,8,0
1686,2025-02-14,12,5,0
1686,2025-02-21,10,4,0
1686,2025-02-28,9,5,0
1686,2025-03-07,9,3,0
1686,2025-03-14,16,9,0
1686,2025-03-21,17,6,0
1686,2025-03-28,0,1,0
1686,2025-04-04,1,1,0
1686,2025-04-11,0,1,1
1686,2025-04-18,2,1,1
1687,2024-04-29,22,3,0
1687,2024-05-06,5,3,0
1687,2024-05-13,22,3,0
1687,2024-05-20,14,9,1
1687,2024-05-27,10,4,0
1687,2024-06-03,13,9,0
1687,2024-06-10,21,5,0
1687,2024-06-17,6,5,0
1687,2024-06-24,19,3,0
1687,2024-07-01,7,8,0
1687,2024-07-08,23,6,0
1687,2024-07-15,15,8,1
1687,2024-07-22,18,8,0
1687,2024-07-29,15,5,0
1687,2024-08-05,8,3,0
1687,2024-08-12,17,5,0
1687,2024-08-19,9,5,0
1687,2024-08-26,14,7,0
1687,2024-09-02,17,5,0
1687,2024-09-09,15,4,1
1687,2024-09-16,23,7,0
1687,2024-09-23,22,9,0
1687,2024-09-30,23,8,0
1687,2024-10-07,11,9,0
1687,2024-10-14,20,8,0
1687,2024-10-21,16,6,0
1687,2024-10-28,7,9,0
1687,2024-11-04,23,9,0
1687,2024-11-11,6,8,0
1687,2024-11-18,14,4,0
1687,2024-11-25,8,7,0
1687,2024-12-02,10,3,0
1687,2024-12-09,6,7,1
1687,2024-12-16,8,6,0
1687,2024-12-23,14,9,0
1687,2024-12-30,16,8,0
1688,2024-12-23,24,3,1
1688,2024-12-30,6,9,0
1690,2024-06-21,11,6,0
1690,2024-06-28,17,4,0
1690,2024-07-05,9,6,0
1690,2024-07-12,14,8,0
1690,2024-07-19,18,8,0
1690,2024-07-26,17,7,0
1690,2024-08-02,21,5,0
1690,2024-08-09,22,6,0
1690,2024-08-16,19,6,0
1690,2024-08-23,9,7,0
1690,2024-08-30,15,8,0
1690,2024-09-06,20,5,0
1690,2024-09-13,17,3,0
1690,2024-09-20,10,7,1
1690,2024-09-27,14,4,0
1690,2024-10-04,22,4,0
1690,2024-10-11,19,7,0
1690,2024-10-18,13,9,0
1690,2024-10-25,13,3,0
1690,2024-11-01,5,6,0
1690,2024-11-08,16,8,0
1690,2024-11-15,20,6,0
1690,2024-11-22,9,3,0
1690,2024-11-29,22,8,0
1690,2024-12-06,24,3,0
1690,2024-12-13,14,9,0
1690,2024-12-20,22,6,0
1690,2024-12-27,19,8,0
1691,2024-09-29,7,3,0
1691,2024-10-06,18,4,0
1691,2024-10-13,12,9,0
1691,2024-10-20,9,9,0
1691,2024-10-27,22,5,0
1691,2024-11-03,13,9,0
1691,2024-11-10,8,5,0
1691,2024-11-17,21,7,0
1691,2024-11-24,11,9,0
1691,2024-12-01,19,9,0
1691,2024-12-08,8,4,0
1691,2024-12-15,16,4,0
1691,2024-12-22,21,7,0
1691,2024-12-29,9,7,0
1692,2024-08-06,17,8,0
1692,2024-08-13,18,8,0
1692,2024-08-20,14,3,0
1692,2024-08-27,15,9,0
1692,2024-09-03,8,7,0
1692,2024-09-10,24,8,0
1692,2024-09-17,5,8,0
1692,2024-09-24,6,6,0
1692,2024-10-01,14,9,0
1692,2024-10-08,13,5,0
1692,2024-10-15,9,7,0
1692,2024-10-22,9,4,0
1692,2024-10-29,7,5,0
1692,2024-11-05,12,9,0
1692,2024-11-12,11,7,0
1692,2024-11-19,10,6,0
1692,2024-11-26,11,6,1
1692,2024-12-03,16,9,0
1692,2024-12-10,5,7,1
1692,2024-12-17,16,5,0
1692,2024-12-24,17,9,0
1692,2024-12-31,7,6,0
1695,2024-10-08,10,8,0
1695,2024-10-15,15,5,0
1695,2024-10-22,15,7,0
1695,2024-10-29,21,6,0
1695,2024-11-05,22,3,0
1695,2024-11-12,14,4,0
1695,2024-11-19,8,5,0
1695,2024-11-26,11,5,0
1695,2024-12-03,23,4,0
1695,2024-12-10,23,7,0
1695,2024-12-17,19,6,0
1695,2024-12-24,20,4,0
1695,2024-12-31,9,7,0
1697,2025-04-24,9,4,0
1697,2025-05-01,8,3,0
1697,2025-05-08,18,3,0
1697,2025-05-15,2,2,1
1697,2025-05-22,2,2,0
1697,2025-05-29,2,1,0
1697,2025-06-05,2,2,1
1697,2025-06-12,0,1,0
1699,2024-01-07,22,7,1
1699,2024-01-14,6,9,0
1699,2024-01-21,24,3,1
1699,2024-01-28,6,4,0
1699,2024-02-04,21,4,0
1699,2024-02-11,5,7,0
1699,2024-02-18,10,3,0
1699,2024-02-25,8,3,0
1699,2024-03-03,10,4,0
1699,2024-03-10,5,6,0
1699,2024-03-17,6,4,0
1699,2024-03-24,12,7,1
1699,2024-03-31,11,8,0
1699,2024-04-07,20,4,0
1699,2024-04-14,23,5,0
1699,2024-04-21,16,5,1
1699,2024-04-28,23,4,0
1699,2024-05-05,18,3,0
1699,2024-05-12,17,4,0
1699,2024-05-19,20,3,0
1699,2024-05-26,17,9,0
1699,2024-06-02,14,6,0
1699,2024-06-09,16,8,0
1699,2024-06-16,10,9,0
1699,2024-06-23,13,5,0
1699,2024-06-30,16,8,0
1699,2024-07-07,8,7,0
1699,2024-07-14,16,7,0
1699,2024-07-21,6,7,0
1699,2024-07-28,14,3,0
1699,2024-08-04,17,6,0
1699,2024-08-11,5,4,0
1699,2024-08-18,17,3,0
1699,2024-08-25,17,3,1
1699,2024-09-01,18,6,0
1699,2024-09-08,18,3,0
1699,2024-09-15,22,5,1
1699,2024-09-22,23,4,0
1699,2024-09-29,9,8,0
1699,2024-10-06,7,4,0
1699,2024-10-13,15,6,0
1699,2024-10-20,18,9,0
1699,2024-10-27,19,4,0
1699,2024-11-03,11,5,0
1699,2024-11-10,22,5,0
1699,2024-11-17,10,7,0
1699,2024-11-24,5,6,0
1699,2024-12-01,5,6,0
1699,2024-12-08,9,9,0
1699,2024-12-15,11,3,0
1699,2024-12-22,19,5,0
1699,2024-12-29,19,9,0
1701,2024-09-12,15,4,0
1701,2024-09-19,13,5,0
1701,2024-09-26,15,5,0
1701,2024-10-03,15,8,0
1701,2024-10-10,5,3,0
1701,2024-10-17,14,7,0
1701,2024-10-24,9,6,0
1701,2024-10-31,16,5,0
1701,2024-11-07,11,6,0
1701,2024-11-14,18,5,0
1701,2024-11-21,7,5,0
1701,2024-11-28,9,5,0
1701,2024-12-05,13,4,0
1701,2024-12-12,14,9,0
1701,2024-12-19,5,8,0
1701,2024-12-26,18,9,0
1702,2024-12-07,12,4,0
1702,2024-12-14,11,6,0
1702,2024-12-21,13,5,0
1702,2024-12-28,11,7,0
1703,2024-10-24,10,3,0
1703,2024-10-31,10,9,0
1703,2024-11-07,13,5,0
1703,2024-11-14,10,6,0
1703,2024-11-21,20,9,0
1703,2024-11-28,8,8,0
1703,2024-12-05,12,8,0
1703,2024-12-12,12,8,1
1703,2024-12-19,18,4,1
1703,2024-12-26,7,8,0
1706,2024-07-17,24,3,0
1706,2024-07-24,10,7,0
1706,2024-07-31,17,6,0
1706,2024-08-07,7,7,0
1706,2024-08-14,24,7,0
1706,2024-08-21,22,6,0
1706,2024-08-28,11,6,0
1706,2024-09-04,21,7,0
1706,2024-09-11,13,5,0
1706,2024-09-18,13,7,0
1706,2024-09-25,14,9,0
1706,2024-10-02,10,9,0
1706,2024-10-09,8,7,0
1706,2024-10-16,22,4,0
1706,2024-10-23,20,9,0
1706,2024-10-30,12,5,1
1706,2024-11-06,10,7,1
1706,2024-11-13,14,5,0
1706,2024-11-20,24,8,0
1706,2024-11-27,24,9,1
1706,2024-12-04,11,6,0
1706,2024-12-11,6,6,0
1706,2024-12-18,13,6,1
1706,2024-12-25,6,8,1
1706,2025-01-01,24,8,1
1708,2024-03-05,20,8,0
1708,2024-03-12,6,5,0
1708,2024-03-19,6,4,0
1708,2024-03-26,20,4,0
1708,2024-04-02,10,4,0
1708,2024-04-09,18,4,1
1708,2024-04-16,22,5,0
1708,2024-04-23,8,5,0
1708,2024-04-30,12,4,0
1708,2024-05-07,20,4,0
1708,2024-05-14,21,5,0
1708,2024-05-21,19,9,0
1708,2024-05-28,20,8,0
1708,2024-06-04,13,9,0
1708,2024-06-11,16,3,0
1708,2024-06-18,16,5,0
1708,2024-06-25,16,7,0
1708,2024-07-02,13,9,0
1708,2024-07-09,6,6,0
1708,2024-07-16,7,5,0
1708,2024-07-23,16,6,0
1708,2024-07-30,10,5,0
1708,2024-08-06,10,3,0
1708,2024-08-13,20,5,0
1708,2024-08-20,10,9,0
1708,2024-08-27,23,4,0
1708,2024-09-03,15,5,0
1708,2024-09-10,5,9,0
1708,2024-09-17,14,8,0
1708,2024-09-24,21,3,1
1708,2024-10-01,13,3,0
1708,2024-10-08,21,8,0
1708,2024-10-15,16,4,0
1708,2024-10-22,12,4,0
1708,2024-10-29,24,9,0
1708,2024-11-05,17,9,0
1708,2024-11-12,23,4,0
1708,2024-11-19,8,3,0
1708,2024-11-26,22,8,0
1708,2024-12-03,22,9,0
1708,2024-12-10,18,4,0
1708,2024-12-17,13,4,0
1708,2024-12-24,7,4,0
1708,2024-12-31,14,6,0
1709,2024-07-11,13,6,0
1709,2024-07-18,10,5,0
1709,2024-07-25,19,9,0
1709,2024-08-01,9,3,0
1709,2024-08-08,15,4,0
1709,2024-08-15,10,9,0
1709,2024-08-22,13,8,0
1709,2024-08-29,22,5,0
1709,2024-09-05,16,8,0
1709,2024-09-12,19,8,1
1709,2024-09-19,11,5,0
1709,2024-09-26,15,4,1
1709,2024-10-03,18,4,0
1709,2024-10-10,15,3,0
1709,2024-10-17,20,8,0
1709,2024-10-24,12,5,0
1709,2024-10-31,24,3,1
1709,2024-11-07,23,4,0
1709,2024-11-14,6,4,0
1709,2024-11-21,17,6,0
1709,2024-11-28,13,4,1
1709,2024-12-05,14,9,0
1709,2024-12-12,17,7,0
1709,2024-12-19,19,7,0
1709,2024-12-26,12,8,0
1709,2025-01-02,6,4,1
1709,2025-01-09,21,4,0
1709,2025-01-16,23,6,0
1709,2025-01-23,6,5,0
1709,2025-01-30,16,8,0
1709,2025-02-06,13,4,0
1709,2025-02-13,1,2,0
1709,2025-02-20,1,2,0
1709,2025-02-27,2,1,1
1709,2025-03-06,2,2,0
1710,2024-04-16,23,9,0
1710,2024-04-23,22,8,0
1710,2024-04-30,9,9,0
1710,2024-05-07,22,6,0
1710,2024-05-14,15,3,0
1710,2024-05-21,10,6,0
1710,2024-05-28,13,5,0
1710,2024-06-04,8,3,0
1710,2024-06-11,7,6,1
1710,2024-06-18,15,5,0
1710,2024-06-25,6,9,0
1710,2024-07-02,6,9,0
1710,2024-07-09,15,5,0
1710,2024-07-16,5,9,0
1710,2024-07-23,20,4,0
1710,2024-07-30,18,9,1
1710,2024-08-06,23,8,0
1710,2024-08-13,5,7,0
1710,2024-08-20,13,5,0
1710,2024-08-27,5,7,0
1710,2024-09-03,7,6,0
1710,2024-09-10,10,3,0
1710,2024-09-17,17,7,0
1710,2024-09-24,17,9,0
1710,2024-10-01,24,8,0
1710,2024-10-08,15,4,0
1710,2024-10-15,23,3,0
1710,2024-10-22,9,5,0
1710,2024-10-29,10,4,0
1710,2024-11-05,16,3,0
1710,2024-11-12,18,6,0
1710,2024-11-19,9,7,1
1710,2024-11-26,23,6,1
1710,2024-12-03,21,5,0
1710,2024-12-10,16,8,0
1710,2024-12-17,9,5,0
1710,2024-12-24,15,3,0
1710,2024-12-31,17,5,0
1713,2024-09-01,22,7,0
1713,2024-09-08,1,1,0
1713,2024-09-15,1,2,0
1713,2024-09-22,2,2,0
1713,2024-09-29,2,1,1
1714,2024-07-24,8,4,0
1714,2024-07-31,6,3,0
1714,2024-08-07,1,2,2
1714,2024-08-14,2,1,0
1714,2024-08-21,2,2,2
1714,2024-08-28,0,2,1
1715,2024-06-07,12,5,0
1715,2024-06-14,14,8,0
1715,2024-06-21,12,9,0
1715,2024-06-28,12,7,0
1715,2024-07-05,23,5,0
1715,2024-07-12,18,9,0
1715,2024-07-19,20,5,0
1715,2024-07-26,10,7,0
1715,2024-08-02,12,9,0
1715,2024-08-09,20,7,0
1715,2024-08-16,14,6,0
1715,2024-08-23,17,3,1
1715,2024-08-30,11,3,0
1715,2024-09-06,23,6,0
1715,2024-09-13,14,9,0
1715,2024-09-20,8,8,0
1715,2024-09-27,17,3,0
1715,2024-10-04,7,7,0
1715,2024-10-11,9,7,0
1715,2024-10-18,19,3,0
1715,2024-10-25,22,5,0
1715,2024-11-01,12,6,0
1715,2024-11-08,15,8,0
1715,2024-11-15,5,4,0
1715,2024-11-22,6,3,0
1715,2024-11-29,24,8,0
1715,2024-12-06,19,9,0
1715,2024-12-13,8,3,0
1715,2024-12-20,24,7,0
1715,2024-12-27,23,8,0
1716,2024-07-31,5,4,0
1716,2024-08-07,8,4,0
1716,2024-08-14,13,9,0
1716,2024-08-21,7,3,0
1716,2024-08-28,17,8,0
1716,2024-09-04,9,5,0
1716,2024-09-11,16,8,0
1716,2024-09-18,18,5,0
1716,2024-09-25,14,7,0
1716,2024-10-02,13,4,0
1716,2024-10-09,11,3,0
1716,2024-10-16,24,6,0
1716,2024-10-23,17,9,1
1716,2024-10-30,10,5,0
1716,2024-11-06,13,7,0
1716,2024-11-13,19,3,0
1716,2024-11-20,19,3,0
1716,2024-11-27,8,8,0
1716,2024-12-04,22,6,0
1716,2024-12-11,14,6,0
1716,2024-12-18,20,8,1
1716,2024-12-25,14,3,0
1716,2025-01-01,20,9,0
1717,2025-06-16,0,2,1
1717,2025-06-23,2,2,2
1717,2025-06-30,1,1,0
1720,2024-11-30,16,7,0
1720,2024-12-07,5,7,0
1720,2024-12-14,12,4,0
1720,2024-12-21,12,6,0
1720,2024-12-28,7,4,0
1721,2024-10-28,24,9,0
1721,2024-11-04,10,6,0
1721,2024-11-11,9,8,0
1721,2024-11-18,13,6,0
1721,2024-11-25,9,9,0
1721,2024-12-02,17,6,0
1721,2024-12-09,23,3,0
1721,2024-12-16,14,3,0
1721,2024-12-23,8,8,0
1721,2024-12-30,10,8,0
1721,2025-01-06,15,5,0
1721,2025-01-13,23,8,0
1721,2025-01-20,8,7,1
1721,2025-01-27,23,3,1
1721,2025-02-03,8,9,0
1721,2025-02-10,15,4,0
1721,2025-02-17,20,6,0
1721,2025-02-24,13,9,0
1721,2025-03-03,21,4,0
1721,2025-03-10,2,1,1
1721,2025-03-17,0,1,1
1721,2025-03-24,2,1,0
1721,2025-03-31,2,1,0
1722,2024-08-15,22,7,0
1722,2024-08-22,20,5,0
1722,2024-08-29,14,8,0
1722,2024-09-05,8,7,0
1722,2024-09-12,15,6,0
1722,2024-09-19,18,8,0
1722,2024-09-26,19,5,0
1722,2024-10-03,13,7,0
1722,2024-10-10,7,6,0
1722,2024-10-17,19,9,0
1722,2024-10-24,6,6,0
1722,2024-10-31,7,8,0
1722,2024-11-07,20,4,0
1722,2024-11-14,14,8,1
1722,2024-11-21,16,9,0
1722,2024-11-28,9,3,0
1722,2024-12-05,21,5,0
1722,2024-12-12,11,3,0
1722,2024-12-19,22,8,0
1722,2024-12-26,22,7,0
1723,2024-01-03,13,4,0
1723,2024-01-10,18,9,0
1723,2024-01-17,14,6,0
1723,2024-01-24,14,3,1
1723,2024-01-31,18,4,0
1723,2024-02-07,24,5,0
1723,2024-02-14,12,8,0
1723,2024-02-21,17,4,0
1723,2024-02-28,5,8,0
1723,2024-03-06,17,9,0
1723,2024-03-13,22,7,0
1723,2024-03-20,9,7,0
1723,2024-03-27,19,5,0
1723,2024-04-03,22,6,0
1723,2024-04-10,7,6,1
1723,2024-04-17,10,4,1
1723,2024-04-24,13,6,0
1723,2024-05-01,18,3,0
1723,2024-05-08,14,5,0
1723,2024-05-15,20,5,0
1723,2024-05-22,5,9,1
1723,2024-05-29,16,5,0
1723,2024-06-05,24,4,0
1723,2024-06-12,5,6,0
1723,2024-06-19,6,6,0
1723,2024-06-26,21,3,0
1723,2024-07-03,23,6,0
1723,2024-07-10,23,9,0
1723,2024-07-17,21,8,0
1723,2024-07-24,13,4,0
1723,2024-07-31,9,6,0
1723,2024-08-07,8,6,0
1723,2024-08-14,22,7,0
1723,2024-08-21,13,4,0
1723,2024-08-28,15,6,0
1723,2024-09-04,16,4,0
1723,2024-09-11,13,4,0
1723,2024-09-18,20,4,0
1723,2024-09-25,10,8,0
1723,2024-10-02,22,7,0
1723,2024-10-09,24,3,0
1723,2024-10-16,15,7,0
1723,2024-10-23,10,8,0
1723,2024-10-30,17,8,1
1723,2024-11-06,7,3,0
1723,2024-11-13,15,4,0
1723,2024-11-20,21,4,0
1723,2024-11-27,6,7,0
1723,2024-12-04,24,3,0
1723,2024-12-11,5,9,0
1723,2024-12-18,20,6,0
1723,2024-12-25,18,6,0
1723,2025-01-01,20,3,1
1724,2024-11-20,21,3,0
1724,2024-11-27,21,5,1
1724,2024-12-04,22,6,0
1724,2024-12-11,13,6,0
1724,2024-12-18,17,9,0
1724,2024-12-25,18,9,0
1724,2025-01-01,21,7,0
1724,2025-01-08,14,4,0
1724,2025-01-15,17,4,0
1724,2025-01-22,20,6,0
1724,2025-01-29,11,3,0
1724,2025-02-05,6,8,0
1724,2025-02-12,24,6,0
1724,2025-02-19,8,7,0
1724,2025-02-26,22,4,0
1724,2025-03-05,1,1,0
1724,2025-03-12,1,1,0
1724,2025-03-19,1,2,0
1724,2025-03-26,2,2,0
1724,2025-04-02,2,1,0
1726,2025-03-01,19,9,0
1726,2025-03-08,8,4,0
1726,2025-03-15,7,7,1
1726,2025-03-22,23,9,0
1726,2025-03-29,11,7,0
1726,2025-04-05,0,2,1
1726,2025-04-12,2,2,1
1726,2025-04-19,0,1,0
1726,2025-04-26,0,2,1
1727,2025-01-18,22,8,0
1727,2025-01-25,21,7,0
1727,2025-02-01,6,9,0
1727,2025-02-08,17,4,0
1727,2025-02-15,11,6,0
1727,2025-02-22,16,5,0
1727,2025-03-01,13,4,0
1727,2025-03-08,12,4,0
1727,2025-03-15,7,6,0
1727,2025-03-22,15,8,0
1727,2025-03-29,13,3,0
1727,2025-04-05,16,7,0
1727,2025-04-12,7,6,0
1727,2025-04-19,6,6,0
1727,2025-04-26,18,9,0
1727,2025-05-03,16,7,0
1727,2025-05-10,6,3,0
1727,2025-05-17,14,4,0
1727,2025-05-24,0,1,0
1727,2025-05-31,2,2,0
1727,2025-06-07,2,2,0
1727,2025-06-14,0,2,1
1727,2025-06-21,1,2,0
1730,2024-07-15,10,6,0
1730,2024-07-22,21,6,1
1730,2024-07-29,13,4,0
1730,2024-08-05,20,5,0
1730,2024-08-12,21,8,0
1730,2024-08-19,22,7,0
1730,2024-08-26,11,4,0
1730,2024-09-02,24,6,0
1730,2024-09-09,10,9,0
1730,2024-09-16,21,4,0
1730,2024-09-23,11,6,0
1730,2024-09-30,8,3,0
1730,2024-10-07,16,8,1
1730,2024-10-14,15,7,0
1730,2024-10-21,10,8,0
1730,2024-10-28,6,8,0
1730,2024-11-04,22,3,0
1730,2024-11-11,23,8,0
1730,2024-11-18,8,3,0
1730,2024-11-25,18,4,0
1730,2024-12-02,18,6,0
1730,2024-12-09,11,6,0
1730,2024-12-16,6,8,0
1730,2024-12-23,19,9,1
1730,2024-12-30,7,3,0
1731,2024-03-05,16,9,0
1731,2024-03-12,23,3,0
1731,2024-03-19,17,9,0
1731,2024-03-26,6,4,0
1731,2024-04-02,20,3,0
1731,2024-04-09,5,4,1
1731,2024-04-16,13,6,0
1731,2024-04-23,7,4,0
1731,2024-04-30,13,7,0
1731,2024-05-07,20,5,0
1731,2024-05-14,9,8,1
1731,2024-05-21,7,3,0
1731,2024-05-28,5,5,0
1731,2024-06-04,22,8,0
1731,2024-06-11,14,9,1
1731,2024-06-18,17,6,0
1731,2024-06-25,18,7,0
1731,2024-07-02,24,8,0
1731,2024-07-09,9,6,0
1731,2024-07-16,17,4,0
1731,2024-07-23,12,7,1
1731,2024-07-30,19,8,0
1731,2024-08-06,13,5,0
1731,2024-08-13,12,7,0
1731,2024-08-20,8,6,0
1731,2024-08-27,5,4,0
1731,2024-09-03,15,7,1
1731,2024-09-10,21,3,0
1731,2024-09-17,9,4,0
1731,2024-09-24,17,6,0
1731,2024-10-01,6,6,0
1731,2024-10-08,19,6,0
1731,2024-10-15,10,9,0
1731,2024-10-22,21,6,0
1731,2024-10-29,24,7,0
1731,2024-11-05,6,8,1
1731,2024-11-12,22,4,0
1731,2024-11-19,21,9,0
1731,2024-11-26,14,5,0
1731,2024-12-03,16,7,0
1731,2024-12-10,21,5,0
1731,2024-12-17,18,7,0
1731,2024-12-24,10,8,0
1731,2024-12-31,24,8,0
1733,2024-03-29,8,3,0
1733,2024-04-05,11,4,0
1733,2024-04-12,9,8,0
1733,2024-04-19,13,5,0
1733,2024-04-26,22,6,0
1733,2024-05-03,17,9,0
1733,2024-05-10,14,7,0
1733,2024-05-17,21,6,0
1733,2024-05-24,23,8,1
1733,2024-05-31,11,5,0
1733,2024-06-07,20,9,1
1733,2024-06-14,9,4,1
1733,2024-06-21,20,6,0
1733,2024-06-28,23,6,0
1733,2024-07-05,19,5,0
1733,2024-07-12,19,5,0
1733,2024-07-19,10,6,0
1733,2024-07-26,16,9,0
1733,2024-08-02,18,6,1
1733,2024-08-09,20,6,0
1733,2024-08-16,23,8,0
1733,2024-08-23,23,9,0
1733,2024-08-30,16,4,0
1733,2024-09-06,5,8,0
1733,2024-09-13,17,7,0
1733,2024-09-20,11,8,0
1733,2024-09-27,18,3,0
1733,2024-10-04,14,8,0
1733,2024-10-11,21,5,0
1733,2024-10-18,11,8,0
1733,2024-10-25,13,5,0
1733,2024-11-01,15,5,0
1733,2024-11-08,8,7,0
1733,2024-11-15,13,6,0
1733,2024-11-22,20,9,0
1733,2024-11-29,10,5,0
1733,2024-12-06,17,8,0
1733,2024-12-13,15,5,0
1733,2024-12-20,14,3,0
1733,2024-12-27,12,6,0
1734,2024-01-30,21,3,0
1734,2024-02-06,11,7,0
1734,2024-02-13,7,7,0
1734,2024-02-20,19,4,0
1734,2024-02-27,12,9,0
1734,2024-03-05,8,6,0
1734,2024-03-12,22,6,0
1734,2024-03-19,9,6,0
1734,2024-03-26,9,6,0
1734,2024-04-02,10,4,0
1734,2024-04-09,5,5,0
1734,2024-04-16,22,8,0
1734,2024-04-23,21,7,0
1734,2024-04-30,14,6,0
1734,2024-05-07,14,8,0
1734,2024-05-14,8,5,0
1734,2024-05-21,9,4,0
1734,2024-05-28,10,9,0
1734,2024-06-04,11,4,0
1734,2024-06-11,18,6,0
1734,2024-06-18,24,8,0
1734,2024-06-25,15,8,0
1734,2024-07-02,8,7,0
1734,2024-07-09,7,7,0
1734,2024-07-16,19,5,0
1734,2024-07-23,24,7,0
1734,2024-07-30,19,6,1
1734,2024-08-06,8,4,1
1734,2024-08-13,12,6,0
1734,2024-08-20,12,6,0
1734,2024-08-27,6,8,0
1734,2024-09-03,13,7,0
1734,2024-09-10,6,7,1
1734,2024-09-17,12,4,0
1734,2024-09-24,6,6,0
1734,2024-10-01,14,9,0
1734,2024-10-08,17,7,0
1734,2024-10-15,14,3,0
1734,2024-10-22,7,9,0
1734,2024-10-29,13,7,0
1734,2024-11-05,24,9,0
1734,2024-11-12,13,4,0
1734,2024-11-19,5,3,0
1734,2024-11-26,21,5,0
1734,2024-12-03,21,5,0
1734,2024-12-10,17,8,0
1734,2024-12-17,19,6,0
1734,2024-12-24,12,3,0
1734,2024-12-31,11,7,0
1736,2024-12-18,17,8,0
1736,2024-12-25,18,7,0
1736,2025-01-01,10,5,1
1736,2025-01-08,16,7,0
1736,2025-01-15,22,4,0
1736,2025-01-22,7,3,0
1736,2025-01-29,0,2,1
1736,2025-02-05,2,1,0
1736,2025-02-12,1,1,0
1736,2025-02-19,1,1,1
1737,2024-06-05,9,8,0
1737,2024-06-12,18,3,0
1737,2024-06-19,19,6,0
1737,2024-06-26,21,5,0
1737,2024-07-03,22,5,0
1737,2024-07-10,9,4,0
1737,2024-07-17,24,5,0
1737,2024-07-24,15,3,0
1737,2024-07-31,23,9,0
1737,2024-08-07,14,9,0
1737,2024-08-14,8,3,1
1737,2024-08-21,9,3,1
1737,2024-08-28,21,3,0
1737,2024-09-04,6,3,0
1737,2024-09-11,2,1,0
1737,2024-09-18,2,1,1
1737,2024-09-25,0,2,0
1737,2024-10-02,0,1,0
1737,2024-10-09,2,1,0
1738,2024-02-22,9,3,0
1738,2024-02-29,18,4,0
1738,2024-03-07,18,5,0
1738,2024-03-14,10,8,0
1738,2024-03-21,15,7,0
1738,2024-03-28,18,7,0
1738,2024-04-04,6,3,0
1738,2024-04-11,15,4,0
1738,2024-04-18,9,8,0
1738,2024-04-25,20,3,0
1738,2024-05-02,24,4,0
1738,2024-05-09,13,7,0
1738,2024-05-16,18,4,1
1738,2024-05-23,19,7,0
1738,2024-05-30,5,3,0
1738,2024-06-06,17,6,0
1738,2024-06-13,5,5,0
1738,2024-06-20,13,8,0
1738,2024-06-27,20,5,1
1738,2024-07-04,6,9,0
1738,2024-07-11,20,6,0
1738,2024-07-18,21,4,0
1738,2024-07-25,12,7,1
1738,2024-08-01,8,3,0
1738,2024-08-08,11,7,0
1738,2024-08-15,21,6,1
1738,2024-08-22,20,8,1
1738,2024-08-29,6,9,0
1738,2024-09-05,17,9,0
1738,2024-09-12,16,3,0
1738,2024-09-19,10,9,0
1738,2024-09-26,16,7,0
1738,2024-10-03,6,8,0
1738,2024-10-10,9,4,0
1738,2024-10-17,9,4,0
1738,2024-10-24,14,9,0
1738,2024-10-31,10,7,0
1738,2024-11-07,24,4,0
1738,2024-11-14,12,6,0
1738,2024-11-21,24,9,0
1738,2024-11-28,13,6,0
1738,2024-12-05,7,8,0
1738,2024-12-12,23,6,0
1738,2024-12-19,13,9,0
1738,2024-12-26,13,6,0
1739,2024-08-12,20,6,0
1739,2024-08-19,18,3,0
1739,2024-08-26,8,8,0
1739,2024-09-02,18,4,0
1739,2024-09-09,7,8,0
1739,2024-09-16,20,8,0
1739,2024-09-23,6,6,0
1739,2024-09-30,11,9,0
1739,2024-10-07,15,3,0
1739,2024-10-14,18,3,0
1739,2024-10-21,24,7,0
1739,2024-10-28,8,8,0
1739,2024-11-04,5,4,0
1739,2024-11-11,8,3,0
1739,2024-11-18,9,8,0
1739,2024-11-25,11,4,0
1739,2024-12-02,7,6,0
1739,2024-12-09,20,7,0
1739,2024-12-16,15,5,0
1739,2024-12-23,5,8,0
1739,2024-12-30,24,5,0
1741,2024-03-10,10,5,0
1741,2024-03-17,18,3,0
1741,2024-03-24,5,3,0
1741,2024-03-31,18,4,0
1741,2024-04-07,17,9,0
1741,2024-04-14,20,7,1
1741,2024-04-21,19,6,0
1741,2024-04-28,6,8,0
1741,2024-05-05,10,6,0
1741,2024-05-12,11,4,1
1741,2024-05-19,14,3,0
1741,2024-05-26,8,5,0
1741,2024-06-02,11,7,0
1741,2024-06-09,15,6,0
1741,2024-06-16,13,4,0
1741,2024-06-23,7,6,0
1741,2024-06-30,12,8,0
1741,2024-07-07,14,4,0
1741,2024-07-14,15,3,0
1741,2024-07-21,18,9,0
1741,2024-07-28,24,3,0
1741,2024-08-04,22,5,0
1741,2024-08-11,7,3,0
1741,2024-08-18,13,8,0
1741,2024-08-25,20,4,0
1741,2024-09-01,7,8,0
1741,2024-09-08,16,5,0
1741,2024-09-15,20,7,0
1741,2024-09-22,15,5,0
1741,2024-09-29,14,6,0
1741,2024-10-06,14,8,0
1741,2024-10-13,9,9,0
1741,2024-10-20,10,9,1
1741,2024-10-27,24,8,0
1741,2024-11-03,18,5,0
1741,2024-11-10,17,9,0
1741,2024-11-17,23,4,0
1741,2024-11-24,24,7,0
1741,2024-12-01,13,4,0
1741,2024-12-08,11,9,1
1741,2024-12-15,18,3,0
1741,2024-12-22,18,6,0
1741,2024-12-29,15,7,0
1742,2024-01-11,23,3,0
1742,2024-01-18,15,6,0
1742,2024-01-25,12,8,0
1742,2024-02-01,21,6,0
1742,2024-02-08,16,3,0
1742,2024-02-15,16,5,0
1742,2024-02-22,12,5,0
1742,2024-02-29,10,3,0
1742,2024-03-07,9,3,0
1742,2024-03-14,7,6,0
1742,2024-03-21,20,5,0
1742,2024-03-28,13,6,0
1742,2024-04-04,19,5,0
1742,2024-04-11,21,3,0
1742,2024-04-18,20,7,0
1742,2024-04-25,8,6,0
1742,2024-05-02,13,8,0
1742,2024-05-09,18,6,0
1742,2024-05-16,5,4,0
1742,2024-05-23,8,7,0
1742,2024-05-30,12,5,0
1742,2024-06-06,19,6,0
1742,2024-06-13,16,9,0
1742,2024-06-20,20,6,1
1742,2024-06-27,10,8,0
1742,2024-07-04,6,3,0
1742,2024-07-11,20,9,0
1742,2024-07-18,19,4,0
1742,2024-07-25,15,8,0
1742,2024-08-01,22,8,0
1742,2024-08-08,9,6,0
1742,2024-08-15,12,9,1
1742,2024-08-22,11,6,0
1742,2024-08-29,11,3,0
1742,2024-09-05,5,4,0
1742,2024-09-12,21,6,1
1742,2024-09-19,23,6,0
1742,2024-09-26,8,3,0
1742,2024-10-03,21,5,0
1742,2024-10-10,19,3,0
1742,2024-10-17,17,9,0
1742,2024-10-24,23,7,0
1742,2024-10-31,21,6,0
1742,2024-11-07,22,8,0
1742,2024-11-14,7,3,0
1742,2024-11-21,10,4,0
1742,2024-11-28,19,3,0
1742,2024-12-05,16,9,0
1742,2024-12-12,11,5,0
1742,2024-12-19,7,9,0
1742,2024-12-26,7,9,0
1745,2024-02-27,8,7,0
1745,2024-03-05,14,5,0
1745,2024-03-12,24,8,0
1745,2024-03-19,24,6,0
1745,2024-03-26,17,7,0
1745,2024-04-02,12,8,0
1745,2024-04-09,10,9,0
1745,2024-04-16,14,5,0
1745,2024-04-23,13,3,0
1745,2024-04-30,16,7,0
1745,2024-05-07,23,7,1
1745,2024-05-14,21,4,1
1745,2024-05-21,12,7,0
1745,2024-05-28,17,3,0
1745,2024-06-04,19,4,0
1745,2024-06-11,22,7,0
1745,2024-06-18,20,5,1
1745,2024-06-25,16,9,0
1745,2024-07-02,6,6,0
1745,2024-07-09,5,4,0
1745,2024-07-16,21,5,0
1745,2024-07-23,21,3,0
1745,2024-07-30,10,3,0
1745,2024-08-06,23,4,0
1745,2024-08-13,24,3,0
1745,2024-08-20,15,9,0
1745,2024-08-27,11,8,0
1745,2024-09-03,5,8,0
1745,2024-09-10,8,8,0
1745,2024-09-17,17,5,0
1745,2024-09-24,11,5,0
1745,2024-10-01,18,7,0
1745,2024-10-08,13,8,1
1745,2024-10-15,6,5,0
1745,2024-10-22,16,6,0
1745,2024-10-29,7,3,0
1745,2024-11-05,11,9,0
1745,2024-11-12,13,6,0
1745,2024-11-19,11,3,0
1745,2024-11-26,15,3,0
1745,2024-12-03,17,7,0
1745,2024-12-10,23,9,0
1745,2024-12-17,14,4,0
1745,2024-12-24,23,5,0
1745,2024-12-31,6,4,0
1746,2024-05-28,22,8,0
1746,2024-06-04,7,8,0
1746,2024-06-11,20,3,1
1746,2024-06-18,20,7,0
1746,2024-06-25,5,8,0
1746,2024-07-02,13,3,0
1746,2024-07-09,6,7,0
1746,2024-07-16,11,4,0
1746,2024-07-23,9,9,0
1746,2024-07-30,21,4,0
1746,2024-08-06,16,5,0
1746,2024-08-13,23,9,0
1746,2024-08-20,11,8,0
1746,2024-08-27,12,9,1
1746,2024-09-03,12,6,0
1746,2024-09-10,21,6,0
1746,2024-09-17,15,7,0
1746,2024-09-24,18,6,0
1746,2024-10-01,5,4,1
1746,2024-10-08,11,6,0
1746,2024-10-15,22,6,0
1746,2024-10-22,20,3,0
1746,2024-10-29,24,4,0
1746,2024-11-05,13,9,0
1746,2024-11-12,13,9,0
1746,2024-11-19,17,4,0
1746,2024-11-26,7,5,0
1746,2024-12-03,15,4,0
1746,2024-12-10,10,6,0
1746,2024-12-17,19,6,0
1746,2024-12-24,10,5,0
1746,2024-12-31,24,6,1
1747,2024-05-09,6,9,0
1747,2024-05-16,10,8,0
1747,2024-05-23,16,7,0
1747,2024-05-30,11,6,0
1747,2024-06-06,23,8,0
1747,2024-06-13,13,6,0
1747,2024-06-20,14,3,0
1747,2024-06-27,1,2,0
1747,2024-07-04,2,2,2
1747,2024-07-11,0,1,0
1747,2024-07-18,0,2,0
1748,2024-02-04,19,7,0
1748,2024-02-11,23,3,0
1748,2024-02-18,5,6,0
1748,2024-02-25,22,4,0
1748,2024-03-03,22,3,1
1748,2024-03-10,11,4,0
1748,2024-03-17,22,7,0
1748,2024-03-24,6,6,0
1748,2024-03-31,12,7,0
1748,2024-04-07,21,6,0
1748,2024-04-14,20,7,0
1748,2024-04-21,12,3,1
1748,2024-04-28,5,7,0
1748,2024-05-05,5,4,0
1748,2024-05-12,19,7,0
1748,2024-05-19,23,8,0
1748,2024-05-26,5,7,0
1748,2024-06-02,6,8,0
1748,2024-06-09,10,3,0
1748,2024-06-16,23,3,1
1748,2024-06-23,11,8,0
1748,2024-06-30,23,6,0
1748,2024-07-07,11,4,0
1748,2024-07-14,12,9,0
1748,2024-07-21,10,4,0
1748,2024-07-28,23,4,0
1748,2024-08-04,24,9,1
1748,2024-08-11,14,9,1
1748,2024-08-18,16,7,0
1748,2024-08-25,11,4,0
1748,2024-09-01,18,6,0
1748,2024-09-08,16,8,0
1748,2024-09-15,23,6,0
1748,2024-09-22,10,7,0
1748,2024-09-29,6,8,0
1748,2024-10-06,8,8,0
1748,2024-10-13,14,8,0
1748,2024-10-20,22,6,0
1748,2024-10-27,24,8,0
1748,2024-11-03,9,6,0
1748,2024-11-10,12,8,0
1748,2024-11-17,14,5,0
1748,2024-11-24,7,9,1
1748,2024-12-01,12,8,0
1748,2024-12-08,13,7,1
1748,2024-12-15,14,3,0
1748,2024-12-22,15,3,0
1748,2024-12-29,21,9,0
1750,2024-10-24,24,4,0
1750,2024-10-31,19,8,0
1750,2024-11-07,16,4,0
1750,2024-11-14,12,5,0
1750,2024-11-21,8,4,0
1750,2024-11-28,12,6,0
1750,2024-12-05,14,8,0
1750,2024-12-12,22,7,0
1750,2024-12-19,11,3,0
1750,2024-12-26,13,5,0
1750,2025-01-02,23,3,0
1750,2025-01-09,24,8,0
1750,2025-01-16,19,8,0
1750,2025-01-23,14,3,0
1750,2025-01-30,20,6,0
1750,2025-02-06,9,6,0
1750,2025-02-13,23,4,0
1750,2025-02-20,21,3,0
1750,2025-02-27,5,8,0
1750,2025-03-06,18,4,0
1750,2025-03-13,7,8,0
1750,2025-03-20,5,7,0
1750,2025-03-27,15,5,0
1750,2025-04-03,9,4,0
1750,2025-04-10,13,8,0
1750,2025-04-17,0,1,1
1750,2025-04-24,0,2,0
1750,2025-05-01,2,2,2
1750,2025-05-08,2,2,0
1751,2024-06-23,22,4,0
1751,2024-06-30,16,6,1
1751,2024-07-07,23,7,0
1751,2024-07-14,6,7,0
1751,2024-07-21,10,6,0
1751,2024-07-28,12,7,0
1751,2024-08-04,6,5,0
1751,2024-08-11,17,9,0
1751,2024-08-18,20,4,0
1751,2024-08-25,18,6,0
1751,2024-09-01,24,3,0
1751,2024-09-08,14,4,0
1751,2024-09-15,6,5,0
1751,2024-09-22,10,6,0
1751,2024-09-29,8,9,0
1751,2024-10-06,23,9,0
1751,2024-10-13,10,6,0
1751,2024-10-20,9,5,0
1751,2024-10-27,6,7,0
1751,2024-11-03,15,7,0
1751,2024-11-10,14,5,0
1751,2024-11-17,7,8,0
1751,2024-11-24,8,5,0
1751,2024-12-01,12,3,0
1751,2024-12-08,20,8,0
1751,2024-12-15,24,5,0
1751,2024-12-22,23,3,0
1751,2024-12-29,22,7,0
1752,2024-08-20,5,7,0
1752,2024-08-27,9,6,0
1752,2024-09-03,17,8,0
1752,2024-09-10,13,7,0
1752,2024-09-17,22,3,0
1752,2024-09-24,11,4,0
1752,2024-10-01,19,3,0
1752,2024-10-08,19,3,0
1752,2024-10-15,10,6,0
1752,2024-10-22,20,9,0
1752,2024-10-29,16,8,0
1752,2024-11-05,19,3,0
1752,2024-11-12,16,6,0
1752,2024-11-19,9,4,0
1752,2024-11-26,16,3,0
1752,2024-12-03,16,8,0
1752,2024-12-10,16,9,0
1752,2024-12-17,5,9,0
1752,2024-12-24,17,6,0
1752,2024-12-31,16,6,0
1753,2024-09-26,10,9,1
1753,2024-10-03,9,9,0
1753,2024-10-10,16,5,0
1753,2024-10-17,22,9,0
1753,2024-10-24,20,5,0
1753,2024-10-31,20,9,0
1753,2024-11-07,17,7,0
1753,2024-11-14,11,6,1
1753,2024-11-21,22,8,0
1753,2024-11-28,20,6,0
1753,2024-12-05,13,8,0
1753,2024-12-12,14,7,0
1753,2024-12-19,14,7,0
1753,2024-12-26,5,8,1
1755,2024-03-28,14,4,0
1755,2024-04-04,11,8,0
1755,2024-04-11,5,4,0
1755,2024-04-18,7,7,0
1755,2024-04-25,16,8,0
1755,2024-05-02,9,7,0
1755,2024-05-09,11,3,0
1755,2024-05-16,6,4,0
1755,2024-05-23,17,6,0
1755,2024-05-30,15,3,1
1755,2024-06-06,24,6,0
1755,2024-06-13,9,4,0
1755,2024-06-20,22,8,0
1755,2024-06-27,15,5,0
1755,2024-07-04,17,6,0
1755,2024-07-11,16,4,1
1755,2024-07-18,12,8,0
1755,2024-07-25,11,9,1
1755,2024-08-01,15,9,0
1755,2024-08-08,13,5,0
1755,2024-08-15,12,6,0
1755,2024-08-22,24,3,0
1755,2024-08-29,8,3,0
1755,2024-09-05,5,7,0
1755,2024-09-12,11,9,1
1755,2024-09-19,5,3,0
1755,2024-09-26,16,9,0
1755,2024-10-03,9,6,0
1755,2024-10-10,6,4,0
1755,2024-10-17,5,4,1
1755,2024-10-24,18,7,0
1755,2024-10-31,16,4,0
1755,2024-11-07,10,7,0
1755,2024-11-14,6,4,0
1755,2024-11-21,14,9,0
1755,2024-11-28,14,5,0
1755,2024-12-05,6,8,0
1755,2024-12-12,14,7,0
1755,2024-12-19,16,5,0
1755,2024-12-26,8,7,0
1756,2024-03-07,5,3,0
1756,2024-03-14,17,8,0
1756,2024-03-21,9,5,0
1756,2024-03-28,5,7,0
1756,2024-04-04,22,7,0
1756,2024-04-11,11,6,0
1756,2024-04-18,18,8,0
1756,2024-04-25,15,3,1
1756,2024-05-02,14,4,0
1756,2024-05-09,15,8,0
1756,2024-05-16,5,6,0
1756,2024-05-23,17,4,0
1756,2024-05-30,6,5,0
1756,2024-06-06,14,3,0
1756,2024-06-13,12,7,0
1756,2024-06-20,6,9,0
1756,2024-06-27,15,7,0
1756,2024-07-04,15,8,0
1756,2024-07-11,23,3,0
1756,2024-07-18,8,9,1
1756,2024-07-25,15,3,0
1756,2024-08-01,20,8,0
1756,2024-08-08,13,5,1
1756,2024-08-15,14,8,0
1756,2024-08-22,6,6,0
1756,2024-08-29,8,6,0
1756,2024-09-05,7,4,1
1756,2024-09-12,15,6,0
1756,2024-09-19,5,8,0
1756,2024-09-26,11,3,0
1756,2024-10-03,17,4,0
1756,2024-10-10,13,4,0
1756,2024-10-17,10,5,0
1756,2024-10-24,8,3,0
1756,2024-10-31,21,7,0
1756,2024-11-07,12,5,0
1756,2024-11-14,23,8,0
1756,2024-11-21,19,4,0
1756,2024-11-28,11,9,0
1756,2024-12-05,21,9,0
1756,2024-12-12,6,3,0
1756,2024-12-19,7,4,1
1756,2024-12-26,19,5,0
1757,2024-05-03,7,6,0
1757,2024-05-10,10,5,0
1757,2024-05-17,11,7,0
1757,2024-05-24,7,7,0
1757,2024-05-31,18,9,0
1757,2024-06-07,6,8,0
1757,2024-06-14,22,4,0
1757,2024-06-21,15,9,0
1757,2024-06-28,11,7,0
1757,2024-07-05,12,7,0
1757,2024-07-12,12,4,0
1757,2024-07-19,15,9,1
1757,2024-07-26,18,9,0
1757,2024-08-02,6,4,0
1757,2024-08-09,21,8,0
1757,2024-08-16,5,6,0
1757,2024-08-23,12,7,0
1757,2024-08-30,12,8,0
1757,2024-09-06,5,4,0
1757,2024-09-13,24,8,0
1757,2024-09-20,9,4,0
1757,2024-09-27,6,8,0
1757,2024-10-04,6,7,0
1757,2024-10-11,13,3,0
1757,2024-10-18,8,8,0
1757,2024-10-25,7,8,0
1757,2024-11-01,23,7,0
1757,2024-11-08,23,6,1
1757,2024-11-15,12,3,0
1757,2024-11-22,12,8,0
1757,2024-11-29,14,3,0
1757,2024-12-06,7,6,1
1757,2024-12-13,18,5,0
1757,2024-12-20,16,7,0
1757,2024-12-27,6,8,0
1758,2024-04-25,13,6,0
1758,2024-05-02,11,9,0
1758,2024-05-09,19,3,0
1758,2024-05-16,5,5,0
1758,2024-05-23,9,4,0
1758,2024-05-30,17,5,0
1758,2024-06-06,17,6,0
1758,2024-06-13,16,5,1
1758,2024-06-20,12,9,1
1758,2024-06-27,11,3,0
1758,2024-07-04,11,6,0
1758,2024-07-11,11,3,0
1758,2024-07-18,16,8,0
1758,2024-07-25,22,8,0
1758,2024-08-01,9,9,0
1758,2024-08-08,20,8,0
1758,2024-08-15,23,6,0
1758,2024-08-22,24,6,0
1758,2024-08-29,24,6,0
1758,2024-09-05,14,8,1
1758,2024-09-12,20,3,0
1758,2024-09-19,13,8,1
1758,2024-09-26,8,3,0
1758,2024-10-03,19,8,0
1758,2024-10-10,8,5,1
1758,2024-10-17,6,6,0
1758,2024-10-24,12,3,0
1758,2024-10-31,20,5,0
1758,2024-11-07,19,3,0
1758,2024-11-14,5,9,0
1758,2024-11-21,9,9,0
1758,2024-11-28,20,6,0
1758,2024-12-05,22,9,0
1758,2024-12-12,24,9,0
1758,2024-12-19,6,7,0
1758,2024-12-26,5,6,0
1759,2024-05-05,14,6,0
1759,2024-05-12,7,3,0
1759,2024-05-19,19,8,0
1759,2024-05-26,11,5,0
1759,2024-06-02,7,6,0
1759,2024-06-09,8,7,0
1759,2024-06-16,13,5,1
1759,2024-06-23,21,9,0
1759,2024-06-30,23,4,0
1759,2024-07-07,21,3,0
1759,2024-07-14,13,3,0
1759,2024-07-21,6,6,1
1759,2024-07-28,10,4,0
1759,2024-08-04,22,8,0
1759,2024-08-11,22,7,0
1759,2024-08-18,14,7,0
1759,2024-08-25,10,6,0
1759,2024-09-01,24,6,0
1759,2024-09-08,15,3,0
1759,2024-09-15,21,5,1
1759,2024-09-22,14,6,0
1759,2024-09-29,10,8,1
1759,2024-10-06,7,7,0
1759,2024-10-13,10,4,0
1759,2024-10-20,9,5,0
1759,2024-10-27,16,3,0
1759,2024-11-03,6,3,0
1759,2024-11-10,23,9,0
1759,2024-11-17,1,2,0
1759,2024-11-24,2,2,0
1759,2024-12-01,2,2,0
1759,2024-12-08,2,2,0
1760,2024-12-23,16,3,0
1760,2024-12-30,8,4,0
1761,2024-11-27,17,3,0
1761,2024-12-04,22,5,0
1761,2024-12-11,23,8,0
1761,2024-12-18,10,4,0
1761,2024-12-25,10,3,0
1761,2025-01-01,20,8,0
1762,2024-05-25,15,4,0
1762,2024-06-01,13,8,0
1762,2024-06-08,17,9,0
1762,2024-06-15,10,7,0
1762,2024-06-22,19,6,0
1762,2024-06-29,15,7,0
1762,2024-07-06,14,9,0
1762,2024-07-13,22,9,0
1762,2024-07-20,14,9,0
1762,2024-07-27,6,4,1
1762,2024-08-03,11,6,0
1762,2024-08-10,15,4,0
1762,2024-08-17,14,3,0
1762,2024-08-24,10,4,0
1762,2024-08-31,17,3,0
1762,2024-09-07,22,5,0
1762,2024-09-14,19,4,0
1762,2024-09-21,9,5,1
1762,2024-09-28,6,3,0
1762,2024-10-05,21,3,0
1762,2024-10-12,23,3,1
1762,2024-10-19,17,9,0
1762,2024-10-26,10,7,0
1762,2024-11-02,8,3,0
1762,2024-11-09,12,7,0
1762,2024-11-16,15,9,0
1762,2024-11-23,7,3,0
1762,2024-11-30,23,6,0
1762,2024-12-07,8,9,0
1762,2024-12-14,6,8,0
1762,2024-12-21,18,6,0
1762,2024-12-28,12,4,0
1763,2024-07-12,16,5,0
1763,2024-07-19,19,5,0
1763,2024-07-26,21,5,0
1763,2024-08-02,7,7,0
1763,2024-08-09,13,4,0
1763,2024-08-16,6,3,0
1763,2024-08-23,14,4,0
1763,2024-08-30,17,3,0
1763,2024-09-06,8,7,0
1763,2024-09-13,24,7,0
1763,2024-09-20,23,8,0
1763,2024-09-27,23,6,1
1763,2024-10-04,18,8,0
1763,2024-10-11,15,5,0
1763,2024-10-18,21,9,0
1763,2024-10-25,17,3,0
1763,2024-11-01,17,9,0
1763,2024-11-08,20,6,1
1763,2024-11-15,6,4,0
1763,2024-11-22,11,6,0
1763,2024-11-29,9,6,0
1763,2024-12-06,22,6,0
1763,2024-12-13,8,9,0
1763,2024-12-20,6,4,0
1763,2024-12-27,18,8,0
1764,2024-12-04,12,4,1
1764,2024-12-11,22,6,0
1764,2024-12-18,2,2,0
1764,2024-12-25,1,2,0
1764,2025-01-01,1,2,0
1764,2025-01-08,0,1,1
1765,2024-06-16,17,7,0
1765,2024-06-23,18,3,0
1765,2024-06-30,16,6,0
1765,2024-07-07,8,4,0
1765,2024-07-14,5,9,1
1765,2024-07-21,18,6,0
1765,2024-07-28,17,9,0
1765,2024-08-04,15,7,0
1765,2024-08-11,8,4,0
1765,2024-08-18,22,8,0
1765,2024-08-25,22,5,0
1765,2024-09-01,21,4,0
1765,2024-09-08,15,8,0
1765,2024-09-15,11,8,0
1765,2024-09-22,23,3,0
1765,2024-09-29,12,6,0
1765,2024-10-06,20,8,0
1765,2024-10-13,6,5,0
1765,2024-10-20,13,6,0
1765,2024-10-27,18,5,0
1765,2024-11-03,2,2,2
1765,2024-11-10,2,2,1
1765,2024-11-17,1,2,0
1765,2024-11-24,0,1,0
1765,2024-12-01,0,2,0
1767,2024-12-31,19,7,0
1767,2025-01-07,17,4,0
1767,2025-01-14,18,6,1
1767,2025-01-21,20,9,0
1767,2025-01-28,10,7,0
1767,2025-02-04,6,4,0
1767,2025-02-11,19,9,0
1767,2025-02-18,12,5,0
1767,2025-02-25,10,9,0
1767,2025-03-04,5,4,0
1767,2025-03-11,1,2,0
1767,2025-03-18,1,1,0
1767,2025-03-25,0,2,0
1767,2025-04-01,1,1,0
1767,2025-04-08,2,1,0
1768,2025-06-22,2,2,0
1768,2025-06-29,1,1,0
1770,2024-05-05,14,8,0
1770,2024-05-12,11,7,0
1770,2024-05-19,17,4,0
1770,2024-05-26,9,7,0
1770,2024-06-02,22,9,0
1770,2024-06-09,5,4,0
1770,2024-06-16,24,7,1
1770,2024-06-23,22,7,1
1770,2024-06-30,14,6,0
1770,2024-07-07,14,8,0
1770,2024-07-14,16,6,0
1770,2024-07-21,14,5,0
1770,2024-07-28,13,8,1
1770,2024-08-04,12,5,0
1770,2024-08-11,7,8,0
1770,2024-08-18,23,4,0
1770,2024-08-25,10,7,0
1770,2024-09-01,11,9,0
1770,2024-09-08,22,4,0
1770,2024-09-15,19,6,1
1770,2024-09-22,11,5,0
1770,2024-09-29,13,9,0
1770,2024-10-06,12,4,1
1770,2024-10-13,17,4,0
1770,2024-10-20,20,9,0
1770,2024-10-27,8,9,0
1770,2024-11-03,10,4,0
1770,2024-11-10,5,3,0
1770,2024-11-17,7,7,0
1770,2024-11-24,14,3,0
1770,2024-12-01,5,4,0
1770,2024-12-08,10,3,0
1770,2024-12-15,8,6,0
1770,2024-12-22,5,3,0
1770,2024-12-29,23,7,0
1771,2024-07-10,24,9,1
1771,2024-07-17,6,5,0
1771,2024-07-24,19,9,0
1771,2024-07-31,14,3,0
1771,2024-08-07,17,3,0
1771,2024-08-14,12,3,0
1771,2024-08-21,17,3,1
1771,2024-08-28,13,8,0
1771,2024-09-04,22,3,0
1771,2024-09-11,22,3,1
1771,2024-09-18,17,5,0
1771,2024-09-25,23,7,0
1771,2024-10-02,18,8,0
1771,2024-10-09,12,4,0
1771,2024-10-16,7,9,0
1771,2024-10-23,15,6,0
1771,2024-10-30,11,8,0
1771,2024-11-06,23,4,0
1771,2024-11-13,14,5,0
1771,2024-11-20,11,4,0
1771,2024-11-27,13,5,0
1771,2024-12-04,13,3,0
1771,2024-12-11,8,6,0
1771,2024-12-18,22,4,0
1771,2024-12-25,14,3,0
1771,2025-01-01,17,9,0
1773,2024-08-26,17,7,0
1773,2024-09-02,6,4,0
1773,2024-09-09,23,8,0
1773,2024-09-16,24,5,0
1773,2024-09-23,16,7,1
1773,2024-09-30,21,5,1
1773,2024-10-07,16,8,0
1773,2024-10-14,14,4,0
1773,2024-10-21,12,9,0
1773,2024-10-28,8,3,0
1773,2024-11-04,13,4,1
1773,2024-11-11,20,4,0
1773,2024-11-18,12,7,0
1773,2024-11-25,17,3,0
1773,2024-12-02,13,9,0
1773,2024-12-09,14,7,1
1773,2024-12-16,9,3,0
1773,2024-12-23,6,4,0
1773,2024-12-30,6,9,0
1774,2024-10-29,6,9,0
1774,2024-11-05,15,7,0
1774,2024-11-12,20,9,0
1774,2024-11-19,7,5,0
1774,2024-11-26,12,9,0
1774,2024-12-03,23,6,0
1774,2024-12-10,15,8,0
1774,2024-12-17,18,3,0
1774,2024-12-24,8,3,1
1774,2024-12-31,10,4,0
1775,2024-05-20,17,9,0
1775,2024-05-27,17,4,0
1775,2024-06-03,16,7,0
1775,2024-06-10,12,4,0
1775,2024-06-17,9,8,0
1775,2024-06-24,17,3,0
1775,2024-07-01,24,5,0
1775,2024-07-08,20,4,0
1775,2024-07-15,14,3,0
1775,2024-07-22,8,5,0
1775,2024-07-29,18,4,0
1775,2024-08-05,20,3,0
1775,2024-08-12,16,6,0
1775,2024-08-19,6,4,0
1775,2024-08-26,10,8,0
1775,2024-09-02,17,9,0
1775,2024-09-09,14,4,0
1775,2024-09-16,8,6,0
1775,2024-09-23,18,9,1
1775,2024-09-30,14,6,0
1775,2024-10-07,7,5,0
1775,2024-10-14,21,6,0
1775,2024-10-21,23,9,0
1775,2024-10-28,14,8,0
1775,2024-11-04,16,3,0
1775,2024-11-11,22,6,0
1775,2024-11-18,12,9,0
1775,2024-11-25,19,9,0
1775,2024-12-02,9,6,1
1775,2024-12-09,13,7,0
1775,2024-12-16,19,9,0
1775,2024-12-23,16,7,0
1775,2024-12-30,23,5,0
1777,2024-01-06,22,8,0
1777,2024-01-13,16,3,0
1777,2024-01-20,20,3,0
1777,2024-01-27,19,6,0
1777,2024-02-03,11,5,0
1777,2024-02-10,8,6,0
1777,2024-02-17,18,3,0
1777,2024-02-24,16,8,0
1777,2024-03-02,23,6,0
1777,2024-03-09,20,3,0
1777,2024-03-16,10,5,0
1777,2024-03-23,21,5,0
1777,2024-03-30,22,6,0
1777,2024-04-06,13,6,0
1777,2024-04-13,15,6,0
1777,2024-04-20,9,6,0
1777,2024-04-27,16,6,0
1777,2024-05-04,6,6,0
1777,2024-05-11,11,4,0
1777,2024-05-18,17,6,0
1777,2024-05-25,17,4,0
1777,2024-06-01,22,4,0
1777,2024-06-08,17,9,1
1777,2024-06-15,13,4,0
1777,2024-06-22,20,6,0
1777,2024-06-29,6,7,0
1777,2024-07-06,8,9,1
1777,2024-07-13,18,7,0
1777,2024-07-20,12,3,0
1777,2024-07-27,23,9,0
1777,2024-08-03,5,3,0
1777,2024-08-10,9,6,0
1777,2024-08-17,7,7,1
1777,2024-08-24,19,7,0
1777,2024-08-31,6,7,0
1777,2024-09-07,16,6,0
1777,2024-09-14,23,4,0
1777,2024-09-21,17,3,1
1777,2024-09-28,6,8,0
1777,2024-10-05,5,5,0
1777,2024-10-12,20,6,0
1777,2024-10-19,21,7,0
1777,2024-10-26,8,4,1
1777,2024-11-02,20,5,0
1777,2024-11-09,6,7,0
1777,2024-11-16,17,9,0
1777,2024-11-23,8,3,0
1777,2024-11-30,14,8,0
1777,2024-12-07,7,5,0
1777,2024-12-14,21,5,0
1777,2024-12-21,15,3,0
1777,2024-12-28,17,8,0
1778,2024-01-09,15,7,0
1778,2024-01-16,11,3,0
1778,2024-01-23,8,5,0
1778,2024-01-30,5,8,0
1778,2024-02-06,21,5,0
1778,2024-02-13,15,6,0
1778,2024-02-20,17,3,0
1778,2024-02-27,11,3,0
1778,2024-03-05,15,4,0
1778,2024-03-12,7,4,0
1778,2024-03-19,12,8,0
1778,2024-03-26,6,4,1
1778,2024-04-02,23,7,1
1778,2024-04-09,6,9,0
1778,2024-04-16,24,6,0
1778,2024-04-23,20,8,0
1778,2024-04-30,7,8,0
1778,2024-05-07,7,7,0
1778,2024-05-14,12,9,0
1778,2024-05-21,21,9,0
1778,2024-05-28,19,6,1
1778,2024-06-04,22,8,0
1778,2024-06-11,15,6,0
1778,2024-06-18,10,8,0
1778,2024-06-25,17,4,0
1778,2024-07-02,8,6,0
1778,2024-07-09,12,6,0
1778,2024-07-16,12,7,1
1778,2024-07-23,8,6,0
1778,2024-07-30,14,9,0
1778,2024-08-06,13,3,0
1778,2024-08-13,6,9,0
1778,2024-08-20,16,9,0
1778,2024-08-27,20,4,1
1778,2024-09-03,23,8,0
1778,2024-09-10,6,7,0
1778,2024-09-17,14,7,0
1778,2024-09-24,24,5,0
1778,2024-10-01,7,5,0
1778,2024-10-08,12,5,1
1778,2024-10-15,17,5,0
1778,2024-10-22,17,7,0
1778,2024-10-29,10,5,0
1778,2024-11-05,5,8,0
1778,2024-11-12,11,3,0
1778,2024-11-19,14,7,0
1778,2024-11-26,11,4,0
1778,2024-12-03,11,9,1
1778,2024-12-10,18,7,0
1778,2024-12-17,14,5,0
1778,2024-12-24,13,8,1
1778,2024-12-31,12,3,1
1779,2024-11-09,10,3,0
1779,2024-11-16,21,4,0
1779,2024-11-23,12,7,0
1779,2024-11-30,18,8,0
1779,2024-12-07,21,6,0
1779,2024-12-14,9,8,0
1779,2024-12-21,9,7,0
1779,2024-12-28,5,4,0
1780,2024-08-24,23,9,0
1780,2024-08-31,10,4,0
1780,2024-09-07,9,8,0
1780,2024-09-14,10,4,0
1780,2024-09-21,11,8,0
1780,2024-09-28,10,8,0
1780,2024-10-05,5,8,1
1780,2024-10-12,17,8,0
1780,2024-10-19,24,7,0
1780,2024-10-26,10,5,0
1780,2024-11-02,9,7,0
1780,2024-11-09,24,7,0
1780,2024-11-16,17,3,0
1780,2024-11-23,17,6,0
1780,2024-11-30,24,6,0
1780,2024-12-07,24,3,0
1780,2024-12-14,17,3,0
1780,2024-12-21,8,8,0
1780,2024-12-28,6,6,0
1781,2024-04-20,22,4,0
1781,2024-04-27,13,5,0
1781,2024-05-04,17,8,0
1781,2024-05-11,12,8,0
1781,2024-05-18,5,6,0
1781,2024-05-25,18,3,0
1781,2024-06-01,23,6,0
1781,2024-06-08,7,9,0
1781,2024-06-15,18,6,0
1781,2024-06-22,15,8,0
1781,2024-06-29,6,6,0
1781,2024-07-06,9,5,0
1781,2024-07-13,6,7,0
1781,2024-07-20,23,7,0
1781,2024-07-27,6,3,1
1781,2024-08-03,16,9,0
1781,2024-08-10,21,3,0
1781,2024-08-17,7,8,1
1781,2024-08-24,7,8,0
1781,2024-08-31,23,7,0
1781,2024-09-07,16,9,1
1781,2024-09-14,6,5,1
1781,2024-09-21,15,6,1
1781,2024-09-28,6,8,0
1781,2024-10-05,13,9,0
1781,2024-10-12,10,3,0
1781,2024-10-19,7,7,0
1781,2024-10-26,21,4,0
1781,2024-11-02,16,4,0
1781,2024-11-09,20,5,0
1781,2024-11-16,20,4,0
1781,2024-11-23,24,7,0
1781,2024-11-30,14,7,0
1781,2024-12-07,20,5,0
1781,2024-12-14,16,4,0
1781,2024-12-21,16,4,0
1781,2024-12-28,20,5,0
1783,2024-09-26,20,8,0
1783,2024-10-03,16,8,0
1783,2024-10-10,19,9,0
1783,2024-10-17,8,9,0
1783,2024-10-24,23,9,0
1783,2024-10-31,18,4,0
1783,2024-11-07,15,4,0
1783,2024-11-14,12,5,1
1783,2024-11-21,8,8,0
1783,2024-11-28,15,9,0
1783,2024-12-05,7,6,0
1783,2024-12-12,21,8,0
1783,2024-12-19,24,4,0
1783,2024-12-26,16,5,0
1784,2024-10-29,14,9,0
1784,2024-11-05,14,9,0
1784,2024-11-12,18,6,1
1784,2024-11-19,11,7,0
1784,2024-11-26,13,6,0
1784,2024-12-03,15,4,0
1784,2024-12-10,5,6,0
1784,2024-12-17,15,7,0
1784,2024-12-24,15,3,0
1784,2024-12-31,13,3,0
1785,2024-10-07,10,8,0
1785,2024-10-14,5,4,0
1785,2024-10-21,22,6,0
1785,2024-10-28,8,9,0
1785,2024-11-04,13,6,0
1785,2024-11-11,8,9,0
1785,2024-11-18,9,4,0
1785,2024-11-25,12,6,0
1785,2024-12-02,5,4,0
1785,2024-12-09,18,3,0
1785,2024-12-16,14,5,0
1785,2024-12-23,7,3,0
1785,2024-12-30,19,6,0
1786,2024-06-30,22,4,0
1786,2024-07-07,23,3,1
1786,2024-07-14,8,3,0
1786,2024-07-21,23,9,0
1786,2024-07-28,5,5,0
1786,2024-08-04,24,9,0
1786,2024-08-11,23,7,1
1786,2024-08-18,17,5,1
1786,2024-08-25,6,6,0
1786,2024-09-01,7,9,0
1786,2024-09-08,23,4,0
1786,2024-09-15,8,5,0
1786,2024-09-22,17,7,0
1786,2024-09-29,11,5,0
1786,2024-10-06,12,6,0
1786,2024-10-13,13,3,0
1786,2024-10-20,16,3,0
1786,2024-10-27,18,7,0
1786,2024-11-03,5,8,0
1786,2024-11-10,7,8,0
1786,2024-11-17,10,6,0
1786,2024-11-24,14,7,0
1786,2024-12-01,8,3,0
1786,2024-12-08,7,7,0
1786,2024-12-15,18,5,0
1786,2024-12-22,18,8,0
1786,2024-12-29,6,3,1
1787,2024-04-02,9,8,0
1787,2024-04-09,7,5,0
1787,2024-04-16,22,6,0
1787,2024-04-23,20,3,0
1787,2024-04-30,6,4,0
1787,2024-05-07,21,5,0
1787,2024-05-14,17,7,0
1787,2024-05-21,23,9,0
1787,2024-05-28,17,8,0
1787,2024-06-04,16,9,0
1787,2024-06-11,9,6,0
1787,2024-06-18,15,7,0
1787,2024-06-25,9,3,0
1787,2024-07-02,13,3,0
1787,2024-07-09,15,7,0
1787,2024-07-16,20,5,1
1787,2024-07-23,14,7,0
1787,2024-07-30,6,7,0
1787,2024-08-06,5,8,0
1787,2024-08-13,16,9,0
1787,2024-08-20,14,8,0
1787,2024-08-27,23,8,0
1787,2024-09-03,15,4,0
1787,2024-09-10,14,6,0
1787,2024-09-17,15,3,0
1787,2024-09-24,23,5,0
1787,2024-10-01,15,5,0
1787,2024-10-08,14,4,0
1787,2024-10-15,20,8,0
1787,2024-10-22,19,8,0
1787,2024-10-29,12,7,0
1787,2024-11-05,18,4,0
1787,2024-11-12,19,7,0
1787,2024-11-19,16,4,0
1787,2024-11-26,12,5,0
1787,2024-12-03,14,5,0
1787,2024-12-10,24,7,0
1787,2024-12-17,14,7,0
1787,2024-12-24,23,6,0
1787,2024-12-31,20,9,0
1790,2024-12-08,16,4,1
1790,2024-12-15,16,6,1
1790,2024-12-22,16,9,1
1790,2024-12-29,7,4,0
1791,2025-05-24,21,6,0
1791,2025-05-31,2,2,2
1791,2025-06-07,0,1,0
1791,2025-06-14,1,2,0
1791,2025-06-21,1,1,0
1792,2024-10-16,12,4,0
1792,2024-10-23,24,3,0
1792,2024-10-30,23,8,0
1792,2024-11-06,12,4,0
1792,2024-11-13,19,5,0
1792,2024-11-20,18,9,0
1792,2024-11-27,8,5,0
1792,2024-12-04,11,9,0
1792,2024-12-11,23,8,0
1792,2024-12-18,14,4,0
1792,2024-12-25,13,4,0
1792,2025-01-01,5,5,0
1793,2024-02-03,13,5,0
1793,2024-02-10,18,4,0
1793,2024-02-17,6,3,0
1793,2024-02-24,22,3,0
1793,2024-03-02,17,3,0
1793,2024-03-09,14,6,0
1793,2024-03-16,14,8,0
1793,2024-03-23,9,6,0
1793,2024-03-30,17,9,0
1793,2024-04-06,14,4,1
1793,2024-04-13,11,6,0
1793,2024-04-20,8,9,0
1793,2024-04-27,12,8,0
1793,2024-05-04,6,4,0
1793,2024-05-11,11,8,0
1793,2024-05-18,16,8,1
1793,2024-05-25,7,6,0
1793,2024-06-01,19,9,0
1793,2024-06-08,6,4,0
1793,2024-06-15,9,6,0
1793,2024-06-22,12,3,1
1793,2024-06-29,22,9,0
1793,2024-07-06,15,6,0
1793,2024-07-13,17,3,0
1793,2024-07-20,15,7,1
1793,2024-07-27,24,5,0
1793,2024-08-03,22,5,0
1793,2024-08-10,22,8,0
1793,2024-08-17,23,6,1
1793,2024-08-24,19,7,0
1793,2024-08-31,16,9,0
1793,2024-09-07,11,6,0
1793,2024-09-14,6,6,0
1793,2024-09-21,16,7,0
1793,2024-09-28,12,7,0
1793,2024-10-05,24,6,0
1793,2024-10-12,14,3,0
1793,2024-10-19,20,4,0
1793,2024-10-26,24,9,0
1793,2024-11-02,18,5,0
1793,2024-11-09,19,7,0
1793,2024-11-16,11,7,1
1793,2024-11-23,24,4,0
1793,2024-11-30,5,4,0
1793,2024-12-07,6,4,0
1793,2024-12-14,6,4,0
1793,2024-12-21,18,5,0
1793,2024-12-28,14,8,0
1794,2024-09-29,24,5,0
1794,2024-10-06,24,7,0
1794,2024-10-13,11,7,0
1794,2024-10-20,14,4,0
1794,2024-10-27,17,8,0
1794,2024-11-03,16,4,0
1794,2024-11-10,20,9,0
1794,2024-11-17,17,4,0
1794,2024-11-24,6,9,0
1794,2024-12-01,8,3,0
1794,2024-12-08,7,9,0
1794,2024-12-15,14,6,1
1794,2024-12-22,6,8,0
1794,2024-12-29,12,9,0
1795,2024-09-10,11,7,0
1795,2024-09-17,9,4,0
1795,2024-09-24,13,4,0
1795,2024-10-01,7,3,0
1795,2024-10-08,23,5,0
1795,2024-10-15,24,6,0
1795,2024-10-22,24,6,0
1795,2024-10-29,14,7,0
1795,2024-11-05,24,8,0
1795,2024-11-12,23,3,0
1795,2024-11-19,16,5,0
1795,2024-11-26,8,6,0
1795,2024-12-03,14,4,0
1795,2024-12-10,16,8,0
1795,2024-12-17,9,6,0
1795,2024-12-24,19,8,0
1795,2024-12-31,7,4,0
1796,2024-03-13,21,5,0
1796,2024-03-20,10,3,0
1796,2024-03-27,15,4,0
1796,2024-04-03,20,8,0
1796,2024-04-10,11,7,0
1796,2024-04-17,20,4,0
1796,2024-04-24,5,5,0
1796,2024-05-01,7,4,0
1796,2024-05-08,23,9,0
1796,2024-05-15,24,3,0
1796,2024-05-22,22,9,0
1796,2024-05-29,9,5,0
1796,2024-06-05,14,9,0
1796,2024-06-12,7,3,0
1796,2024-06-19,15,3,1
1796,2024-06-26,16,8,1
1796,2024-07-03,19,8,0
1796,2024-07-10,20,4,0
1796,2024-07-17,23,5,0
1796,2024-07-24,7,3,0
1796,2024-07-31,18,9,0
1796,2024-08-07,22,5,0
1796,2024-08-14,13,5,0
1796,2024-08-21,24,7,0
1796,2024-08-28,9,7,0
1796,2024-09-04,16,6,1
1796,2024-09-11,8,5,0
1796,2024-09-18,15,9,0
1796,2024-09-25,24,4,0
1796,2024-10-02,16,7,0
1796,2024-10-09,21,4,0
1796,2024-10-16,16,6,1
1796,2024-10-23,14,9,1
1796,2024-10-30,12,5,0
1796,2024-11-06,14,8,0
1796,2024-11-13,16,7,1
1796,2024-11-20,21,3,0
1796,2024-11-27,9,5,0
1796,2024-12-04,19,3,0
1796,2024-12-11,10,8,0
1796,2024-12-18,16,9,0
1796,2024-12-25,10,5,0
1796,2025-01-01,11,3,0
1798,2024-10-27,24,8,0
1798,2024-11-03,10,9,0
1798,2024-11-10,9,5,0
1798,2024-11-17,11,3,1
1798,2024-11-24,19,9,0
1798,2024-12-01,20,9,0
1798,2024-12-08,19,7,0
1798,2024-12-15,7,9,0
1798,2024-12-22,5,7,0
1798,2024-12-29,6,8,0
1799,2024-10-24,22,7,0
1799,2024-10-31,21,4,0
1799,2024-11-07,7,8,1
1799,2024-11-14,5,9,0
1799,2024-11-21,17,3,0
1799,2024-11-28,9,6,0
1799,2024-12-05,12,7,0
1799,2024-12-12,15,9,0
1799,2024-12-19,22,6,0
1799,2024-12-26,15,7,0
1803,2024-02-25,24,8,0
1803,2024-03-03,9,7,0
1803,2024-03-10,8,6,0
1803,2024-03-17,5,3,0
1803,2024-03-24,24,9,0
1803,2024-03-31,24,6,0
1803,2024-04-07,5,7,0
1803,2024-04-14,13,3,1
1803,2024-04-21,7,6,0
1803,2024-04-28,11,9,0
1803,2024-05-05,9,8,0
1803,2024-05-12,6,6,0
1803,2024-05-19,9,9,0
1803,2024-05-26,7,7,0
1803,2024-06-02,24,9,0
1803,2024-06-09,11,8,0
1803,2024-06-16,11,6,0
1803,2024-06-23,16,4,0
1803,2024-06-30,12,5,0
1803,2024-07-07,14,8,0
1803,2024-07-14,16,3,0
1803,2024-07-21,22,8,0
1803,2024-07-28,20,6,0
1803,2024-08-04,23,3,0
1803,2024-08-11,18,8,0
1803,2024-08-18,24,5,0
1803,2024-08-25,22,4,0
1803,2024-09-01,14,6,0
1803,2024-09-08,14,5,1
1803,2024-09-15,8,9,0
1803,2024-09-22,16,9,0
1803,2024-09-29,17,3,0
1803,2024-10-06,23,6,0
1803,2024-10-13,17,7,0
1803,2024-10-20,19,4,1
1803,2024-10-27,8,8,0
1803,2024-11-03,15,7,0
1803,2024-11-10,21,9,0
1803,2024-11-17,16,5,0
1803,2024-11-24,18,7,1
1803,2024-12-01,12,5,0
1803,2024-12-08,7,7,1
1803,2024-12-15,19,9,0
1803,2024-12-22,7,5,0
1803,2024-12-29,14,6,0
1805,2024-10-21,18,5,1
1805,2024-10-28,6,7,0
1805,2024-11-04,12,3,0
1805,2024-11-11,11,3,0
1805,2024-11-18,23,6,0
1805,2024-11-25,19,7,0
1805,2024-12-02,17,7,0
1805,2024-12-09,21,4,0
1805,2024-12-16,16,8,0
1805,2024-12-23,24,6,0
1805,2024-12-30,21,6,1
1806,2024-12-16,9,4,0
1806,2024-12-23,21,5,0
1806,2024-12-30,23,8,0
1806,2025-01-06,17,5,0
1806,2025-01-13,24,9,0
1806,2025-01-20,24,5,0
1806,2025-01-27,11,5,0
1806,2025-02-03,22,3,0
1806,2025-02-10,19,5,0
1806,2025-02-17,2,2,2
1806,2025-02-24,2,1,0
1806,2025-03-03,0,1,0
1806,2025-03-10,1,2,1
1806,2025-03-17,2,1,0
1807,2024-12-06,20,7,0
1807,2024-12-13,17,4,0
1807,2024-12-20,8,3,0
1807,2024-12-27,9,4,0
1807,2025-01-03,24,7,0
1807,2025-01-10,23,5,0
1807,2025-01-17,19,9,0
1807,2025-01-24,16,7,0
1807,2025-01-31,6,5,0
1807,2025-02-07,13,7,0
1807,2025-02-14,1,1,0
1807,2025-02-21,0,1,0
1807,2025-02-28,2,2,1
1807,2025-03-07,2,2,2
1808,2024-11-04,17,4,0
1808,2024-11-11,19,6,0
1808,2024-11-18,23,8,0
1808,2024-11-25,14,7,0
1808,2024-12-02,14,8,0
1808,2024-12-09,23,5,0
1808,2024-12-16,19,5,0
1808,2024-12-23,8,3,0
1808,2024-12-30,17,9,0
1810,2024-12-17,10,3,0
1810,2024-12-24,22,9,1
1810,2024-12-31,20,3,0
1810,2025-01-07,17,5,0
1810,2025-01-14,13,9,1
1810,2025-01-21,18,9,0
1810,2025-01-28,8,6,0
1810,2025-02-04,15,7,0
1810,2025-02-11,11,6,0
1810,2025-02-18,10,8,0
1810,2025-02-25,1,1,0
1810,2025-03-04,1,2,0
1810,2025-03-11,1,1,1
1810,2025-03-18,1,1,1
1812,2024-10-20,16,5,1
1812,2024-10-27,11,4,0
1812,2024-11-03,16,8,0
1812,2024-11-10,13,4,0
1812,2024-11-17,21,9,0
1812,2024-11-24,17,4,0
1812,2024-12-01,20,4,0
1812,2024-12-08,24,7,1
1812,2024-12-15,23,4,0
1812,2024-12-22,23,4,0
1812,2024-12-29,20,4,1
1813,2024-12-01,7,3,0
1813,2024-12-08,17,7,0
1813,2024-12-15,11,4,0
1813,2024-12-22,22,4,0
1813,2024-12-29,7,6,0
1814,2024-09-16,6,3,0
1814,2024-09-23,23,5,0
1814,2024-09-30,8,8,0
1814,2024-10-07,22,4,1
1814,2024-10-14,21,7,0
1814,2024-10-21,7,5,0
1814,2024-10-28,7,5,0
1814,2024-11-04,17,9,0
1814,2024-11-11,10,5,0
1814,2024-11-18,15,8,0
1814,2024-11-25,22,5,0
1814,2024-12-02,13,9,0
1814,2024-12-09,24,9,0
1814,2024-12-16,19,4,1
1814,2024-12-23,9,9,0
1814,2024-12-30,18,9,0
1815,2024-02-20,21,6,0
1815,2024-02-27,14,6,0
1815,2024-03-05,8,7,0
1815,2024-03-12,19,8,0
1815,2024-03-19,23,8,0
1815,2024-03-26,17,4,0
1815,2024-04-02,8,6,0
1815,2024-04-09,11,6,0
1815,2024-04-16,11,7,0
1815,2024-04-23,14,3,0
1815,2024-04-30,14,3,0
1815,2024-05-07,18,5,0
1815,2024-05-14,6,5,1
1815,2024-05-21,18,9,0
1815,2024-05-28,12,5,1
1815,2024-06-04,8,5,0
1815,2024-06-11,15,6,0
1815,2024-06-18,13,4,0
1815,2024-06-25,7,5,0
1815,2024-07-02,18,5,0
1815,2024-07-09,8,8,0
1815,2024-07-16,15,6,0
1815,2024-07-23,14,3,0
1815,2024-07-30,17,8,0
1815,2024-08-06,5,6,0
1815,2024-08-13,5,8,0
1815,2024-08-20,14,7,0
1815,2024-08-27,9,8,0
1815,2024-09-03,7,8,0
1815,2024-09-10,22,9,0
1815,2024-09-17,6,7,0
1815,2024-09-24,20,9,0
1815,2024-10-01,8,7,0
1815,2024-10-08,14,7,0
1815,2024-10-15,19,3,0
1815,2024-10-22,18,4,0
1815,2024-10-29,16,6,0
1815,2024-11-05,17,3,0
1815,2024-11-12,11,4,0
1815,2024-11-19,24,3,0
1815,2024-11-26,13,6,0
1815,2024-12-03,20,5,0
1815,2024-12-10,23,4,1
1815,2024-12-17,19,4,0
1815,2024-12-24,8,8,0
1815,2024-12-31,16,8,0
1816,2024-03-27,23,8,0
1816,2024-04-03,14,8,0
1816,2024-04-10,11,9,0
1816,2024-04-17,15,4,0
1816,2024-04-24,16,9,0
1816,2024-05-01,21,3,0
1816,2024-05-08,19,5,0
1816,2024-05-15,14,9,0
1816,2024-05-22,18,9,0
1816,2024-05-29,13,6,0
1816,2024-06-05,11,5,0
1816,2024-06-12,13,8,0
1816,2024-06-19,18,5,1
1816,2024-06-26,15,6,0
1816,2024-07-03,8,8,1
1816,2024-07-10,21,9,0
1816,2024-07-17,15,7,1
1816,2024-07-24,7,7,0
1816,2024-07-31,13,3,0
1816,2024-08-07,12,4,0
1816,2024-08-14,5,9,0
1816,2024-08-21,21,9,0
1816,2024-08-28,13,4,0
1816,2024-09-04,21,5,1
1816,2024-09-11,10,5,0
1816,2024-09-18,21,8,0
1816,2024-09-25,6,6,0
1816,2024-10-02,10,3,0
1816,2024-10-09,12,8,0
1816,2024-10-16,23,7,0
1816,2024-10-23,24,6,0
1816,2024-10-30,22,5,0
1816,2024-11-06,23,3,0
1816,2024-11-13,17,3,0
1816,2024-11-20,7,7,1
1816,2024-11-27,6,5,0
1816,2024-12-04,16,3,0
1816,2024-12-11,23,9,0
1816,2024-12-18,14,8,0
1816,2024-12-25,18,6,0
1816,2025-01-01,12,3,0
1817,2024-04-21,17,3,0
1817,2024-04-28,0,1,0
1817,2024-05-05,1,1,1
1817,2024-05-12,2,2,0
1817,2024-05-19,0,1,0
1817,2024-05-26,0,2,1
1819,2024-09-24,12,9,0
1819,2024-10-01,13,9,0
1819,2024-10-08,24,5,0
1819,2024-10-15,13,4,0
1819,2024-10-22,7,8,0
1819,2024-10-29,14,5,0
1819,2024-11-05,9,5,0
1819,2024-11-12,5,5,0
1819,2024-11-19,14,7,0
1819,2024-11-26,16,9,0
1819,2024-12-03,13,3,0
1819,2024-12-10,6,3,0
1819,2024-12-17,8,8,0
1819,2024-12-24,22,5,1
1819,2024-12-31,22,7,0
1820,2024-02-14,23,8,0
1820,2024-02-21,8,4,0
1820,2024-02-28,21,6,0
1820,2024-03-06,12,6,0
1820,2024-03-13,11,7,0
1820,2024-03-20,21,9,0
1820,2024-03-27,9,3,0
1820,2024-04-03,16,7,0
1820,2024-04-10,21,3,0
1820,2024-04-17,24,7,0
1820,2024-04-24,8,9,1
1820,2024-05-01,22,6,0
1820,2024-05-08,15,7,0
1820,2024-05-15,22,7,0
1820,2024-05-22,21,4,0
1820,2024-05-29,19,3,0
1820,2024-06-05,11,3,0
1820,2024-06-12,20,6,0
1820,2024-06-19,8,9,0
1820,2024-06-26,13,8,0
1820,2024-07-03,19,7,0
1820,2024-07-10,7,8,0
1820,2024-07-17,8,8,0
1820,2024-07-24,23,5,0
1820,2024-07-31,8,5,0
1820,2024-08-07,14,8,0
1820,2024-08-14,20,4,0
1820,2024-08-21,11,5,0
1820,2024-08-28,22,7,0
1820,2024-09-04,18,3,0
1820,2024-09-11,24,8,0
1820,2024-09-18,16,5,0
1820,2024-09-25,11,9,0
1820,2024-10-02,8,8,0
1820,2024-10-09,6,9,0
1820,2024-10-16,19,9,0
1820,2024-10-23,16,8,0
1820,2024-10-30,19,5,0
1820,2024-11-06,15,3,0
1820,2024-11-13,5,6,0
1820,2024-11-20,19,7,0
1820,2024-11-27,14,6,0
1820,2024-12-04,17,8,0
1820,2024-12-11,10,3,0
1820,2024-12-18,22,3,0
1820,2024-12-25,22,3,0
1820,2025-01-01,16,3,0
1821,2024-08-31,5,5,0
1821,2024-09-07,11,7,0
1821,2024-09-14,17,8,0
1821,2024-09-21,15,4,0
1821,2024-09-28,18,6,0
1821,2024-10-05,14,8,0
1821,2024-10-12,20,3,0
1821,2024-10-19,8,3,0
1821,2024-10-26,17,9,0
1821,2024-11-02,10,8,0
1821,2024-11-09,8,3,1
1821,2024-11-16,17,4,0
1821,2024-11-23,8,5,0
1821,2024-11-30,11,7,1
1821,2024-12-07,12,6,0
1821,2024-12-14,20,8,0
1821,2024-12-21,8,3,1
1821,2024-12-28,8,3,0
1822,2025-02-05,21,7,0
1822,2025-02-12,7,6,0
1822,2025-02-19,11,9,0
1822,2025-02-26,0,1,2
1822,2025-03-05,1,1,1
1822,2025-03-12,0,2,1
1822,2025-03-19,0,2,0
1824,2025-05-16,7,6,0
1824,2025-05-23,0,2,1
1824,2025-05-30,1,1,0
1824,2025-06-06,2,2,0
1824,2025-06-13,2,2,1
1827,2024-08-11,10,4,0
1827,2024-08-18,18,7,0
1827,2024-08-25,15,5,1
1827,2024-09-01,11,9,1
1827,2024-09-08,6,5,0
1827,2024-09-15,24,9,0
1827,2024-09-22,17,8,0
1827,2024-09-29,22,7,1
1827,2024-10-06,14,9,0
1827,2024-10-13,11,9,0
1827,2024-10-20,5,9,0
1827,2024-10-27,14,4,0
1827,2024-11-03,8,5,0
1827,2024-11-10,5,7,1
1827,2024-11-17,10,5,0
1827,2024-11-24,15,7,0
1827,2024-12-01,9,5,0
1827,2024-12-08,7,7,0
1827,2024-12-15,17,9,0
1827,2024-12-22,10,4,0
1827,2024-12-29,17,3,0
1829,2024-06-12,13,5,0
1829,2024-06-19,15,3,0
1829,2024-06-26,19,7,0
1829,2024-07-03,8,9,0
1829,2024-07-10,5,6,0
1829,2024-07-17,19,3,0
1829,2024-07-24,20,3,0
1829,2024-07-31,10,9,0
1829,2024-08-07,7,5,0
1829,2024-08-14,17,9,0
1829,2024-08-21,18,4,1
1829,2024-08-28,13,7,0
1829,2024-09-04,20,7,0
1829,2024-09-11,20,8,0
1829,2024-09-18,6,4,0
1829,2024-09-25,11,3,0
1829,2024-10-02,19,5,0
1829,2024-10-09,21,5,0
1829,2024-10-16,6,6,0
1829,2024-10-23,21,6,0
1829,2024-10-30,17,7,0
1829,2024-11-06,9,6,0
1829,2024-11-13,15,9,0
1829,2024-11-20,7,7,0
1829,2024-11-27,10,9,0
1829,2024-12-04,19,6,0
1829,2024-12-11,23,3,0
1829,2024-12-18,20,3,0
1829,2024-12-25,13,8,0
1829,2025-01-01,15,4,0
1830,2024-11-01,9,9,0
1830,2024-11-08,15,5,0
1830,2024-11-15,7,4,0
1830,2024-11-22,22,9,0
1830,2024-11-29,17,8,0
1830,2024-12-06,14,7,0
1830,2024-12-13,8,4,0
1830,2024-12-20,17,8,0
1830,2024-12-27,22,4,0
1831,2024-01-13,21,5,0
1831,2024-01-20,21,3,0
1831,2024-01-27,15,7,0
1831,2024-02-03,12,8,0
1831,2024-02-10,20,9,0
1831,2024-02-17,11,8,0
1831,2024-02-24,17,3,0
1831,2024-03-02,15,3,0
1831,2024-03-09,14,8,0
1831,2024-03-16,18,4,0
1831,2024-03-23,12,8,0
1831,2024-03-30,12,6,0
1831,2024-04-06,7,7,0
1831,2024-04-13,18,5,1
1831,2024-04-20,13,8,0
1831,2024-04-27,22,4,0
1831,2024-05-04,18,6,0
1831,2024-05-11,14,3,0
1831,2024-05-18,14,8,1
1831,2024-05-25,24,6,0
1831,2024-06-01,8,4,0
1831,2024-06-08,6,8,0
1831,2024-06-15,14,3,1
1831,2024-06-22,13,6,0
1831,2024-06-29,6,4,0
1831,2024-07-06,19,4,0
1831,2024-07-13,15,9,1
1831,2024-07-20,19,9,0
1831,2024-07-27,14,6,0
1831,2024-08-03,6,7,0
1831,2024-08-10,14,3,0
1831,2024-08-17,6,7,0
1831,2024-08-24,10,3,0
1831,2024-08-31,23,3,0
1831,2024-09-07,7,3,0
1831,2024-09-14,7,3,0
1831,2024-09-21,16,6,0
1831,2024-09-28,12,9,0
1831,2024-10-05,15,4,0
1831,2024-10-12,9,9,0
1831,2024-10-19,11,4,0
1831,2024-10-26,18,5,0
1831,2024-11-02,10,8,1
1831,2024-11-09,9,8,0
1831,2024-11-16,16,9,0
1831,2024-11-23,22,3,0
1831,2024-11-30,7,7,0
1831,2024-12-07,9,8,0
1831,2024-12-14,20,6,0
1831,2024-12-21,8,7,0
1831,2024-12-28,22,6,0
1833,2024-07-25,5,8,0
1833,2024-08-01,7,3,0
1833,2024-08-08,6,5,1
1833,2024-08-15,7,3,0
1833,2024-08-22,13,7,0
1833,2024-08-29,21,8,0
1833,2024-09-05,7,3,0
1833,2024-09-12,10,5,0
1833,2024-09-19,8,8,0
1833,2024-09-26,16,6,0
1833,2024-10-03,7,8,0
1833,2024-10-10,21,8,0
1833,2024-10-17,22,6,0
1833,2024-10-24,21,5,1
1833,2024-10-31,14,4,0
1833,2024-11-07,15,3,0
1833,2024-11-14,7,6,0
1833,2024-11-21,20,8,0
1833,2024-11-28,12,6,0
1833,2024-12-05,17,6,0
1833,2024-12-12,21,6,0
1833,2024-12-19,10,7,0
1833,2024-12-26,19,4,0
1834,2025-03-04,22,4,0
1834,2025-03-11,12,9,0
1834,2025-03-18,13,5,0
1834,2025-03-25,12,7,1
1834,2025-04-01,9,5,1
1834,2025-04-08,17,4,0
1834,2025-04-15,15,9,0
1834,2025-04-22,21,9,0
1834,2025-04-29,16,6,0
1834,2025-05-06,2,2,1
1834,2025-05-13,2,1,0
1834,2025-05-20,2,1,0
1834,2025-05-27,2,1,0
1835,2024-04-06,21,9,0
1835,2024-04-13,7,6,0
1835,2024-04-20,5,7,0
1835,2024-04-27,11,7,0
1835,2024-05-04,5,6,0
1835,2024-05-11,7,4,0
1835,2024-05-18,18,3,0
1835,2024-05-25,17,5,0
1835,2024-06-01,13,6,0
1835,2024-06-08,12,6,1
1835,2024-06-15,17,9,0
1835,2024-06-22,5,4,0
1835,2024-06-29,21,6,0
1835,2024-07-06,20,9,0
1835,2024-07-13,12,3,0
1835,2024-07-20,8,9,0
1835,2024-07-27,5,5,0
1835,2024-08-03,6,4,0
1835,2024-08-10,13,9,0
1835,2024-08-17,6,4,0
1835,2024-08-24,18,9,0
1835,2024-08-31,7,8,0
1835,2024-09-07,20,3,1
1835,2024-09-14,19,8,0
1835,2024-09-21,11,3,0
1835,2024-09-28,14,7,0
1835,2024-10-05,5,8,0
1835,2024-10-12,23,7,0
1835,2024-10-19,7,7,0
1835,2024-10-26,12,6,0
1835,2024-11-02,21,3,0
1835,2024-11-09,6,3,0
1835,2024-11-16,5,5,0
1835,2024-11-23,9,9,0
1835,2024-11-30,16,6,1
1835,2024-12-07,7,8,0
1835,2024-12-14,10,3,0
1835,2024-12-21,23,6,0
1835,2024-12-28,23,3,0
1837,2025-01-01,20,7,0
1838,2024-10-31,13,9,0
1838,2024-11-07,14,5,0
1838,2024-11-14,16,6,0
1838,2024-11-21,22,9,0
1838,2024-11-28,8,4,0
1838,2024-12-05,6,3,0
1838,2024-12-12,7,5,0
1838,2024-12-19,7,3,0
1838,2024-12-26,15,5,0
1842,2024-06-17,16,9,0
1842,2024-06-24,20,8,0
1842,2024-07-01,17,4,0
1842,2024-07-08,14,6,0
1842,2024-07-15,7,3,1
1842,2024-07-22,23,6,0
1842,2024-07-29,18,8,0
1842,2024-08-05,23,7,1
1842,2024-08-12,13,8,1
1842,2024-08-19,9,7,0
1842,2024-08-26,19,5,1
1842,2024-09-02,5,8,0
1842,2024-09-09,18,3,0
1842,2024-09-16,13,6,0
1842,2024-09-23,22,3,0
1842,2024-09-30,5,3,0
1842,2024-10-07,10,8,0
1842,2024-10-14,9,5,0
1842,2024-10-21,14,3,0
1842,2024-10-28,8,3,0
1842,2024-11-04,21,3,0
1842,2024-11-11,10,3,1
1842,2024-11-18,13,3,0
1842,2024-11-25,15,9,0
1842,2024-12-02,21,5,0
1842,2024-12-09,12,6,0
1842,2024-12-16,17,4,0
1842,2024-12-23,8,7,0
1842,2024-12-30,6,3,0
1843,2024-02-27,9,7,0
1843,2024-03-05,17,5,0
1843,2024-03-12,19,8,0
1843,2024-03-19,20,7,0
1843,2024-03-26,24,5,0
1843,2024-04-02,8,8,0
1843,2024-04-09,7,8,0
1843,2024-04-16,10,3,0
1843,2024-04-23,11,7,0
1843,2024-04-30,14,5,0
1843,2024-05-07,10,8,0
1843,2024-05-14,10,6,0
1843,2024-05-21,18,4,0
1843,2024-05-28,23,4,0
1843,2024-06-04,14,8,0
1843,2024-06-11,15,7,0
1843,2024-06-18,22,9,0
1843,2024-06-25,7,9,0
1843,2024-07-02,8,5,0
1843,2024-07-09,22,5,0
1843,2024-07-16,18,6,0
1843,2024-07-23,16,4,0
1843,2024-07-30,9,5,0
1843,2024-08-06,14,9,0
1843,2024-08-13,19,9,0
1843,2024-08-20,9,4,0
1843,2024-08-27,24,4,0
1843,2024-09-03,5,6,0
1843,2024-09-10,11,9,0
1843,2024-09-17,16,9,0
1843,2024-09-24,11,5,0
1843,2024-10-01,17,3,0
1843,2024-10-08,19,9,0
1843,2024-10-15,19,7,0
1843,2024-10-22,23,7,0
1843,2024-10-29,20,4,1
1843,2024-11-05,21,4,0
1843,2024-11-12,24,7,0
1843,2024-11-19,14,6,0
1843,2024-11-26,10,6,0
1843,2024-12-03,12,4,0
1843,2024-12-10,18,8,1
1843,2024-12-17,10,7,0
1843,2024-12-24,20,4,0
1843,2024-12-31,7,8,0
1844,2024-02-10,7,9,0
1844,2024-02-17,19,7,0
1844,2024-02-24,6,9,0
1844,2024-03-02,10,4,0
1844,2024-03-09,7,6,1
1844,2024-03-16,17,8,0
1844,2024-03-23,24,7,0
1844,2024-03-30,8,9,0
1844,2024-04-06,20,4,0
1844,2024-04-13,10,4,0
1844,2024-04-20,22,5,0
1844,2024-04-27,6,8,1
1844,2024-05-04,10,3,0
1844,2024-05-11,12,6,0
1844,2024-05-18,11,6,0
1844,2024-05-25,22,4,0
1844,2024-06-01,8,5,0
1844,2024-06-08,17,4,0
1844,2024-06-15,20,6,0
1844,2024-06-22,13,9,0
1844,2024-06-29,24,9,0
1844,2024-07-06,23,3,0
1844,2024-07-13,9,4,0
1844,2024-07-20,10,8,0
1844,2024-07-27,20,8,0
1844,2024-08-03,7,4,0
1844,2024-08-10,8,8,0
1844,2024-08-17,7,3,0
1844,2024-08-24,7,8,0
1844,2024-08-31,13,9,0
1844,2024-09-07,9,7,0
1844,2024-09-14,7,3,0
1844,2024-09-21,7,9,0
1844,2024-09-28,10,6,0
1844,2024-10-05,19,8,0
1844,2024-10-12,9,6,0
1844,2024-10-19,10,5,0
1844,2024-10-26,14,9,1
1844,2024-11-02,5,3,0
1844,2024-11-09,18,8,0
1844,2024-11-16,19,3,0
1844,2024-11-23,8,4,0
1844,2024-11-30,20,8,0
1844,2024-12-07,17,7,0
1844,2024-12-14,24,9,0
1844,2024-12-21,17,7,0
1844,2024-12-28,10,7,1
1844,2025-01-04,17,5,0
1844,2025-01-11,8,5,0
1844,2025-01-18,20,7,0
1844,2025-01-25,19,4,0
1844,2025-02-01,21,8,0
1844,2025-02-08,17,4,0
1844,2025-02-15,2,1,1
1844,2025-02-22,1,1,0
1844,2025-03-01,1,1,2
1844,2025-03-08,0,1,0
1845,2024-01-08,10,6,1
1845,2024-01-15,18,3,0
1845,2024-01-22,13,5,0
1845,2024-01-29,8,6,0
1845,2024-02-05,9,8,0
1845,2024-02-12,17,4,0
1845,2024-02-19,24,7,0
1845,2024-02-26,7,5,0
1845,2024-03-04,19,7,0
1845,2024-03-11,11,9,0
1845,2024-03-18,7,9,0
1845,2024-03-25,5,3,0
1845,2024-04-01,7,7,0
1845,2024-04-08,7,8,0
1845,2024-04-15,17,4,0
1845,2024-04-22,6,4,0
1845,2024-04-29,19,5,0
1845,2024-05-06,23,5,0
1845,2024-05-13,7,6,0
1845,2024-05-20,12,3,0
1845,2024-05-27,10,3,0
1845,2024-06-03,5,7,0
1845,2024-06-10,9,8,0
1845,2024-06-17,17,6,0
1845,2024-06-24,21,8,0
1845,2024-07-01,11,3,0
1845,2024-07-08,6,4,0
1845,2024-07-15,9,3,0
1845,2024-07-22,6,5,1
1845,2024-07-29,23,3,0
1845,2024-08-05,8,3,0
1845,2024-08-12,10,9,0
1845,2024-08-19,17,6,0
1845,2024-08-26,16,5,0
1845,2024-09-02,6,4,0
1845,2024-09-09,24,9,0
1845,2024-09-16,14,4,0
1845,2024-09-23,22,9,0
1845,2024-09-30,18,7,0
1845,2024-10-07,15,9,0
1845,2024-10-14,11,7,0
1845,2024-10-21,23,9,0
1845,2024-10-28,10,5,0
1845,2024-11-04,8,5,0
1845,2024-11-11,18,9,0
1845,2024-11-18,18,8,0
1845,2024-11-25,9,9,0
1845,2024-12-02,21,7,0
1845,2024-12-09,14,6,0
1845,2024-12-16,9,4,0
1845,2024-12-23,19,6,0
1845,2024-12-30,24,5,0
1846,2024-09-26,13,6,0
1846,2024-10-03,16,7,0
1846,2024-10-10,22,6,0
1846,2024-10-17,11,7,0
1846,2024-10-24,14,7,0
1846,2024-10-31,19,6,0
1846,2024-11-07,23,7,0
1846,2024-11-14,14,9,0
1846,2024-11-21,14,8,0
1846,2024-11-28,11,5,1
1846,2024-12-05,6,8,0
1846,2024-12-12,24,5,0
1846,2024-12-19,7,8,1
1846,2024-12-26,6,3,0
1849,2024-11-15,8,7,0
1849,2024-11-22,12,9,0
1849,2024-11-29,14,8,0
1849,2024-12-06,15,3,0
1849,2024-12-13,18,9,0
1849,2024-12-20,13,9,0
1849,2024-12-27,7,6,1
1850,2024-01-09,11,7,0
1850,2024-01-16,7,8,0
1850,2024-01-23,14,3,0
1850,2024-01-30,5,3,0
1850,2024-02-06,6,4,0
1850,2024-02-13,14,9,0
1850,2024-02-20,19,9,0
1850,2024-02-27,15,4,0
1850,2024-03-05,11,6,0
1850,2024-03-12,23,4,1
1850,2024-03-19,5,4,0
1850,2024-03-26,12,8,0
1850,2024-04-02,18,4,0
1850,2024-04-09,7,7,0
1850,2024-04-16,15,4,0
1850,2024-04-23,18,4,0
1850,2024-04-30,6,6,0
1850,2024-05-07,19,8,0
1850,2024-05-14,22,5,0
1850,2024-05-21,16,4,0
1850,2024-05-28,12,4,0
1850,2024-06-04,19,5,0
1850,2024-06-11,12,3,1
1850,2024-06-18,20,7,1
1850,2024-06-25,24,6,0
1850,2024-07-02,8,6,0
1850,2024-07-09,17,7,0
1850,2024-07-16,11,9,0
1850,2024-07-23,16,3,0
1850,2024-07-30,20,4,0
1850,2024-08-06,13,6,0
1850,2024-08-13,9,5,0
1850,2024-08-20,21,8,0
1850,2024-08-27,19,5,0
1850,2024-09-03,16,6,0
1850,2024-09-10,7,5,0
1850,2024-09-17,19,9,0
1850,2024-09-24,5,6,0
1850,2024-10-01,12,6,1
1850,2024-10-08,19,7,0
1850,2024-10-15,7,9,0
1850,2024-10-22,21,8,0
1850,2024-10-29,8,5,0
1850,2024-11-05,12,8,0
1850,2024-11-12,19,6,0
1850,2024-11-19,13,9,0
1850,2024-11-26,9,7,0
1850,2024-12-03,12,7,0
1850,2024-12-10,12,9,0
1850,2024-12-17,10,7,0
1850,2024-12-24,7,7,0
1850,2024-12-31,12,9,0
1851,2024-01-11,17,4,0
1851,2024-01-18,15,6,0
1851,2024-01-25,20,9,0
1851,2024-02-01,5,9,0
1851,2024-02-08,20,8,1
1851,2024-02-15,12,7,0
1851,2024-02-22,6,8,0
1851,2024-02-29,6,8,0
1851,2024-03-07,10,8,0
1851,2024-03-14,7,6,0
1851,2024-03-21,17,6,0
1851,2024-03-28,22,5,1
1851,2024-04-04,22,9,0
1851,2024-04-11,7,4,0
1851,2024-04-18,15,5,0
1851,2024-04-25,13,8,1
1851,2024-05-02,9,9,0
1851,2024-05-09,20,6,1
1851,2024-05-16,6,3,0
1851,2024-05-23,17,3,0
1851,2024-05-30,24,5,0
1851,2024-06-06,17,5,0
1851,2024-06-13,16,5,0
1851,2024-06-20,13,3,1
1851,2024-06-27,7,8,0
1851,2024-07-04,8,6,0
1851,2024-07-11,17,6,0
1851,2024-07-18,23,8,0
1851,2024-07-25,18,8,0
1851,2024-08-01,7,7,0
1851,2024-08-08,20,4,0
1851,2024-08-15,12,5,0
1851,2024-08-22,10,7,0
1851,2024-08-29,10,6,0
1851,2024-09-05,11,3,0
1851,2024-09-12,18,7,0
1851,2024-09-19,9,3,0
1851,2024-09-26,7,3,0
1851,2024-10-03,8,9,0
1851,2024-10-10,21,8,0
1851,2024-10-17,21,3,0
1851,2024-10-24,22,3,0
1851,2024-10-31,16,6,0
1851,2024-11-07,18,7,0
1851,2024-11-14,20,8,0
1851,2024-11-21,12,7,0
1851,2024-11-28,11,6,0
1851,2024-12-05,15,9,1
1851,2024-12-12,10,6,0
1851,2024-12-19,14,5,0
1851,2024-12-26,21,6,0
1853,2024-05-14,13,6,0
1853,2024-05-21,22,3,0
1853,2024-05-28,24,7,0
1853,2024-06-04,10,5,0
1853,2024-06-11,12,3,0
1853,2024-06-18,17,5,0
1853,2024-06-25,11,3,0
1853,2024-07-02,23,6,0
1853,2024-07-09,6,5,0
1853,2024-07-16,15,8,0
1853,2024-07-23,5,5,0
1853,2024-07-30,22,7,0
1853,2024-08-06,24,3,0
1853,2024-08-13,15,4,0
1853,2024-08-20,17,4,0
1853,2024-08-27,16,6,0
1853,2024-09-03,15,8,0
1853,2024-09-10,20,7,0
1853,2024-09-17,8,3,0
1853,2024-09-24,21,3,0
1853,2024-10-01,6,3,1
1853,2024-10-08,5,6,0
1853,2024-10-15,14,6,0
1853,2024-10-22,22,9,0
1853,2024-10-29,19,9,0
1853,2024-11-05,9,3,0
1853,2024-11-12,12,5,0
1853,2024-11-19,12,9,1
1853,2024-11-26,13,4,0
1853,2024-12-03,15,9,1
1853,2024-12-10,23,6,0
1853,2024-12-17,14,8,0
1853,2024-12-24,20,4,0
1853,2024-12-31,9,6,0
1857,2024-12-30,6,6,0
1858,2024-03-28,18,3,0
1858,2024-04-04,8,4,0
1858,2024-04-11,10,8,1
1858,2024-04-18,16,5,0
1858,2024-04-25,5,4,0
1858,2024-05-02,18,7,0
1858,2024-05-09,19,7,0
1858,2024-05-16,9,5,1
1858,2024-05-23,24,6,0
1858,2024-05-30,11,3,0
1858,2024-06-06,19,3,0
1858,2024-06-13,24,4,0
1858,2024-06-20,18,6,1
1858,2024-06-27,12,7,0
1858,2024-07-04,6,5,0
1858,2024-07-11,7,6,0
1858,2024-07-18,11,5,0
1858,2024-07-25,17,9,0
1858,2024-08-01,21,3,0
1858,2024-08-08,11,6,0
1858,2024-08-15,16,5,0
1858,2024-08-22,12,8,0
1858,2024-08-29,22,9,0
1858,2024-09-05,20,8,0
1858,2024-09-12,15,5,0
1858,2024-09-19,14,6,0
1858,2024-09-26,24,5,0
1858,2024-10-03,8,5,1
1858,2024-10-10,19,7,0
1858,2024-10-17,22,9,0
1858,2024-10-24,9,3,0
1858,2024-10-31,21,3,0
1858,2024-11-07,20,9,0
1858,2024-11-14,22,5,1
1858,2024-11-21,21,6,0
1858,2024-11-28,8,7,1
1858,2024-12-05,11,8,1
1858,2024-12-12,6,7,0
1858,2024-12-19,9,3,0
1858,2024-12-26,6,8,0
1859,2024-03-22,9,5,0
1859,2024-03-29,20,5,0
1859,2024-04-05,23,3,0
1859,2024-04-12,15,7,0
1859,2024-04-19,12,4,0
1859,2024-04-26,15,3,1
1859,2024-05-03,10,5,0
1859,2024-05-10,10,4,0
1859,2024-05-17,9,6,1
1859,2024-05-24,11,3,0
1859,2024-05-31,15,8,0
1859,2024-06-07,15,5,0
1859,2024-06-14,6,4,0
1859,2024-06-21,14,4,0
1859,2024-06-28,24,3,0
1859,2024-07-05,6,8,0
1859,2024-07-12,11,9,0
1859,2024-07-19,7,7,0
1859,2024-07-26,14,4,0
1859,2024-08-02,21,5,1
1859,2024-08-09,23,8,0
1859,2024-08-16,18,8,0
1859,2024-08-23,6,8,0
1859,2024-08-30,16,4,0
1859,2024-09-06,9,4,0
1859,2024-09-13,21,5,0
1859,2024-09-20,21,6,1
1859,2024-09-27,24,6,0
1859,2024-10-04,13,5,0
1859,2024-10-11,17,7,0
1859,2024-10-18,6,4,0
1859,2024-10-25,15,7,1
1859,2024-11-01,9,6,0
1859,2024-11-08,14,7,0
1859,2024-11-15,5,6,0
1859,2024-11-22,8,9,0
1859,2024-11-29,10,8,0
1859,2024-12-06,9,8,0
1859,2024-12-13,8,5,0
1859,2024-12-20,19,6,0
1859,2024-12-27,16,7,0
1860,2024-11-01,11,5,0
1860,2024-11-08,5,6,0
1860,2024-11-15,6,5,0
1860,2024-11-22,5,7,0
1860,2024-11-29,12,5,0
1860,2024-12-06,6,7,0
1860,2024-12-13,5,3,0
1860,2024-12-20,15,4,0
1860,2024-12-27,15,6,0
1862,2024-10-12,22,9,0
1862,2024-10-19,20,4,0
1862,2024-10-26,9,6,0
1862,2024-11-02,23,4,1
1862,2024-11-09,15,7,0
1862,2024-11-16,9,4,0
1862,2024-11-23,24,8,0
1862,2024-11-30,20,3,0
1862,2024-12-07,17,3,0
1862,2024-12-14,5,9,0
1862,2024-12-21,14,5,0
1862,2024-12-28,20,5,0
1863,2024-05-22,14,7,0
1863,2024-05-29,11,4,0
1863,2024-06-05,15,3,0
1863,2024-06-12,12,4,0
1863,2024-06-19,9,4,0
1863,2024-06-26,22,9,0
1863,2024-07-03,9,6,0
1863,2024-07-10,22,6,1
1863,2024-07-17,14,9,0
1863,2024-07-24,5,4,0
1863,2024-07-31,19,9,0
1863,2024-08-07,12,3,1
1863,2024-08-14,21,4,0
1863,2024-08-21,21,6,0
1863,2024-08-28,13,4,0
1863,2024-09-04,9,4,1
1863,2024-09-11,21,9,0
1863,2024-09-18,19,7,0
1863,2024-09-25,13,5,0
1863,2024-10-02,22,4,0
1863,2024-10-09,8,7,0
1863,2024-10-16,23,5,1
1863,2024-10-23,23,8,0
1863,2024-10-30,23,4,0
1863,2024-11-06,16,7,0
1863,2024-11-13,15,6,0
1863,2024-11-20,21,5,0
1863,2024-11-27,19,9,0
1863,2024-12-04,10,9,0
1863,2024-12-11,16,5,0
1863,2024-12-18,13,3,0
1863,2024-12-25,14,8,0
1863,2025-01-01,9,7,0
1864,2024-08-04,7,9,0
1864,2024-08-11,19,8,0
1864,2024-08-18,23,9,0
1864,2024-08-25,8,7,0
1864,2024-09-01,14,4,0
1864,2024-09-08,13,4,0
1864,2024-09-15,6,6,0
1864,2024-09-22,18,7,0
1864,2024-09-29,11,4,0
1864,2024-10-06,20,5,0
1864,2024-10-13,6,8,0
1864,2024-10-20,16,5,1
1864,2024-10-27,13,7,0
1864,2024-11-03,6,6,0
1864,2024-11-10,13,5,0
1864,2024-11-17,9,4,0
1864,2024-11-24,15,8,0
1864,2024-12-01,11,4,0
1864,2024-12-08,20,4,0
1864,2024-12-15,7,7,0
1864,2024-12-22,6,3,0
1864,2024-12-29,12,3,0
1865,2024-04-08,24,6,0
1865,2024-04-15,9,9,1
1865,2024-04-22,19,7,0
1865,2024-04-29,8,5,0
1865,2024-05-06,20,4,1
1865,2024-05-13,24,5,0
1865,2024-05-20,17,9,1
1865,2024-05-27,17,8,0
1865,2024-06-03,20,4,0
1865,2024-06-10,24,3,1
1865,2024-06-17,11,6,0
1865,2024-06-24,14,4,0
1865,2024-07-01,14,8,0
1865,2024-07-08,6,8,0
1865,2024-07-15,8,8,0
1865,2024-07-22,9,8,0
1865,2024-07-29,20,5,0
1865,2024-08-05,14,7,0
1865,2024-08-12,21,5,0
1865,2024-08-19,20,3,0
1865,2024-08-26,6,3,0
1865,2024-09-02,23,3,0
1865,2024-09-09,6,3,1
1865,2024-09-16,8,7,0
1865,2024-09-23,16,7,0
1865,2024-09-30,10,3,0
1865,2024-10-07,17,7,0
1865,2024-10-14,18,5,0
1865,2024-10-21,14,7,0
1865,2024-10-28,19,9,0
1865,2024-11-04,15,3,0
1865,2024-11-11,8,8,0
1865,2024-11-18,24,4,1
1865,2024-11-25,18,3,0
1865,2024-12-02,24,5,1
1865,2024-12-09,11,7,0
1865,2024-12-16,21,5,0
1865,2024-12-23,8,3,0
1865,2024-12-30,8,9,0
1866,2024-07-30,14,8,0
1866,2024-08-06,10,7,0
1866,2024-08-13,12,4,1
1866,2024-08-20,23,7,0
1866,2024-08-27,10,5,0
1866,2024-09-03,8,5,0
1866,2024-09-10,19,8,0
1866,2024-09-17,16,6,0
1866,2024-09-24,16,8,0
1866,2024-10-01,15,5,0
1866,2024-10-08,19,9,0
1866,2024-10-15,16,8,1
1866,2024-10-22,7,7,0
1866,2024-10-29,16,7,0
1866,2024-11-05,11,6,0
1866,2024-11-12,12,9,0
1866,2024-11-19,19,9,0
1866,2024-11-26,15,9,0
1866,2024-12-03,14,4,0
1866,2024-12-10,20,3,1
1866,2024-12-17,10,8,0
1866,2024-12-24,17,8,0
1866,2024-12-31,18,7,0
1867,2024-05-04,9,9,0
1867,2024-05-11,17,8,0
1867,2024-05-18,10,4,0
1867,2024-05-25,22,9,0
1867,2024-06-01,7,8,0
1867,2024-06-08,13,4,0
1867,2024-06-15,5,6,0
1867,2024-06-22,9,6,0
1867,2024-06-29,9,6,0
1867,2024-07-06,19,4,0
1867,2024-07-13,17,5,0
1867,2024-07-20,24,8,1
1867,2024-07-27,23,8,0
1867,2024-08-03,21,3,0
1867,2024-08-10,6,3,0
1867,2024-08-17,18,8,0
1867,2024-08-24,22,4,0
1867,2024-08-31,14,4,0
1867,2024-09-07,21,5,0
1867,2024-09-14,10,3,0
1867,2024-09-21,11,3,0
1867,2024-09-28,20,3,0
1867,2024-10-05,10,8,0
1867,2024-10-12,7,9,1
1867,2024-10-19,12,3,1
1867,2024-10-26,19,8,0
1867,2024-11-02,11,4,0
1867,2024-11-09,8,7,0
1867,2024-11-16,10,8,0
1867,2024-11-23,18,8,0
1867,2024-11-30,18,5,0
1867,2024-12-07,15,9,0
1867,2024-12-14,18,5,0
1867,2024-12-21,16,9,0
1867,2024-12-28,6,7,0
1869,2024-05-21,21,3,0
1869,2024-05-28,14,8,0
1869,2024-06-04,24,3,0
1869,2024-06-11,5,7,0
1869,2024-06-18,5,3,0
1869,2024-06-25,15,6,0
1869,2024-07-02,6,4,0
1869,2024-07-09,19,3,0
1869,2024-07-16,20,8,0
1869,2024-07-23,14,6,0
1869,2024-07-30,24,6,0
1869,2024-08-06,18,6,0
1869,2024-08-13,13,9,0
1869,2024-08-20,24,3,0
1869,2024-08-27,24,7,0
1869,2024-09-03,21,7,1
1869,2024-09-10,7,3,0
1869,2024-09-17,12,6,0
1869,2024-09-24,24,4,1
1869,2024-10-01,11,3,0
1869,2024-10-08,7,6,0
1869,2024-10-15,21,7,1
1869,2024-10-22,12,4,0
1869,2024-10-29,8,9,1
1869,2024-11-05,11,4,0
1869,2024-11-12,12,9,0
1869,2024-11-19,17,6,0
1869,2024-11-26,16,4,0
1869,2024-12-03,11,9,0
1869,2024-12-10,16,6,0
1869,2024-12-17,9,4,0
1869,2024-12-24,11,8,0
1869,2024-12-31,17,8,0
1870,2024-07-23,6,8,0
1870,2024-07-30,24,4,0
1870,2024-08-06,24,8,0
1870,2024-08-13,9,8,0
1870,2024-08-20,17,9,1
1870,2024-08-27,20,9,0
1870,2024-09-03,16,6,0
1870,2024-09-10,9,6,0
1870,2024-09-17,6,3,0
1870,2024-09-24,18,4,0
1870,2024-10-01,20,3,0
1870,2024-10-08,13,3,0
1870,2024-10-15,14,6,0
1870,2024-10-22,22,4,0
1870,2024-10-29,5,4,0
1870,2024-11-05,10,3,0
1870,2024-11-12,21,5,0
1870,2024-11-19,10,5,0
1870,2024-11-26,15,5,0
1870,2024-12-03,17,9,0
1870,2024-12-10,7,6,0
1870,2024-12-17,5,3,0
1870,2024-12-24,11,5,0
1870,2024-12-31,20,7,0
1872,2024-09-23,23,5,1
1872,2024-09-30,9,9,0
1872,2024-10-07,17,8,0
1872,2024-10-14,19,9,0
1872,2024-10-21,9,9,0
1872,2024-10-28,11,3,0
1872,2024-11-04,10,3,1
1872,2024-11-11,24,8,0
1872,2024-11-18,21,7,1
1872,2024-11-25,23,8,0
1872,2024-12-02,17,6,0
1872,2024-12-09,13,7,1
1872,2024-12-16,18,6,0
1872,2024-12-23,12,3,0
1872,2024-12-30,11,8,0
1873,2024-02-24,23,8,0
1873,2024-03-02,7,3,0
1873,2024-03-09,9,3,0
1873,2024-03-16,18,3,1
1873,2024-03-23,7,5,0
1873,2024-03-30,9,8,0
1873,2024-04-06,21,3,0
1873,2024-04-13,19,8,1
1873,2024-04-20,19,5,0
1873,2024-04-27,19,6,0
1873,2024-05-04,15,8,0
1873,2024-05-11,14,9,0
1873,2024-05-18,16,7,1
1873,2024-05-25,17,7,0
1873,2024-06-01,17,8,0
1873,2024-06-08,24,9,0
1873,2024-06-15,19,8,0
1873,2024-06-22,16,5,0
1873,2024-06-29,22,3,0
1873,2024-07-06,23,5,0
1873,2024-07-13,9,6,1
1873,2024-07-20,5,7,0
1873,2024-07-27,15,4,0
1873,2024-08-03,20,4,0
1873,2024-08-10,5,4,0
1873,2024-08-17,14,3,0
1873,2024-08-24,24,5,0
1873,2024-08-31,22,5,0
1873,2024-09-07,5,8,0
1873,2024-09-14,7,3,1
1873,2024-09-21,15,6,0
1873,2024-09-28,10,5,0
1873,2024-10-05,6,4,0
1873,2024-10-12,19,5,1
1873,2024-10-19,17,8,0
1873,2024-10-26,17,9,0
1873,2024-11-02,14,5,0
1873,2024-11-09,19,6,0
1873,2024-11-16,14,4,0
1873,2024-11-23,21,4,0
1873,2024-11-30,8,9,0
1873,2024-12-07,23,6,0
1873,2024-12-14,7,9,0
1873,2024-12-21,18,3,0
1873,2024-12-28,7,9,0
1875,2024-02-05,5,8,1
1875,2024-02-12,18,4,0
1875,2024-02-19,14,6,0
1875,2024-02-26,7,9,0
1875,2024-03-04,19,8,0
1875,2024-03-11,6,4,1
1875,2024-03-18,10,4,0
1875,2024-03-25,17,4,1
1875,2024-04-01,18,8,0
1875,2024-04-08,19,6,0
1875,2024-04-15,11,9,1
1875,2024-04-22,6,3,0
1875,2024-04-29,7,8,0
1875,2024-05-06,23,9,0
1875,2024-05-13,20,8,0
1875,2024-05-20,7,4,0
1875,2024-05-27,7,7,0
1875,2024-06-03,14,5,0
1875,2024-06-10,12,9,0
1875,2024-06-17,22,4,0
1875,2024-06-24,12,4,0
1875,2024-07-01,7,6,0
1875,2024-07-08,21,8,1
1875,2024-07-15,10,3,0
1875,2024-07-22,22,3,0
1875,2024-07-29,17,6,0
1875,2024-08-05,10,9,0
1875,2024-08-12,21,7,0
1875,2024-08-19,7,4,1
1875,2024-08-26,21,4,0
1875,2024-09-02,13,3,0
1875,2024-09-09,10,7,0
1875,2024-09-16,22,6,0
1875,2024-09-23,8,7,1
1875,2024-09-30,22,4,0
1875,2024-10-07,14,8,0
1875,2024-10-14,6,6,0
1875,2024-10-21,24,7,0
1875,2024-10-28,11,3,0
1875,2024-11-04,12,4,0
1875,2024-11-11,14,9,0
1875,2024-11-18,8,3,0
1875,2024-11-25,16,9,0
1875,2024-12-02,5,7,0
1875,2024-12-09,16,9,0
1875,2024-12-16,19,4,0
1875,2024-12-23,12,8,0
1875,2024-12-30,22,9,0
1876,2024-12-05,10,6,0
1876,2024-12-12,20,3,0
1876,2024-12-19,16,8,0
1876,2024-12-26,24,7,0
1876,2025-01-02,10,8,0
1876,2025-01-09,7,6,0
1876,2025-01-16,22,9,0
1876,2025-01-23,16,4,0
1876,2025-01-30,15,3,0
1876,2025-02-06,18,6,0
1876,2025-02-13,15,3,0
1876,2025-02-20,5,9,0
1876,2025-02-27,9,7,0
1876,2025-03-06,12,5,1
1876,2025-03-13,13,4,1
1876,2025-03-20,20,5,0
1876,2025-03-27,12,4,0
1876,2025-04-03,16,7,0
1876,2025-04-10,23,5,0
1876,2025-04-17,2,2,0
1876,2025-04-24,1,1,0
1876,2025-05-01,1,2,0
1876,2025-05-08,1,1,0
1878,2024-11-26,6,4,0
1878,2024-12-03,13,5,0
1878,2024-12-10,20,7,0
1878,2024-12-17,8,7,0
1878,2024-12-24,17,3,0
1878,2024-12-31,23,9,0
1879,2024-11-13,17,9,0
1879,2024-11-20,15,4,0
1879,2024-11-27,9,3,0
1879,2024-12-04,7,5,0
1879,2024-12-11,23,9,0
1879,2024-12-18,7,4,0
1879,2024-12-25,13,5,0
1879,2025-01-01,18,6,0
1881,2024-11-19,22,6,0
1881,2024-11-26,16,3,0
1881,2024-12-03,6,7,0
1881,2024-12-10,19,6,0
1881,2024-12-17,19,4,0
1881,2024-12-24,17,3,0
1881,2024-12-31,9,3,0
1882,2024-08-10,20,9,0
1882,2024-08-17,19,6,0
1882,2024-08-24,15,7,1
1882,2024-08-31,17,7,0
1882,2024-09-07,14,6,0
1882,2024-09-14,21,3,0
1882,2024-09-21,6,4,0
1882,2024-09-28,17,5,0
1882,2024-10-05,8,6,0
1882,2024-10-12,12,9,1
1882,2024-10-19,13,5,0
1882,2024-10-26,16,4,0
1882,2024-11-02,10,8,0
1882,2024-11-09,7,4,1
1882,2024-11-16,11,7,0
1882,2024-11-23,16,3,0
1882,2024-11-30,11,7,0
1882,2024-12-07,17,9,0
1882,2024-12-14,21,5,1
1882,2024-12-21,11,9,0
1882,2024-12-28,8,4,0
1883,2025-02-16,12,7,1
1883,2025-02-23,22,9,0
1883,2025-03-02,13,7,0
1883,2025-03-09,0,2,1
1883,2025-03-16,2,1,0
1883,2025-03-23,0,1,0
1883,2025-03-30,1,1,0
1883,2025-04-06,0,1,1
1884,2024-12-20,7,9,0
1884,2024-12-27,13,6,0
1885,2024-06-26,23,4,0
1885,2024-07-03,16,8,0
1885,2024-07-10,20,7,0
1885,2024-07-17,8,8,0
1885,2024-07-24,17,3,0
1885,2024-07-31,19,7,0
1885,2024-08-07,14,8,1
1885,2024-08-14,13,4,0
1885,2024-08-21,5,8,0
1885,2024-08-28,15,7,0
1885,2024-09-04,18,3,0
1885,2024-09-11,11,4,0
1885,2024-09-18,9,7,0
1885,2024-09-25,19,3,0
1885,2024-10-02,22,3,0
1885,2024-10-09,12,5,0
1885,2024-10-16,10,8,0
1885,2024-10-23,14,4,0
1885,2024-10-30,7,4,1
1885,2024-11-06,13,4,0
1885,2024-11-13,10,5,0
1885,2024-11-20,24,7,0
1885,2024-11-27,15,7,0
1885,2024-12-04,24,7,0
1885,2024-12-11,22,6,0
1885,2024-12-18,11,6,0
1885,2024-12-25,16,3,0
1885,2025-01-01,10,4,0
1887,2024-06-20,23,6,0
1887,2024-06-27,15,7,0
1887,2024-07-04,16,8,0
1887,2024-07-11,9,8,0
1887,2024-07-18,13,4,0
1887,2024-07-25,16,6,0
1887,2024-08-01,6,8,0
1887,2024-08-08,19,8,0
1887,2024-08-15,15,9,0
1887,2024-08-22,6,4,0
1887,2024-08-29,10,4,0
1887,2024-09-05,15,8,1
1887,2024-09-12,18,5,0
1887,2024-09-19,10,6,0
1887,2024-09-26,18,7,0
1887,2024-10-03,6,9,0
1887,2024-10-10,12,8,0
1887,2024-10-17,15,8,0
1887,2024-10-24,21,5,0
1887,2024-10-31,12,3,0
1887,2024-11-07,7,4,0
1887,2024-11-14,6,5,1
1887,2024-11-21,16,7,0
1887,2024-11-28,15,6,0
1887,2024-12-05,5,8,0
1887,2024-12-12,15,4,0
1887,2024-12-19,15,9,1
1887,2024-12-26,23,6,1
1888,2025-01-01,15,4,0
1889,2024-01-15,19,8,0
1889,2024-01-22,8,5,0
1889,2024-01-29,12,5,0
1889,2024-02-05,17,8,1
1889,2024-02-12,12,4,0
1889,2024-02-19,11,9,0
1889,2024-02-26,8,7,0
1889,2024-03-04,23,8,1
1889,2024-03-11,14,8,0
1889,2024-03-18,24,3,0
1889,2024-03-25,11,7,0
1889,2024-04-01,15,3,0
1889,2024-04-08,8,4,0
1889,2024-04-15,5,4,0
1889,2024-04-22,8,9,0
1889,2024-04-29,11,4,0
1889,2024-05-06,23,6,0
1889,2024-05-13,21,4,0
1889,2024-05-20,6,6,0
1889,2024-05-27,22,5,0
1889,2024-06-03,19,9,0
1889,2024-06-10,5,4,0
1889,2024-06-17,10,8,0
1889,2024-06-24,18,3,0
1889,2024-07-01,6,8,0
1889,2024-07-08,17,5,0
1889,2024-07-15,8,3,0
1889,2024-07-22,23,8,0
1889,2024-07-29,19,5,1
1889,2024-08-05,24,6,0
1889,2024-08-12,22,5,1
1889,2024-08-19,5,9,0
1889,2024-08-26,17,3,0
1889,2024-09-02,20,8,0
1889,2024-09-09,24,9,0
1889,2024-09-16,19,3,0
1889,2024-09-23,21,7,0
1889,2024-09-30,2,1,1
1889,2024-10-07,1,2,1
1889,2024-10-14,0,2,2
1889,2024-10-21,0,1,0
1889,2024-10-28,0,1,1
1890,2024-11-24,13,6,1
1890,2024-12-01,14,5,1
1890,2024-12-08,24,8,0
1890,2024-12-15,22,7,1
1890,2024-12-22,9,5,0
1890,2024-12-29,22,8,0
1893,2024-07-25,23,4,0
1893,2024-08-01,14,8,0
1893,2024-08-08,8,9,0
1893,2024-08-15,21,6,0
1893,2024-08-22,21,7,0
1893,2024-08-29,19,5,0
1893,2024-09-05,19,4,0
1893,2024-09-12,12,3,0
1893,2024-09-19,12,9,0
1893,2024-09-26,21,8,0
1893,2024-10-03,5,6,0
1893,2024-10-10,9,8,0
1893,2024-10-17,18,8,0
1893,2024-10-24,8,6,0
1893,2024-10-31,6,4,0
1893,2024-11-07,11,7,0
1893,2024-11-14,19,4,0
1893,2024-11-21,12,8,0
1893,2024-11-28,9,7,0
1893,2024-12-05,9,5,0
1893,2024-12-12,16,9,0
1893,2024-12-19,16,7,0
1893,2024-12-26,14,6,0
1894,2024-09-13,18,7,0
1894,2024-09-20,23,6,1
1894,2024-09-27,6,3,0
1894,2024-10-04,21,4,0
1894,2024-10-11,23,6,0
1894,2024-10-18,23,5,0
1894,2024-10-25,18,7,1
1894,2024-11-01,24,5,0
1894,2024-11-08,12,8,0
1894,2024-11-15,10,8,0
1894,2024-11-22,16,6,0
1894,2024-11-29,17,4,0
1894,2024-12-06,22,8,0
1894,2024-12-13,9,5,0
1894,2024-12-20,13,3,0
1894,2024-12-27,13,5,0
1895,2024-10-24,5,9,0
1895,2024-10-31,6,5,0
1895,2024-11-07,22,5,0
1895,2024-11-14,18,5,0
1895,2024-11-21,18,7,0
1895,2024-11-28,23,5,0
1895,2024-12-05,17,9,0
1895,2024-12-12,18,3,0
1895,2024-12-19,12,9,0
1895,2024-12-26,20,5,0
1896,2025-03-01,5,5,0
1896,2025-03-08,20,8,0
1896,2025-03-15,12,4,0
1896,2025-03-22,19,3,0
1896,2025-03-29,11,3,0
1896,2025-04-05,6,5,1
1896,2025-04-12,22,5,0
1896,2025-04-19,5,8,0
1896,2025-04-26,9,5,0
1896,2025-05-03,11,6,0
1896,2025-05-10,2,2,0
1896,2025-05-17,1,2,0
1896,2025-05-24,0,2,0
1896,2025-05-31,2,2,0
1896,2025-06-07,0,1,0
1897,2024-08-14,11,6,0
1897,2024-08-21,20,9,0
1897,2024-08-28,6,4,0
1897,2024-09-04,6,7,0
1897,2024-09-11,14,8,0
1897,2024-09-18,18,3,0
1897,2024-09-25,12,7,0
1897,2024-10-02,16,4,0
1897,2024-10-09,11,3,0
1897,2024-10-16,14,6,1
1897,2024-10-23,20,9,0
1897,2024-10-30,6,6,1
1897,2024-11-06,17,5,0
1897,2024-11-13,12,8,0
1897,2024-11-20,5,3,0
1897,2024-11-27,18,7,0
1897,2024-12-04,10,7,0
1897,2024-12-11,13,6,0
1897,2024-12-18,17,4,0
1897,2024-12-25,19,4,0
1897,2025-01-01,6,6,0
1899,2024-01-29,6,6,0
1899,2024-02-05,15,3,0
1899,2024-02-12,9,6,0
1899,2024-02-19,15,3,0
1899,2024-02-26,22,8,0
1899,2024-03-04,20,7,0
1899,2024-03-11,18,7,0
1899,2024-03-18,12,4,1
1899,2024-03-25,14,4,0
1899,2024-04-01,24,8,0
1899,2024-04-08,17,4,0
1899,2024-04-15,11,7,0
1899,2024-04-22,10,5,0
1899,2024-04-29,16,4,0
1899,2024-05-06,24,5,0
1899,2024-05-13,12,8,0
1899,2024-05-20,19,4,0
1899,2024-05-27,19,5,0
1899,2024-06-03,6,7,0
1899,2024-06-10,13,3,1
1899,2024-06-17,18,8,1
1899,2024-06-24,20,4,0
1899,2024-07-01,13,4,0
1899,2024-07-08,7,6,0
1899,2024-07-15,20,4,0
1899,2024-07-22,8,5,0
1899,2024-07-29,8,3,0
1899,2024-08-05,7,5,1
1899,2024-08-12,15,4,1
1899,2024-08-19,8,9,1
1899,2024-08-26,14,7,0
1899,2024-09-02,21,3,0
1899,2024-09-09,21,3,0
1899,2024-09-16,15,8,0
1899,2024-09-23,6,8,0
1899,2024-09-30,22,6,0
1899,2024-10-07,17,5,0
1899,2024-10-14,19,7,1
1899,2024-10-21,6,7,0
1899,2024-10-28,5,6,1
1899,2024-11-04,19,5,0
1899,2024-11-11,16,5,0
1899,2024-11-18,17,6,0
1899,2024-11-25,15,4,0
1899,2024-12-02,17,3,1
1899,2024-12-09,5,9,0
1899,2024-12-16,14,4,0
1899,2024-12-23,8,6,0
1899,2024-12-30,0,1,0
1899,2025-01-06,2,1,0
1899,2025-01-13,2,1,0
1899,2025-01-20,2,2,1
1900,2025-03-13,6,9,0
1900,2025-03-20,6,4,1
1900,2025-03-27,11,5,0
1900,2025-04-03,24,3,0
1900,2025-04-10,0,2,0
1900,2025-04-17,0,2,0
1900,2025-04-24,1,2,0
1900,2025-05-01,2,1,0
1902,2024-07-20,6,5,0
1902,2024-07-27,16,3,0
1902,2024-08-03,17,9,0
1902,2024-08-10,7,3,0
1902,2024-08-17,15,5,0
1902,2024-08-24,21,6,0
1902,2024-08-31,8,7,0
1902,2024-09-07,9,7,0
1902,2024-09-14,9,5,0
1902,2024-09-21,14,9,0
1902,2024-09-28,20,4,0
1902,2024-10-05,19,4,0
1902,2024-10-12,6,3,0
1902,2024-10-19,11,5,0
1902,2024-10-26,8,7,0
1902,2024-11-02,15,5,1
1902,2024-11-09,7,4,0
1902,2024-11-16,7,5,0
1902,2024-11-23,8,3,0
1902,2024-11-30,16,4,0
1902,2024-12-07,24,6,0
1902,2024-12-14,23,4,0
1902,2024-12-21,21,5,0
1902,2024-12-28,16,9,0
1903,2024-07-22,19,6,1
1903,2024-07-29,13,5,0
1903,2024-08-05,20,8,0
1903,2024-08-12,18,4,0
1903,2024-08-19,13,3,0
1903,2024-08-26,14,7,0
1903,2024-09-02,17,4,0
1903,2024-09-09,11,3,0
1903,2024-09-16,7,7,0
1903,2024-09-23,12,7,0
1903,2024-09-30,10,4,0
1903,2024-10-07,24,3,0
1903,2024-10-14,24,5,0
1903,2024-10-21,5,3,0
1903,2024-10-28,13,3,0
1903,2024-11-04,9,6,0
1903,2024-11-11,19,7,0
1903,2024-11-18,11,8,0
1903,2024-11-25,24,8,0
1903,2024-12-02,14,9,0
1903,2024-12-09,13,7,0
1903,2024-12-16,5,5,0
1903,2024-12-23,21,6,0
1903,2024-12-30,24,9,0
1904,2024-07-30,10,9,0
1904,2024-08-06,22,7,0
1904,2024-08-13,7,7,0
1904,2024-08-20,23,6,0
1904,2024-08-27,16,9,0
1904,2024-09-03,8,7,0
1904,2024-09-10,22,8,0
1904,2024-09-17,9,4,0
1904,2024-09-24,17,7,0
1904,2024-10-01,15,6,0
1904,2024-10-08,19,7,1
1904,2024-10-15,16,6,0
1904,2024-10-22,13,3,0
1904,2024-10-29,12,9,0
1904,2024-11-05,15,5,0
1904,2024-11-12,21,3,1
1904,2024-11-19,23,4,0
1904,2024-11-26,24,6,0
1904,2024-12-03,13,3,0
1904,2024-12-10,21,6,0
1904,2024-12-17,6,5,0
1904,2024-12-24,20,7,1
1904,2024-12-31,22,4,1
1905,2024-11-06,13,4,0
1905,2024-11-13,7,7,0
1905,2024-11-20,12,8,0
1905,2024-11-27,6,3,0
1905,2024-12-04,12,6,0
1905,2024-12-11,9,7,1
1905,2024-12-18,24,9,0
1905,2024-12-25,11,8,0
1905,2025-01-01,10,5,0
1906,2024-09-06,18,5,0
1906,2024-09-13,13,7,0
1906,2024-09-20,11,9,0
1906,2024-09-27,8,6,1
1906,2024-10-04,24,3,0
1906,2024-10-11,24,7,0
1906,2024-10-18,10,6,0
1906,2024-10-25,12,3,0
1906,2024-11-01,22,3,0
1906,2024-11-08,16,8,0
1906,2024-11-15,22,4,1
1906,2024-11-22,19,3,0
1906,2024-11-29,9,5,0
1906,2024-12-06,17,5,0
1906,2024-12-13,22,5,0
1906,2024-12-20,16,5,1
1906,2024-12-27,17,8,0
1907,2024-11-26,22,7,0
1907,2024-12-03,5,9,0
1907,2024-12-10,9,3,0
1907,2024-12-17,18,7,0
1907,2024-12-24,7,7,0
1907,2024-12-31,22,3,1
1909,2024-10-07,21,3,0
1909,2024-10-14,22,7,0
1909,2024-10-21,19,3,0
1909,2024-10-28,14,3,0
1909,2024-11-04,12,8,0
1909,2024-11-11,14,5,0
1909,2024-11-18,7,8,0
1909,2024-11-25,17,5,1
1909,2024-12-02,17,6,0
1909,2024-12-09,24,6,0
1909,2024-12-16,16,7,0
1909,2024-12-23,22,6,0
1909,2024-12-30,15,5,0
1910,2024-03-16,21,6,0
1910,2024-03-23,5,3,0
1910,2024-03-30,22,3,0
1910,2024-04-06,16,7,0
1910,2024-04-13,11,9,0
1910,2024-04-20,7,7,0
1910,2024-04-27,15,5,0
1910,2024-05-04,6,3,0
1910,2024-05-11,18,5,0
1910,2024-05-18,20,4,0
1910,2024-05-25,6,4,0
1910,2024-06-01,7,8,0
1910,2024-06-08,12,5,0
1910,2024-06-15,5,8,0
1910,2024-06-22,6,7,0
1910,2024-06-29,11,3,0
1910,2024-07-06,7,3,0
1910,2024-07-13,21,5,0
1910,2024-07-20,21,4,0
1910,2024-07-27,18,5,1
1910,2024-08-03,5,8,0
1910,2024-08-10,18,5,1
1910,2024-08-17,21,4,0
1910,2024-08-24,5,9,0
1910,2024-08-31,8,9,1
1910,2024-09-07,15,6,1
1910,2024-09-14,14,4,0
1910,2024-09-21,5,7,1
1910,2024-09-28,18,6,0
1910,2024-10-05,21,4,0
1910,2024-10-12,6,9,0
1910,2024-10-19,24,3,0
1910,2024-10-26,11,3,0
1910,2024-11-02,19,4,0
1910,2024-11-09,21,7,0
1910,2024-11-16,22,7,0
1910,2024-11-23,23,5,0
1910,2024-11-30,13,7,0
1910,2024-12-07,21,7,0
1910,2024-12-14,20,5,0
1910,2024-12-21,18,9,0
1910,2024-12-28,12,7,0
1911,2024-11-15,18,5,0
1911,2024-11-22,16,7,0
1911,2024-11-29,16,6,0
1911,2024-12-06,21,3,0
1911,2024-12-13,9,8,0
1911,2024-12-20,6,5,0
1911,2024-12-27,7,3,0
1912,2024-09-20,6,3,0
1912,2024-09-27,18,7,1
1912,2024-10-04,5,7,0
1912,2024-10-11,13,6,0
1912,2024-10-18,23,8,0
1912,2024-10-25,24,4,1
1912,2024-11-01,24,7,0
1912,2024-11-08,12,9,0
1912,2024-11-15,10,9,0
1912,2024-11-22,14,7,0
1912,2024-11-29,10,9,0
1912,2024-12-06,15,6,0
1912,2024-12-13,18,6,0
1912,2024-12-20,10,4,0
1912,2024-12-27,8,7,0
1913,2024-03-24,20,8,1
1913,2024-03-31,13,5,0
1913,2024-04-07,11,6,1
1913,2024-04-14,23,8,0
1913,2024-04-21,16,5,1
1913,2024-04-28,23,5,0
1913,2024-05-05,18,7,0
1913,2024-05-12,18,4,1
1913,2024-05-19,23,4,0
1913,2024-05-26,16,4,0
1913,2024-06-02,19,4,0
1913,2024-06-09,12,5,0
1913,2024-06-16,16,9,0
1913,2024-06-23,6,9,0
1913,2024-06-30,14,7,0
1913,2024-07-07,15,4,0
1913,2024-07-14,17,7,0
1913,2024-07-21,14,7,0
1913,2024-07-28,9,6,0
1913,2024-08-04,15,7,1
1913,2024-08-11,21,7,0
1913,2024-08-18,17,6,0
1913,2024-08-25,10,9,0
1913,2024-09-01,20,3,0
1913,2024-09-08,9,8,0
1913,2024-09-15,20,8,0
1913,2024-09-22,11,5,0
1913,2024-09-29,20,7,0
1913,2024-10-06,20,3,0
1913,2024-10-13,11,5,1
1913,2024-10-20,14,9,0
1913,2024-10-27,6,9,0
1913,2024-11-03,19,3,0
1913,2024-11-10,23,7,0
1913,2024-11-17,12,8,0
1913,2024-11-24,21,4,0
1913,2024-12-01,16,5,0
1913,2024-12-08,11,8,0
1913,2024-12-15,22,9,0
1913,2024-12-22,12,6,0
1913,2024-12-29,19,9,0
1915,2024-11-27,5,5,0
1915,2024-12-04,6,8,0
1915,2024-12-11,20,5,0
1915,2024-12-18,9,6,0
1915,2024-12-25,23,7,0
1915,2025-01-01,13,4,0
1916,2024-10-27,21,9,0
1916,2024-11-03,5,8,0
1916,2024-11-10,18,3,0
1916,2024-11-17,11,6,1
1916,2024-11-24,19,6,0
1916,2024-12-01,18,8,0
1916,2024-12-08,18,7,0
1916,2024-12-15,17,8,0
1916,2024-12-22,19,5,1
1916,2024-12-29,6,5,0
1918,2024-06-22,13,9,0
1918,2024-06-29,21,5,0
1918,2024-07-06,20,3,0
1918,2024-07-13,11,9,0
1918,2024-07-20,20,7,0
1918,2024-07-27,7,9,0
1918,2024-08-03,22,9,0
1918,2024-08-10,7,6,0
1918,2024-08-17,24,8,1
1918,2024-08-24,12,9,0
1918,2024-08-31,14,6,0
1918,2024-09-07,19,8,0
1918,2024-09-14,14,9,0
1918,2024-09-21,13,8,0
1918,2024-09-28,20,8,0
1918,2024-10-05,11,7,0
1918,2024-10-12,14,6,0
1918,2024-10-19,5,5,0
1918,2024-10-26,18,9,0
1918,2024-11-02,6,6,0
1918,2024-11-09,24,5,0
1918,2024-11-16,0,2,0
1918,2024-11-23,2,1,0
1918,2024-11-30,0,1,0
1918,2024-12-07,2,1,0
1919,2024-03-09,13,4,0
1919,2024-03-16,21,8,0
1919,2024-03-23,15,5,0
1919,2024-03-30,11,8,0
1919,2024-04-06,18,5,0
1919,2024-04-13,24,3,0
1919,2024-04-20,15,9,1
1919,2024-04-27,16,8,0
1919,2024-05-04,17,6,0
1919,2024-05-11,17,5,0
1919,2024-05-18,15,4,0
1919,2024-05-25,21,3,0
1919,2024-06-01,24,3,1
1919,2024-06-08,15,3,0
1919,2024-06-15,12,8,0
1919,2024-06-22,14,3,0
1919,2024-06-29,16,8,0
1919,2024-07-06,15,3,0
1919,2024-07-13,10,8,0
1919,2024-07-20,14,4,0
1919,2024-07-27,21,7,0
1919,2024-08-03,7,5,0
1919,2024-08-10,23,8,0
1919,2024-08-17,7,9,0
1919,2024-08-24,19,7,0
1919,2024-08-31,16,3,0
1919,2024-09-07,12,9,0
1919,2024-09-14,11,9,1
1919,2024-09-21,14,9,0
1919,2024-09-28,8,9,1
1919,2024-10-05,13,9,0
1919,2024-10-12,7,5,0
1919,2024-10-19,15,8,0
1919,2024-10-26,23,8,0
1919,2024-11-02,5,5,0
1919,2024-11-09,15,6,0
1919,2024-11-16,13,7,0
1919,2024-11-23,10,7,0
1919,2024-11-30,18,8,1
1919,2024-12-07,23,9,1
1919,2024-12-14,16,5,0
1919,2024-12-21,14,6,0
1919,2024-12-28,17,9,0
1920,2024-04-11,19,8,0
1920,2024-04-18,11,6,1
1920,2024-04-25,21,7,0
1920,2024-05-02,17,4,1
1920,2024-05-09,6,7,0
1920,2024-05-16,20,7,1
1920,2024-05-23,11,8,0
1920,2024-05-30,8,4,1
1920,2024-06-06,8,6,0
1920,2024-06-13,15,4,0
1920,2024-06-20,16,5,0
1920,2024-06-27,19,8,0
1920,2024-07-04,21,7,0
1920,2024-07-11,18,8,0
1920,2024-07-18,13,4,1
1920,2024-07-25,19,3,0
1920,2024-08-01,8,8,0
1920,2024-08-08,16,9,0
1920,2024-08-15,6,9,1
1920,2024-08-22,7,5,0
1920,2024-08-29,9,7,0
1920,2024-09-05,24,8,0
1920,2024-09-12,11,4,0
1920,2024-09-19,13,5,0
1920,2024-09-26,12,3,0
1920,2024-10-03,12,7,0
1920,2024-10-10,24,3,0
1920,2024-10-17,13,8,0
1920,2024-10-24,23,6,0
1920,2024-10-31,9,7,0
1920,2024-11-07,5,4,1
1920,2024-11-14,22,5,0
1920,2024-11-21,16,8,0
1920,2024-11-28,11,5,0
1920,2024-12-05,14,5,0
1920,2024-12-12,8,8,0
1920,2024-12-19,11,8,0
1920,2024-12-26,7,6,0
1921,2024-10-29,18,3,0
1921,2024-11-05,24,3,0
1921,2024-11-12,11,6,0
1921,2024-11-19,10,5,1
1921,2024-11-26,11,5,0
1921,2024-12-03,10,4,0
1921,2024-12-10,10,8,0
1921,2024-12-17,18,6,0
1921,2024-12-24,24,5,1
1921,2024-12-31,5,6,0
1922,2024-05-16,21,7,0
1922,2024-05-23,17,4,0
1922,2024-05-30,12,7,1
1922,2024-06-06,19,5,0
1922,2024-06-13,6,6,0
1922,2024-06-20,20,9,0
1922,2024-06-27,20,9,0
1922,2024-07-04,12,5,0
1922,2024-07-11,8,5,0
1922,2024-07-18,19,7,0
1922,2024-07-25,7,6,0
1922,2024-08-01,5,4,0
1922,2024-08-08,24,8,0
1922,2024-08-15,22,9,0
1922,2024-08-22,18,8,0
1922,2024-08-29,23,5,0
1922,2024-09-05,8,9,0
1922,2024-09-12,24,5,0
1922,2024-09-19,21,3,0
1922,2024-09-26,13,3,0
1922,2024-10-03,6,7,1
1922,2024-10-10,10,8,0
1922,2024-10-17,19,9,0
1922,2024-10-24,16,6,0
1922,2024-10-31,8,5,0
1922,2024-11-07,7,4,0
1922,2024-11-14,24,5,0
1922,2024-11-21,23,5,0
1922,2024-11-28,12,4,0
1922,2024-12-05,23,6,0
1922,2024-12-12,13,4,0
1922,2024-12-19,6,4,0
1922,2024-12-26,8,7,0
1924,2024-10-26,22,8,0
1924,2024-11-02,19,5,0
1924,2024-11-09,23,8,0
1924,2024-11-16,22,3,0
1924,2024-11-23,5,9,0
1924,2024-11-30,8,8,0
1924,2024-12-07,16,8,0
1924,2024-12-14,9,5,1
1924,2024-12-21,21,7,0
1924,2024-12-28,7,7,0
1924,2025-01-04,21,5,1
1924,2025-01-11,14,5,0
1924,2025-01-18,17,6,0
1924,2025-01-25,21,4,0
1924,2025-02-01,5,6,0
1924,2025-02-08,9,8,0
1924,2025-02-15,22,4,0
1924,2025-02-22,14,6,0
1924,2025-03-01,23,9,0
1924,2025-03-08,15,5,1
1924,2025-03-15,20,6,0
1924,2025-03-22,10,9,0
1924,2025-03-29,16,4,1
1924,2025-04-05,12,9,0
1924,2025-04-12,17,3,1
1924,2025-04-19,19,6,1
1924,2025-04-26,7,3,1
1924,2025-05-03,22,5,0
1924,2025-05-10,7,7,1
1924,2025-05-17,14,8,0
1924,2025-05-24,0,1,1
1924,2025-05-31,1,1,1
1924,2025-06-07,0,1,0
1924,2025-06-14,0,2,0
1925,2024-03-01,20,4,0
1925,2024-03-08,23,4,0
1925,2024-03-15,13,7,0
1925,2024-03-22,7,8,0
1925,2024-03-29,8,6,0
1925,2024-04-05,16,8,0
1925,2024-04-12,17,5,0
1925,2024-04-19,11,3,0
1925,2024-04-26,22,4,0
1925,2024-05-03,23,3,0
1925,2024-05-10,24,9,0
1925,2024-05-17,17,6,1
1925,2024-05-24,8,5,0
1925,2024-05-31,9,4,0
1925,2024-06-07,9,9,0
1925,2024-06-14,9,4,0
1925,2024-06-21,21,8,0
1925,2024-06-28,22,3,0
1925,2024-07-05,5,8,0
1925,2024-07-12,11,4,0
1925,2024-07-19,24,7,0
1925,2024-07-26,6,5,0
1925,2024-08-02,6,5,0
1925,2024-08-09,24,7,0
1925,2024-08-16,18,8,0
1925,2024-08-23,22,4,0
1925,2024-08-30,19,7,0
1925,2024-09-06,13,3,0
1925,2024-09-13,13,5,0
1925,2024-09-20,9,7,1
1925,2024-09-27,14,4,0
1925,2024-10-04,5,6,0
1925,2024-10-11,12,6,0
1925,2024-10-18,23,6,0
1925,2024-10-25,15,3,0
1925,2024-11-01,10,9,0
1925,2024-11-08,6,7,0
1925,2024-11-15,8,3,0
1925,2024-11-22,23,7,0
1925,2024-11-29,20,4,0
1925,2024-12-06,21,3,0
1925,2024-12-13,6,7,0
1925,2024-12-20,18,9,0
1925,2024-12-27,21,6,0
1926,2024-01-07,24,8,0
1926,2024-01-14,20,8,0
1926,2024-01-21,18,6,0
1926,2024-01-28,19,7,0
1926,2024-02-04,12,3,0
1926,2024-02-11,14,8,0
1926,2024-02-18,12,7,0
1926,2024-02-25,19,9,0
1926,2024-03-03,15,8,0
1926,2024-03-10,21,3,1
1926,2024-03-17,10,3,0
1926,2024-03-24,15,3,0
1926,2024-03-31,7,4,0
1926,2024-04-07,9,4,0
1926,2024-04-14,18,4,0
1926,2024-04-21,10,9,0
1926,2024-04-28,12,9,0
1926,2024-05-05,7,7,0
1926,2024-05-12,8,5,0
1926,2024-05-19,21,6,0
1926,2024-05-26,9,3,0
1926,2024-06-02,13,3,0
1926,2024-06-09,18,3,0
1926,2024-06-16,20,4,0
1926,2024-06-23,17,6,0
1926,2024-06-30,6,9,0
1926,2024-07-07,19,3,1
1926,2024-07-14,11,4,0
1926,2024-07-21,23,5,0
1926,2024-07-28,5,6,0
1926,2024-08-04,24,3,1
1926,2024-08-11,12,9,0
1926,2024-08-18,14,6,0
1926,2024-08-25,23,6,0
1926,2024-09-01,15,6,0
1926,2024-09-08,20,5,0
1926,2024-09-15,17,5,0
1926,2024-09-22,13,3,0
1926,2024-09-29,18,9,0
1926,2024-10-06,18,3,0
1926,2024-10-13,19,3,0
1926,2024-10-20,8,9,0
1926,2024-10-27,11,8,0
1926,2024-11-03,6,9,0
1926,2024-11-10,19,4,0
1926,2024-11-17,22,5,0
1926,2024-11-24,18,8,0
1926,2024-12-01,20,7,0
1926,2024-12-08,20,8,1
1926,2024-12-15,18,4,0
1926,2024-12-22,12,8,0
1926,2024-12-29,14,4,0
1927,2024-05-28,22,9,0
1927,2024-06-04,13,7,0
1927,2024-06-11,20,4,0
1927,2024-06-18,21,9,0
1927,2024-06-25,10,4,0
1927,2024-07-02,17,9,0
1927,2024-07-09,8,4,0
1927,2024-07-16,15,6,1
1927,2024-07-23,21,9,0
1927,2024-07-30,8,8,0
1927,2024-08-06,16,6,0
1927,2024-08-13,20,9,0
1927,2024-08-20,23,4,0
1927,2024-08-27,22,7,0
1927,2024-09-03,23,3,1
1927,2024-09-10,22,8,0
1927,2024-09-17,13,5,0
1927,2024-09-24,10,5,0
1927,2024-10-01,13,4,0
1927,2024-10-08,6,3,0
1927,2024-10-15,7,9,0
1927,2024-10-22,5,6,1
1927,2024-10-29,24,8,0
1927,2024-11-05,6,9,0
1927,2024-11-12,21,7,0
1927,2024-11-19,22,4,0
1927,2024-11-26,12,8,0
1927,2024-12-03,9,8,0
1927,2024-12-10,10,5,0
1927,2024-12-17,12,7,0
1927,2024-12-24,21,8,0
1927,2024-12-31,19,8,0
1929,2024-09-13,11,3,0
1929,2024-09-20,23,8,0
1929,2024-09-27,8,5,1
1929,2024-10-04,18,9,0
1929,2024-10-11,17,6,0
1929,2024-10-18,22,3,1
1929,2024-10-25,2,1,0
1929,2024-11-01,1,1,2
1929,2024-11-08,1,2,0
1929,2024-11-15,0,2,0
1930,2024-11-03,16,6,0
1930,2024-11-10,12,6,0
1930,2024-11-17,5,8,1
1930,2024-11-24,18,5,0
1930,2024-12-01,5,5,0
1930,2024-12-08,22,8,0
1930,2024-12-15,23,6,0
1930,2024-12-22,7,8,0
1930,2024-12-29,11,8,0
1931,2024-10-28,21,3,0
1931,2024-11-04,5,3,0
1931,2024-11-11,12,5,0
1931,2024-11-18,17,8,0
1931,2024-11-25,7,8,1
1931,2024-12-02,11,9,0
1931,2024-12-09,13,5,0
1931,2024-12-16,23,3,0
1931,2024-12-23,24,3,0
1931,2024-12-30,13,8,0
1932,2024-01-23,19,4,0
1932,2024-01-30,7,4,0
1932,2024-02-06,13,8,0
1932,2024-02-13,20,5,0
1932,2024-02-20,17,5,0
1932,2024-02-27,10,4,0
1932,2024-03-05,21,9,0
1932,2024-03-12,15,9,1
1932,2024-03-19,18,6,0
1932,2024-03-26,21,7,0
1932,2024-04-02,11,5,0
1932,2024-04-09,20,9,0
1932,2024-04-16,18,5,0
1932,2024-04-23,17,5,1
1932,2024-04-30,23,7,0
1932,2024-05-07,13,5,0
1932,2024-05-14,10,9,0
1932,2024-05-21,12,4,0
1932,2024-05-28,24,5,0
1932,2024-06-04,18,3,0
1932,2024-06-11,11,8,0
1932,2024-06-18,16,9,0
1932,2024-06-25,23,6,0
1932,2024-07-02,20,7,1
1932,2024-07-09,14,7,0
1932,2024-07-16,12,3,0
1932,2024-07-23,7,7,0
1932,2024-07-30,23,6,0
1932,2024-08-06,11,3,0
1932,2024-08-13,6,8,0
1932,2024-08-20,10,4,0
1932,2024-08-27,22,3,0
1932,2024-09-03,18,9,1
1932,2024-09-10,24,9,0
1932,2024-09-17,9,9,0
1932,2024-09-24,5,6,0
1932,2024-10-01,11,8,0
1932,2024-10-08,6,8,0
1932,2024-10-15,15,4,0
1932,2024-10-22,18,9,1
1932,2024-10-29,19,7,1
1932,2024-11-05,18,7,0
1932,2024-11-12,16,6,0
1932,2024-11-19,24,6,0
1932,2024-11-26,19,4,0
1932,2024-12-03,11,4,0
1932,2024-12-10,23,9,0
1932,2024-12-17,23,6,0
1932,2024-12-24,6,5,0
1932,2024-12-31,24,7,0
1933,2024-10-30,8,5,0
1933,2024-11-06,19,3,0
1933,2024-11-13,11,3,0
1933,2024-11-20,9,3,0
1933,2024-11-27,12,3,0
1933,2024-12-04,12,7,0
1933,2024-12-11,20,4,0
1933,2024-12-18,11,6,0
1933,2024-12-25,11,4,0
1933,2025-01-01,11,5,0
1935,2024-03-19,16,9,0
1935,2024-03-26,11,9,0
1935,2024-04-02,7,3,0
1935,2024-04-09,5,7,0
1935,2024-04-16,14,4,0
1935,2024-04-23,23,8,0
1935,2024-04-30,16,5,0
1935,2024-05-07,21,9,0
1935,2024-05-14,22,3,0
1935,2024-05-21,6,7,1
1935,2024-05-28,17,7,0
1935,2024-06-04,5,5,0
1935,2024-06-11,22,7,0
1935,2024-06-18,13,5,0
1935,2024-06-25,7,5,0
1935,2024-07-02,15,4,0
1935,2024-07-09,23,7,0
1935,2024-07-16,19,6,0
1935,2024-07-23,8,6,0
1935,2024-07-30,16,6,0
1935,2024-08-06,5,6,0
1935,2024-08-13,6,4,0
1935,2024-08-20,20,4,1
1935,2024-08-27,13,8,0
1935,2024-09-03,6,5,0
1935,2024-09-10,19,4,0
1935,2024-09-17,11,9,1
1935,2024-09-24,20,5,0
1935,2024-10-01,12,6,0
1935,2024-10-08,15,9,0
1935,2024-10-15,6,7,0
1935,2024-10-22,20,4,1
1935,2024-10-29,13,5,0
1935,2024-11-05,16,9,0
1935,2024-11-12,20,7,1
1935,2024-11-19,19,3,0
1935,2024-11-26,16,7,0
1935,2024-12-03,11,9,0
1935,2024-12-10,22,8,0
1935,2024-12-17,23,7,0
1935,2024-12-24,8,7,1
1935,2024-12-31,14,6,0
1937,2024-08-17,6,5,1
1937,2024-08-24,7,9,0
1937,2024-08-31,6,6,0
1937,2024-09-07,19,9,0
1937,2024-09-14,9,6,0
1937,2024-09-21,13,9,0
1937,2024-09-28,23,8,0
1937,2024-10-05,7,7,0
1937,2024-10-12,19,6,0
1937,2024-10-19,9,4,0
1937,2024-10-26,16,3,0
1937,2024-11-02,24,4,0
1937,2024-11-09,22,7,0
1937,2024-11-16,18,5,0
1937,2024-11-23,7,3,1
1937,2024-11-30,6,7,0
1937,2024-12-07,23,7,0
1937,2024-12-14,20,8,0
1937,2024-12-21,11,6,1
1937,2024-12-28,14,3,0
1938,2024-05-09,23,4,0
1938,2024-05-16,5,5,0
1938,2024-05-23,7,4,0
1938,2024-05-30,21,4,0
1938,2024-06-06,17,6,1
1938,2024-06-13,12,7,0
1938,2024-06-20,5,3,0
1938,2024-06-27,23,7,0
1938,2024-07-04,19,7,0
1938,2024-07-11,21,5,0
1938,2024-07-18,6,3,0
1938,2024-07-25,20,9,0
1938,2024-08-01,13,9,0
1938,2024-08-08,12,5,0
1938,2024-08-15,22,5,0
1938,2024-08-22,17,5,0
1938,2024-08-29,23,9,0
1938,2024-09-05,9,7,0
1938,2024-09-12,12,4,0
1938,2024-09-19,19,9,1
1938,2024-09-26,14,5,0
1938,2024-10-03,12,7,0
1938,2024-10-10,5,9,0
1938,2024-10-17,16,4,0
1938,2024-10-24,18,3,0
1938,2024-10-31,19,7,0
1938,2024-11-07,18,3,0
1938,2024-11-14,16,6,0
1938,2024-11-21,9,8,0
1938,2024-11-28,23,7,0
1938,2024-12-05,8,9,0
1938,2024-12-12,12,8,0
1938,2024-12-19,22,9,0
1938,2024-12-26,8,4,0
1939,2024-01-22,17,6,1
1939,2024-01-29,22,8,0
1939,2024-02-05,21,7,0
1939,2024-02-12,23,4,0
1939,2024-02-19,12,3,0
1939,2024-02-26,23,9,0
1939,2024-03-04,12,4,0
1939,2024-03-11,21,6,0
1939,2024-03-18,21,8,0
1939,2024-03-25,17,9,0
1939,2024-04-01,23,6,0
1939,2024-04-08,21,7,0
1939,2024-04-15,10,6,1
1939,2024-04-22,7,6,0
1939,2024-04-29,10,3,0
1939,2024-05-06,23,6,0
1939,2024-05-13,17,7,0
1939,2024-05-20,21,9,0
1939,2024-05-27,7,8,0
1939,2024-06-03,5,8,1
1939,2024-06-10,17,6,0
1939,2024-06-17,9,4,0
1939,2024-06-24,23,6,0
1939,2024-07-01,20,3,0
1939,2024-07-08,18,3,0
1939,2024-07-15,19,5,1
1939,2024-07-22,18,8,0
1939,2024-07-29,19,3,0
1939,2024-08-05,16,8,0
1939,2024-08-12,22,9,0
1939,2024-08-19,14,4,0
1939,2024-08-26,24,8,0
1939,2024-09-02,14,5,0
1939,2024-09-09,9,4,0
1939,2024-09-16,17,3,0
1939,2024-09-23,22,9,1
1939,2024-09-30,24,5,0
1939,2024-10-07,14,7,0
1939,2024-10-14,5,5,0
1939,2024-10-21,17,3,0
1939,2024-10-28,24,4,0
1939,2024-11-04,6,8,0
1939,2024-11-11,13,5,0
1939,2024-11-18,20,3,0
1939,2024-11-25,21,9,0
1939,2024-12-02,8,9,0
1939,2024-12-09,15,5,0
1939,2024-12-16,19,7,0
1939,2024-12-23,9,3,0
1939,2024-12-30,15,3,0
1940,2024-05-28,7,6,0
1940,2024-06-04,19,4,0
1940,2024-06-11,15,5,0
1940,2024-06-18,15,3,1
1940,2024-06-25,17,8,0
1940,2024-07-02,24,5,1
1940,2024-07-09,15,5,0
1940,2024-07-16,20,3,0
1940,2024-07-23,17,4,0
1940,2024-07-30,10,5,0
1940,2024-08-06,24,8,0
1940,2024-08-13,12,4,0
1940,2024-08-20,22,3,0
1940,2024-08-27,14,4,0
1940,2024-09-03,21,5,0
1940,2024-09-10,23,3,0
1940,2024-09-17,15,4,0
1940,2024-09-24,13,8,0
1940,2024-10-01,14,8,0
1940,2024-10-08,21,6,0
1940,2024-10-15,22,4,0
1940,2024-10-22,14,9,0
1940,2024-10-29,16,3,0
1940,2024-11-05,14,8,0
1940,2024-11-12,7,6,0
1940,2024-11-19,19,5,0
1940,2024-11-26,10,7,0
1940,2024-12-03,10,7,0
1940,2024-12-10,23,5,0
1940,2024-12-17,13,6,0
1940,2024-12-24,12,4,0
1940,2024-12-31,6,3,1
1944,2024-08-31,8,5,0
1944,2024-09-07,5,3,0
1944,2024-09-14,9,4,0
1944,2024-09-21,7,4,1
1944,2024-09-28,22,4,1
1944,2024-10-05,13,5,0
1944,2024-10-12,13,3,0
1944,2024-10-19,9,6,0
1944,2024-10-26,20,3,0
1944,2024-11-02,21,8,0
1944,2024-11-09,18,6,1
1944,2024-11-16,21,3,0
1944,2024-11-23,24,5,0
1944,2024-11-30,19,9,0
1944,2024-12-07,21,7,0
1944,2024-12-14,11,3,0
1944,2024-12-21,16,8,0
1944,2024-12-28,6,3,0
1947,2024-04-27,24,8,0
1947,2024-05-04,23,8,0
1947,2024-05-11,9,5,0
1947,2024-05-18,23,9,0
1947,2024-05-25,9,6,0
1947,2024-06-01,18,8,0
1947,2024-06-08,13,8,0
1947,2024-06-15,9,9,0
1947,2024-06-22,16,5,0
1947,2024-06-29,11,4,0
1947,2024-07-06,9,9,0
1947,2024-07-13,23,7,0
1947,2024-07-20,5,4,0
1947,2024-07-27,10,3,0
1947,2024-08-03,17,5,0
1947,2024-08-10,11,9,0
1947,2024-08-17,15,9,0
1947,2024-08-24,6,3,0
1947,2024-08-31,22,5,0
1947,2024-09-07,12,5,1
1947,2024-09-14,20,9,0
1947,2024-09-21,5,9,0
1947,2024-09-28,23,4,0
1947,2024-10-05,11,9,0
1947,2024-10-12,19,4,0
1947,2024-10-19,11,9,1
1947,2024-10-26,9,3,0
1947,2024-11-02,11,9,0
1947,2024-11-09,10,4,0
1947,2024-11-16,20,5,0
1947,2024-11-23,14,9,0
1947,2024-11-30,19,4,0
1947,2024-12-07,24,6,0
1947,2024-12-14,7,8,0
1947,2024-12-21,14,8,0
1947,2024-12-28,15,6,0
1948,2024-12-16,12,3,0
1948,2024-12-23,14,9,0
1948,2024-12-30,21,9,0
1949,2024-06-14,8,8,0
1949,2024-06-21,10,8,0
1949,2024-06-28,14,3,0
1949,2024-07-05,13,7,0
1949,2024-07-12,20,5,0
1949,2024-07-19,19,7,0
1949,2024-07-26,12,9,0
1949,2024-08-02,17,5,1
1949,2024-08-09,6,9,1
1949,2024-08-16,24,8,0
1949,2024-08-23,24,9,0
1949,2024-08-30,18,3,0
1949,2024-09-06,6,7,0
1949,2024-09-13,17,7,1
1949,2024-09-20,5,3,0
1949,2024-09-27,23,4,1
1949,2024-10-04,11,4,0
1949,2024-10-11,11,7,0
1949,2024-10-18,17,4,0
1949,2024-10-25,18,8,0
1949,2024-11-01,16,6,0
1949,2024-11-08,16,5,0
1949,2024-11-15,17,5,0
1949,2024-11-22,18,5,0
1949,2024-11-29,17,9,0
1949,2024-12-06,22,6,0
1949,2024-12-13,11,7,0
1949,2024-12-20,6,5,1
1949,2024-12-27,14,7,0
1950,2024-04-14,6,6,0
1950,2024-04-21,8,9,0
1950,2024-04-28,17,8,0
1950,2024-05-05,21,3,0
1950,2024-05-12,24,5,0
1950,2024-05-19,7,3,0
1950,2024-05-26,11,5,0
1950,2024-06-02,12,6,0
1950,2024-06-09,23,4,0
1950,2024-06-16,6,4,0
1950,2024-06-23,21,4,0
1950,2024-06-30,22,6,0
1950,2024-07-07,21,5,0
1950,2024-07-14,8,3,0
1950,2024-07-21,20,6,0
1950,2024-07-28,23,4,0
1950,2024-08-04,7,8,0
1950,2024-08-11,16,4,0
1950,2024-08-18,5,5,0
1950,2024-08-25,24,7,0
1950,2024-09-01,22,5,0
1950,2024-09-08,19,7,0
1950,2024-09-15,15,6,0
1950,2024-09-22,17,6,1
1950,2024-09-29,17,6,0
1950,2024-10-06,15,9,1
1950,2024-10-13,5,3,0
1950,2024-10-20,8,7,0
1950,2024-10-27,5,6,1
1950,2024-11-03,17,8,0
1950,2024-11-10,15,9,1
1950,2024-11-17,12,5,0
1950,2024-11-24,6,6,0
1950,2024-12-01,17,6,0
1950,2024-12-08,13,4,0
1950,2024-12-15,15,5,0
1950,2024-12-22,13,5,0
1950,2024-12-29,24,5,0
1951,2024-05-13,5,6,0
1951,2024-05-20,9,4,0
1951,2024-05-27,24,9,0
1951,2024-06-03,15,9,0
1951,2024-06-10,22,9,0
1951,2024-06-17,8,8,0
1951,2024-06-24,6,7,0
1951,2024-07-01,22,5,0
1951,2024-07-08,18,8,0
1951,2024-07-15,13,8,0
1951,2024-07-22,9,5,1
1951,2024-07-29,21,8,0
1951,2024-08-05,10,9,0
1951,2024-08-12,7,5,1
1951,2024-08-19,13,3,0
1951,2024-08-26,20,5,0
1951,2024-09-02,17,4,0
1951,2024-09-09,15,9,0
1951,2024-09-16,10,5,0
1951,2024-09-23,8,7,0
1951,2024-09-30,17,8,0
1951,2024-10-07,0,2,1
1951,2024-10-14,1,1,0
1951,2024-10-21,2,2,1
1951,2024-10-28,1,2,0
1952,2024-04-15,24,8,0
1952,2024-04-22,23,9,0
1952,2024-04-29,12,4,0
1952,2024-05-06,22,8,0
1952,2024-05-13,8,7,0
1952,2024-05-20,19,4,1
1952,2024-05-27,23,7,0
1952,2024-06-03,13,7,0
1952,2024-06-10,13,3,0
1952,2024-06-17,11,4,0
1952,2024-06-24,16,9,0
1952,2024-07-01,22,6,0
1952,2024-07-08,9,7,0
1952,2024-07-15,11,5,0
1952,2024-07-22,9,3,0
1952,2024-07-29,5,7,0
1952,2024-08-05,9,9,0
1952,2024-08-12,5,4,0
1952,2024-08-19,20,7,0
1952,2024-08-26,13,5,0
1952,2024-09-02,19,5,0
1952,2024-09-09,11,5,0
1952,2024-09-16,14,3,1
1952,2024-09-23,12,5,0
1952,2024-09-30,18,9,0
1952,2024-10-07,11,6,0
1952,2024-10-14,5,4,0
1952,2024-10-21,21,3,0
1952,2024-10-28,23,7,0
1952,2024-11-04,17,4,0
1952,2024-11-11,19,4,0
1952,2024-11-18,6,4,0
1952,2024-11-25,22,6,1
1952,2024-12-02,14,4,1
1952,2024-12-09,22,6,0
1952,2024-12-16,19,8,0
1952,2024-12-23,13,6,0
1952,2024-12-30,21,8,0
1953,2025-06-20,1,1,2
1953,2025-06-27,1,1,0
1954,2024-10-16,18,7,0
1954,2024-10-23,24,4,0
1954,2024-10-30,18,9,0
1954,2024-11-06,20,4,0
1954,2024-11-13,13,3,0
1954,2024-11-20,9,9,0
1954,2024-11-27,15,6,0
1954,2024-12-04,10,6,0
1954,2024-12-11,10,3,0
1954,2024-12-18,13,6,1
1954,2024-12-25,8,8,0
1954,2025-01-01,14,5,1
1958,2024-03-22,22,6,0
1958,2024-03-29,12,3,0
1958,2024-04-05,16,9,0
1958,2024-04-12,19,5,0
1958,2024-04-19,14,3,1
1958,2024-04-26,12,9,0
1958,2024-05-03,24,8,0
1958,2024-05-10,22,6,0
1958,2024-05-17,10,6,0
1958,2024-05-24,18,5,1
1958,2024-05-31,6,7,0
1958,2024-06-07,22,8,0
1958,2024-06-14,19,3,0
1958,2024-06-21,9,7,0
1958,2024-06-28,5,5,0
1958,2024-07-05,21,3,0
1958,2024-07-12,19,7,0
1958,2024-07-19,21,5,0
1958,2024-07-26,11,6,0
1958,2024-08-02,11,7,0
1958,2024-08-09,21,9,0
1958,2024-08-16,6,7,0
1958,2024-08-23,10,7,0
1958,2024-08-30,5,4,0
1958,2024-09-06,12,5,0
1958,2024-09-13,24,9,1
1958,2024-09-20,6,7,0
1958,2024-09-27,17,7,1
1958,2024-10-04,15,7,0
1958,2024-10-11,17,6,0
1958,2024-10-18,15,4,0
1958,2024-10-25,17,7,0
1958,2024-11-01,19,9,0
1958,2024-11-08,15,5,0
1958,2024-11-15,22,5,0
1958,2024-11-22,24,9,0
1958,2024-11-29,14,8,0
1958,2024-12-06,21,3,0
1958,2024-12-13,9,6,0
1958,2024-12-20,10,3,0
1958,2024-12-27,17,3,0
1959,2024-07-14,20,9,0
1959,2024-07-21,9,3,0
1959,2024-07-28,9,4,0
1959,2024-08-04,23,5,0
1959,2024-08-11,17,6,0
1959,2024-08-18,19,8,1
1959,2024-08-25,22,4,0
1959,2024-09-01,15,3,0
1959,2024-09-08,12,5,1
1959,2024-09-15,7,4,0
1959,2024-09-22,14,8,0
1959,2024-09-29,9,7,0
1959,2024-10-06,7,4,0
1959,2024-10-13,24,8,1
1959,2024-10-20,19,3,0
1959,2024-10-27,22,4,0
1959,2024-11-03,11,5,0
1959,2024-11-10,21,4,0
1959,2024-11-17,21,5,0
1959,2024-11-24,14,6,0
1959,2024-12-01,19,3,0
1959,2024-12-08,11,6,0
1959,2024-12-15,7,6,0
1959,2024-12-22,8,5,0
1959,2024-12-29,18,6,0
1960,2024-01-15,16,6,1
1960,2024-01-22,17,4,0
1960,2024-01-29,5,3,0
1960,2024-02-05,10,6,0
1960,2024-02-12,16,6,0
1960,2024-02-19,8,9,0
1960,2024-02-26,16,8,0
1960,2024-03-04,15,6,0
1960,2024-03-11,20,8,0
1960,2024-03-18,8,6,0
1960,2024-03-25,22,3,0
1960,2024-04-01,5,5,0
1960,2024-04-08,23,5,0
1960,2024-04-15,18,4,0
1960,2024-04-22,24,6,0
1960,2024-04-29,20,3,0
1960,2024-05-06,7,6,1
1960,2024-05-13,12,8,0
1960,2024-05-20,17,8,0
1960,2024-05-27,24,6,0
1960,2024-06-03,8,3,0
1960,2024-06-10,7,5,1
1960,2024-06-17,7,8,0
1960,2024-06-24,13,8,0
1960,2024-07-01,20,6,0
1960,2024-07-08,7,7,0
1960,2024-07-15,9,9,1
1960,2024-07-22,13,9,0
1960,2024-07-29,10,6,1
1960,2024-08-05,21,4,0
1960,2024-08-12,5,8,0
1960,2024-08-19,5,9,0
1960,2024-08-26,21,8,0
1960,2024-09-02,6,4,0
1960,2024-09-09,15,4,0
1960,2024-09-16,21,8,0
1960,2024-09-23,17,6,0
1960,2024-09-30,16,5,0
1960,2024-10-07,16,3,0
1960,2024-10-14,16,9,0
1960,2024-10-21,12,5,0
1960,2024-10-28,10,3,0
1960,2024-11-04,7,7,0
1960,2024-11-11,5,9,0
1960,2024-11-18,23,6,1
1960,2024-11-25,23,5,0
1960,2024-12-02,14,7,0
1960,2024-12-09,20,9,0
1960,2024-12-16,22,7,0
1960,2024-12-23,14,5,0
1960,2024-12-30,24,5,0
1961,2024-11-27,7,4,0
1961,2024-12-04,16,9,0
1961,2024-12-11,13,7,1
1961,2024-12-18,13,7,0
1961,2024-12-25,22,6,0
1961,2025-01-01,24,9,0
1962,2024-01-05,15,7,0
1962,2024-01-12,17,6,0
1962,2024-01-19,21,6,0
1962,2024-01-26,21,5,0
1962,2024-02-02,17,3,0
1962,2024-02-09,23,5,0
1962,2024-02-16,22,7,0
1962,2024-02-23,6,7,0
1962,2024-03-01,18,8,0
1962,2024-03-08,18,6,0
1962,2024-03-15,16,7,0
1962,2024-03-22,23,4,0
1962,2024-03-29,23,6,1
1962,2024-04-05,20,4,0
1962,2024-04-12,10,4,0
1962,2024-04-19,13,7,0
1962,2024-04-26,5,4,0
1962,2024-05-03,16,5,0
1962,2024-05-10,19,6,0
1962,2024-05-17,20,5,1
1962,2024-05-24,20,4,0
1962,2024-05-31,16,7,0
1962,2024-06-07,7,9,0
1962,2024-06-14,6,7,1
1962,2024-06-21,5,4,1
1962,2024-06-28,6,5,1
1962,2024-07-05,6,7,0
1962,2024-07-12,19,7,0
1962,2024-07-19,16,6,0
1962,2024-07-26,14,4,0
1962,2024-08-02,12,5,0
1962,2024-08-09,12,7,0
1962,2024-08-16,19,9,0
1962,2024-08-23,15,9,0
1962,2024-08-30,9,7,0
1962,2024-09-06,5,4,0
1962,2024-09-13,11,7,0
1962,2024-09-20,13,6,0
1962,2024-09-27,14,4,0
1962,2024-10-04,6,4,0
1962,2024-10-11,22,3,0
1962,2024-10-18,9,9,0
1962,2024-10-25,6,5,0
1962,2024-11-01,13,6,0
1962,2024-11-08,24,7,0
1962,2024-11-15,6,8,0
1962,2024-11-22,5,6,0
1962,2024-11-29,5,7,1
1962,2024-12-06,21,4,0
1962,2024-12-13,11,7,0
1962,2024-12-20,17,3,1
1962,2024-12-27,13,7,0
1963,2024-06-06,12,7,0
1963,2024-06-13,11,7,0
1963,2024-06-20,24,9,0
1963,2024-06-27,16,3,1
1963,2024-07-04,17,5,0
1963,2024-07-11,17,9,0
1963,2024-07-18,12,4,1
1963,2024-07-25,21,9,0
1963,2024-08-01,8,8,0
1963,2024-08-08,22,9,0
1963,2024-08-15,18,4,0
1963,2024-08-22,8,8,1
1963,2024-08-29,6,8,0
1963,2024-09-05,12,7,1
1963,2024-09-12,5,4,0
1963,2024-09-19,7,7,0
1963,2024-09-26,22,3,0
1963,2024-10-03,23,8,0
1963,2024-10-10,15,5,0
1963,2024-10-17,7,4,0
1963,2024-10-24,7,5,0
1963,2024-10-31,11,3,0
1963,2024-11-07,11,5,0
1963,2024-11-14,23,3,0
1963,2024-11-21,19,7,0
1963,2024-11-28,8,9,0
1963,2024-12-05,12,4,0
1963,2024-12-12,6,8,0
1963,2024-12-19,15,5,0
1963,2024-12-26,18,9,1
1965,2024-01-24,20,9,0
1965,2024-01-31,17,4,0
1965,2024-02-07,21,3,0
1965,2024-02-14,16,3,0
1965,2024-02-21,12,9,0
1965,2024-02-28,14,7,0
1965,2024-03-06,18,7,0
1965,2024-03-13,21,4,0
1965,2024-03-20,22,6,0
1965,2024-03-27,18,4,0
1965,2024-04-03,5,6,0
1965,2024-04-10,23,4,0
1965,2024-04-17,9,4,0
1965,2024-04-24,12,4,0
1965,2024-05-01,17,8,1
1965,2024-05-08,19,7,0
1965,2024-05-15,9,5,0
1965,2024-05-22,18,4,0
1965,2024-05-29,6,6,1
1965,2024-06-05,12,7,0
1965,2024-06-12,15,7,0
1965,2024-06-19,21,5,0
1965,2024-06-26,19,4,0
1965,2024-07-03,8,6,0
1965,2024-07-10,13,4,1
1965,2024-07-17,12,5,1
1965,2024-07-24,5,9,0
1965,2024-07-31,11,9,0
1965,2024-08-07,16,4,0
1965,2024-08-14,19,3,0
1965,2024-08-21,13,5,0
1965,2024-08-28,20,5,0
1965,2024-09-04,17,5,0
1965,2024-09-11,14,7,0
1965,2024-09-18,14,9,0
1965,2024-09-25,19,9,0
1965,2024-10-02,12,5,0
1965,2024-10-09,19,4,0
1965,2024-10-16,13,6,1
1965,2024-10-23,18,4,0
1965,2024-10-30,9,8,0
1965,2024-11-06,6,9,0
1965,2024-11-13,17,5,0
1965,2024-11-20,17,3,0
1965,2024-11-27,12,8,0
1965,2024-12-04,16,3,0
1965,2024-12-11,23,8,0
1965,2024-12-18,13,8,1
1965,2024-12-25,14,7,0
1965,2025-01-01,15,6,1
1965,2025-01-08,21,4,0
1965,2025-01-15,15,3,0
1965,2025-01-22,7,3,0
1965,2025-01-29,10,3,0
1965,2025-02-05,23,9,0
1965,2025-02-12,6,4,0
1965,2025-02-19,8,6,0
1965,2025-02-26,21,6,0
1965,2025-03-05,23,6,1
1965,2025-03-12,5,9,0
1965,2025-03-19,21,7,0
1965,2025-03-26,17,3,0
1965,2025-04-02,6,8,0
1965,2025-04-09,24,6,0
1965,2025-04-16,13,3,1
1965,2025-04-23,12,5,0
1965,2025-04-30,12,4,0
1965,2025-05-07,5,9,0
1965,2025-05-14,10,8,0
1965,2025-05-21,2,2,1
1965,2025-05-28,0,1,0
1965,2025-06-04,2,1,1
1965,2025-06-11,2,2,0
1966,2024-01-22,6,4,0
1966,2024-01-29,16,4,1
1966,2024-02-05,6,3,0
1966,2024-02-12,21,6,0
1966,2024-02-19,16,4,0
1966,2024-02-26,21,4,0
1966,2024-03-04,9,8,0
1966,2024-03-11,9,8,0
1966,2024-03-18,13,7,0
1966,2024-03-25,19,8,1
1966,2024-04-01,12,5,0
1966,2024-04-08,24,6,0
1966,2024-04-15,11,8,0
1966,2024-04-22,24,7,0
1966,2024-04-29,19,9,0
1966,2024-05-06,9,5,0
1966,2024-05-13,14,5,0
1966,2024-05-20,11,9,0
1966,2024-05-27,13,7,0
1966,2024-06-03,15,8,0
1966,2024-06-10,19,7,0
1966,2024-06-17,19,7,0
1966,2024-06-24,5,8,1
1966,2024-07-01,5,9,0
1966,2024-07-08,12,8,1
1966,2024-07-15,9,4,0
1966,2024-07-22,20,4,0
1966,2024-07-29,12,5,0
1966,2024-08-05,13,8,0
1966,2024-08-12,22,8,0
1966,2024-08-19,21,8,0
1966,2024-08-26,17,9,0
1966,2024-09-02,21,3,0
1966,2024-09-09,11,6,0
1966,2024-09-16,14,8,0
1966,2024-09-23,17,7,1
1966,2024-09-30,13,3,0
1966,2024-10-07,15,3,0
1966,2024-10-14,18,7,0
1966,2024-10-21,8,3,0
1966,2024-10-28,13,5,0
1966,2024-11-04,17,5,0
1966,2024-11-11,11,6,0
1966,2024-11-18,23,6,0
1966,2024-11-25,6,9,1
1966,2024-12-02,11,4,0
1966,2024-12-09,12,8,0
1966,2024-12-16,17,9,0
1966,2024-12-23,21,6,0
1966,2024-12-30,13,9,0
1967,2024-12-11,10,4,0
1967,2024-12-18,16,7,0
1967,2024-12-25,16,3,0
1967,2025-01-01,15,9,0
1970,2024-12-10,21,4,0
1970,2024-12-17,14,7,0
1970,2024-12-24,21,6,0
1970,2024-12-31,6,3,0
1970,2025-01-07,6,6,0
1970,2025-01-14,9,3,0
1970,2025-01-21,22,8,0
1970,2025-01-28,23,7,0
1970,2025-02-04,23,6,0
1970,2025-02-11,21,4,0
1970,2025-02-18,21,3,0
1970,2025-02-25,17,5,1
1970,2025-03-04,7,8,0
1970,2025-03-11,14,6,0
1970,2025-03-18,12,7,0
1970,2025-03-25,6,3,0
1970,2025-04-01,24,9,1
1970,2025-04-08,16,4,0
1970,2025-04-15,14,5,0
1970,2025-04-22,13,7,0
1970,2025-04-29,7,9,0
1970,2025-05-06,8,9,0
1970,2025-05-13,17,6,0
1970,2025-05-20,16,6,0
1970,2025-05-27,1,1,0
1970,2025-06-03,1,1,1
1970,2025-06-10,1,1,0
1970,2025-06-17,0,2,0
1972,2024-11-15,7,7,1
1972,2024-11-22,11,8,0
1972,2024-11-29,18,5,0
1972,2024-12-06,7,3,0
1972,2024-12-13,23,6,0
1972,2024-12-20,8,7,0
1972,2024-12-27,6,3,0
1973,2024-09-25,7,7,0
1973,2024-10-02,16,8,0
1973,2024-10-09,17,3,0
1973,2024-10-16,17,7,0
1973,2024-10-23,17,9,0
1973,2024-10-30,21,3,0
1973,2024-11-06,23,6,0
1973,2024-11-13,15,7,0
1973,2024-11-20,6,9,0
1973,2024-11-27,13,9,0
1973,2024-12-04,23,9,0
1973,2024-12-11,22,7,0
1973,2024-12-18,6,9,0
1973,2024-12-25,18,5,0
1973,2025-01-01,10,8,0
1974,2024-10-05,24,6,0
1974,2024-10-12,8,8,0
1974,2024-10-19,21,5,0
1974,2024-10-26,20,5,0
1974,2024-11-02,19,7,0
1974,2024-11-09,16,5,0
1974,2024-11-16,16,7,0
1974,2024-11-23,23,3,0
1974,2024-11-30,16,8,0
1974,2024-12-07,22,7,0
1974,2024-12-14,14,5,0
1974,2024-12-21,22,6,0
1974,2024-12-28,14,3,0
1975,2024-02-16,13,8,0
1975,2024-02-23,10,4,0
1975,2024-03-01,14,4,0
1975,2024-03-08,11,6,0
1975,2024-03-15,9,9,0
1975,2024-03-22,14,6,0
1975,2024-03-29,5,6,1
1975,2024-04-05,10,7,0
1975,2024-04-12,22,7,1
1975,2024-04-19,22,8,0
1975,2024-04-26,9,7,0
1975,2024-05-03,21,7,0
1975,2024-05-10,5,7,0
1975,2024-05-17,10,7,0
1975,2024-05-24,24,6,1
1975,2024-05-31,24,3,0
1975,2024-06-07,15,9,0
1975,2024-06-14,1,2,0
1975,2024-06-21,0,2,1
1975,2024-06-28,1,1,0
1975,2024-07-05,0,2,0
1975,2024-07-12,2,1,1
1976,2024-09-21,17,3,0
1976,2024-09-28,13,4,0
1976,2024-10-05,8,8,0
1976,2024-10-12,7,9,0
1976,2024-10-19,9,3,0
1976,2024-10-26,8,3,0
1976,2024-11-02,9,6,0
1976,2024-11-09,10,5,0
1976,2024-11-16,12,7,0
1976,2024-11-23,7,6,0
1976,2024-11-30,21,3,0
1976,2024-12-07,23,7,0
1976,2024-12-14,16,7,0
1976,2024-12-21,12,5,0
1976,2024-12-28,19,6,0
1977,2024-09-10,8,4,0
1977,2024-09-17,6,9,0
1977,2024-09-24,16,6,0
1977,2024-10-01,12,4,0
1977,2024-10-08,9,9,0
1977,2024-10-15,12,7,0
1977,2024-10-22,19,9,0
1977,2024-10-29,15,6,0
1977,2024-11-05,17,7,0
1977,2024-11-12,20,8,0
1977,2024-11-19,18,9,0
1977,2024-11-26,11,9,0
1977,2024-12-03,23,9,1
1977,2024-12-10,5,4,1
1977,2024-12-17,6,6,0
1977,2024-12-24,18,7,0
1977,2024-12-31,9,5,0
1981,2024-08-05,6,4,0
1981,2024-08-12,14,9,0
1981,2024-08-19,12,4,0
1981,2024-08-26,10,9,0
1981,2024-09-02,8,3,0
1981,2024-09-09,19,8,0
1981,2024-09-16,23,3,0
1981,2024-09-23,9,9,0
1981,2024-09-30,16,9,0
1981,2024-10-07,16,5,0
1981,2024-10-14,23,7,0
1981,2024-10-21,14,6,0
1981,2024-10-28,22,6,0
1981,2024-11-04,15,6,0
1981,2024-11-11,18,3,0
1981,2024-11-18,8,4,0
1981,2024-11-25,23,6,1
1981,2024-12-02,11,6,0
1981,2024-12-09,6,5,0
1981,2024-12-16,23,9,0
1981,2024-12-23,8,5,0
1981,2024-12-30,10,9,0
1982,2024-06-19,23,8,0
1982,2024-06-26,7,8,0
1982,2024-07-03,20,5,0
1982,2024-07-10,5,7,0
1982,2024-07-17,9,6,0
1982,2024-07-24,10,8,0
1982,2024-07-31,10,7,0
1982,2024-08-07,6,9,0
1982,2024-08-14,14,7,0
1982,2024-08-21,10,8,0
1982,2024-08-28,21,4,0
1982,2024-09-04,11,9,0
1982,2024-09-11,20,9,0
1982,2024-09-18,10,4,0
1982,2024-09-25,10,8,0
1982,2024-10-02,11,9,0
1982,2024-10-09,21,9,0
1982,2024-10-16,18,5,0
1982,2024-10-23,17,7,0
1982,2024-10-30,11,6,0
1982,2024-11-06,23,8,0
1982,2024-11-13,9,4,0
1982,2024-11-20,16,4,0
1982,2024-11-27,11,8,0
1982,2024-12-04,18,6,0
1982,2024-12-11,8,4,0
1982,2024-12-18,24,5,0
1982,2024-12-25,6,3,0
1982,2025-01-01,6,6,0
1982,2025-01-08,21,5,0
1982,2025-01-15,5,4,0
1982,2025-01-22,20,4,1
1982,2025-01-29,20,3,0
1982,2025-02-05,16,6,0
1982,2025-02-12,10,5,0
1982,2025-02-19,7,7,1
1982,2025-02-26,13,9,0
1982,2025-03-05,18,5,0
1982,2025-03-12,8,5,1
1982,2025-03-19,20,6,0
1982,2025-03-26,14,4,0
1982,2025-04-02,21,8,1
1982,2025-04-09,13,6,0
1982,2025-04-16,12,9,0
1982,2025-04-23,0,2,0
1982,2025-04-30,1,1,1
1982,2025-05-07,0,1,0
1982,2025-05-14,1,2,0
1982,2025-05-21,0,1,1
1983,2024-03-13,5,6,0
1983,2024-03-20,18,7,0
1983,2024-03-27,17,6,0
1983,2024-04-03,23,6,1
1983,2024-04-10,20,6,0
1983,2024-04-17,24,4,0
1983,2024-04-24,22,4,0
1983,2024-05-01,5,4,0
1983,2024-05-08,5,8,0
1983,2024-05-15,18,4,0
1983,2024-05-22,12,4,0
1983,2024-05-29,8,6,0
1983,2024-06-05,13,9,0
1983,2024-06-12,21,9,0
1983,2024-06-19,24,4,0
1983,2024-06-26,19,9,0
1983,2024-07-03,8,8,0
1983,2024-07-10,8,6,0
1983,2024-07-17,19,6,0
1983,2024-07-24,6,3,0
1983,2024-07-31,16,7,0
1983,2024-08-07,17,5,0
1983,2024-08-14,22,7,0
1983,2024-08-21,11,8,1
1983,2024-08-28,21,5,0
1983,2024-09-04,15,3,0
1983,2024-09-11,10,8,0
1983,2024-09-18,10,8,0
1983,2024-09-25,18,5,0
1983,2024-10-02,23,9,0
1983,2024-10-09,15,3,1
1983,2024-10-16,13,7,0
1983,2024-10-23,20,5,0
1983,2024-10-30,15,3,0
1983,2024-11-06,14,3,0
1983,2024-11-13,21,6,0
1983,2024-11-20,16,9,0
1983,2024-11-27,20,6,0
1983,2024-12-04,15,6,1
1983,2024-12-11,13,8,0
1983,2024-12-18,10,8,1
1983,2024-12-25,7,5,0
1983,2025-01-01,8,3,0
1984,2024-04-06,17,8,0
1984,2024-04-13,5,6,1
1984,2024-04-20,11,5,1
1984,2024-04-27,11,9,0
1984,2024-05-04,5,8,0
1984,2024-05-11,9,5,1
1984,2024-05-18,16,6,0
1984,2024-05-25,11,9,0
1984,2024-06-01,22,5,0
1984,2024-06-08,5,8,0
1984,2024-06-15,8,4,0
1984,2024-06-22,8,7,0
1984,2024-06-29,11,3,0
1984,2024-07-06,16,4,0
1984,2024-07-13,17,9,0
1984,2024-07-20,13,5,0
1984,2024-07-27,15,6,0
1984,2024-08-03,16,6,0
1984,2024-08-10,18,7,0
1984,2024-08-17,19,6,0
1984,2024-08-24,11,3,0
1984,2024-08-31,12,6,0
1984,2024-09-07,14,8,0
1984,2024-09-14,24,4,0
1984,2024-09-21,7,5,0
1984,2024-09-28,22,6,0
1984,2024-10-05,22,8,0
1984,2024-10-12,7,4,0
1984,2024-10-19,9,7,0
1984,2024-10-26,17,5,0
1984,2024-11-02,16,5,0
1984,2024-11-09,13,6,0
1984,2024-11-16,9,9,0
1984,2024-11-23,18,4,0
1984,2024-11-30,19,5,0
1984,2024-12-07,19,7,0
1984,2024-12-14,17,3,0
1984,2024-12-21,18,3,0
1984,2024-12-28,11,9,0
1985,2024-03-29,19,9,0
1985,2024-04-05,22,5,0
1985,2024-04-12,11,7,0
1985,2024-04-19,11,4,0
1985,2024-04-26,7,9,1
1985,2024-05-03,13,6,0
1985,2024-05-10,16,9,0
1985,2024-05-17,18,7,0
1985,2024-05-24,15,8,1
1985,2024-05-31,17,8,0
1985,2024-06-07,17,4,1
1985,2024-06-14,9,3,1
1985,2024-06-21,7,4,0
1985,2024-06-28,10,4,0
1985,2024-07-05,21,3,0
1985,2024-07-12,22,7,0
1985,2024-07-19,9,4,1
1985,2024-07-26,21,3,0
1985,2024-08-02,14,7,0
1985,2024-08-09,12,4,1
1985,2024-08-16,17,5,0
1985,2024-08-23,14,7,0
1985,2024-08-30,7,3,0
1985,2024-09-06,23,8,1
1985,2024-09-13,20,6,0
1985,2024-09-20,22,9,0
1985,2024-09-27,22,9,0
1985,2024-10-04,9,7,0
1985,2024-10-11,23,5,0
1985,2024-10-18,17,8,0
1985,2024-10-25,6,8,0
1985,2024-11-01,9,6,0
1985,2024-11-08,16,9,0
1985,2024-11-15,21,3,0
1985,2024-11-22,7,8,0
1985,2024-11-29,7,5,1
1985,2024-12-06,13,8,0
1985,2024-12-13,18,3,0
1985,2024-12-20,6,5,0
1985,2024-12-27,6,8,0
1986,2024-06-17,18,6,0
1986,2024-06-24,17,8,0
1986,2024-07-01,22,3,0
1986,2024-07-08,17,7,0
1986,2024-07-15,23,5,1
1986,2024-07-22,20,5,0
1986,2024-07-29,10,3,0
1986,2024-08-05,13,7,1
1986,2024-08-12,24,7,0
1986,2024-08-19,15,5,0
1986,2024-08-26,7,9,0
1986,2024-09-02,21,7,0
1986,2024-09-09,18,5,0
1986,2024-09-16,19,6,0
1986,2024-09-23,21,5,1
1986,2024-09-30,9,4,0
1986,2024-10-07,17,5,0
1986,2024-10-14,7,8,0
1986,2024-10-21,0,2,0
1986,2024-10-28,0,1,0
1986,2024-11-04,2,2,0
1986,2024-11-11,2,2,0
1987,2024-03-30,8,7,1
1987,2024-04-06,6,3,0
1987,2024-04-13,10,8,0
1987,2024-04-20,8,9,0
1987,2024-04-27,5,7,1
1987,2024-05-04,16,7,0
1987,2024-05-11,18,4,0
1987,2024-05-18,5,5,0
1987,2024-05-25,20,6,0
1987,2024-06-01,24,9,0
1987,2024-06-08,22,6,0
1987,2024-06-15,12,8,0
1987,2024-06-22,24,4,0
1987,2024-06-29,5,7,1
1987,2024-07-06,16,7,1
1987,2024-07-13,24,7,0
1987,2024-07-20,20,3,0
1987,2024-07-27,8,8,0
1987,2024-08-03,19,9,0
1987,2024-08-10,16,7,0
1987,2024-08-17,20,7,0
1987,2024-08-24,19,6,1
1987,2024-08-31,13,5,0
1987,2024-09-07,15,7,0
1987,2024-09-14,15,8,0
1987,2024-09-21,18,3,0
1987,2024-09-28,22,3,0
1987,2024-10-05,18,9,1
1987,2024-10-12,5,4,0
1987,2024-10-19,16,6,0
1987,2024-10-26,5,3,0
1987,2024-11-02,24,7,0
1987,2024-11-09,21,5,0
1987,2024-11-16,23,9,0
1987,2024-11-23,13,5,0
1987,2024-11-30,5,3,0
1987,2024-12-07,6,8,0
1987,2024-12-14,9,5,0
1987,2024-12-21,22,7,1
1987,2024-12-28,6,3,0
1988,2024-11-29,6,8,0
1988,2024-12-06,22,8,0
1988,2024-12-13,15,7,0
1988,2024-12-20,16,8,0
1988,2024-12-27,20,6,0
1988,2025-01-03,10,6,0
1988,2025-01-10,13,3,0
1988,2025-01-17,24,8,1
1988,2025-01-24,16,3,0
1988,2025-01-31,8,4,0
1988,2025-02-07,13,5,0
1988,2025-02-14,24,3,0
1988,2025-02-21,6,9,0
1988,2025-02-28,0,1,0
1988,2025-03-07,1,2,0
1988,2025-03-14,1,2,1
1988,2025-03-21,2,2,1
1988,2025-03-28,2,2,1
1989,2024-08-24,22,7,0
1989,2024-08-31,9,7,0
1989,2024-09-07,20,7,0
1989,2024-09-14,20,3,0
1989,2024-09-21,6,5,0
1989,2024-09-28,6,5,0
1989,2024-10-05,10,5,0
1989,2024-10-12,17,9,0
1989,2024-10-19,16,3,0
1989,2024-10-26,19,4,0
1989,2024-11-02,24,5,0
1989,2024-11-09,14,4,1
1989,2024-11-16,17,7,0
1989,2024-11-23,13,8,0
1989,2024-11-30,16,6,0
1989,2024-12-07,12,7,0
1989,2024-12-14,21,6,0
1989,2024-12-21,14,9,0
1989,2024-12-28,13,4,0
1991,2024-11-10,18,5,1
1991,2024-11-17,18,3,0
1991,2024-11-24,9,9,0
1991,2024-12-01,23,8,0
1991,2024-12-08,9,4,0
1991,2024-12-15,14,4,0
1991,2024-12-22,7,6,0
1991,2024-12-29,16,9,0
1992,2024-05-23,22,5,0
1992,2024-05-30,12,8,0
1992,2024-06-06,22,5,0
1992,2024-06-13,15,7,0
1992,2024-06-20,21,3,0
1992,2024-06-27,19,9,0
1992,2024-07-04,20,7,0
1992,2024-07-11,17,5,0
1992,2024-07-18,21,5,0
1992,2024-07-25,6,4,0
1992,2024-08-01,21,4,0
1992,2024-08-08,19,6,0
1992,2024-08-15,11,8,0
1992,2024-08-22,24,3,0
1992,2024-08-29,23,6,0
1992,2024-09-05,13,7,0
1992,2024-09-12,18,3,0
1992,2024-09-19,8,6,0
1992,2024-09-26,10,6,0
1992,2024-10-03,8,3,0
1992,2024-10-10,9,4,0
1992,2024-10-17,11,7,0
1992,2024-10-24,23,8,0
1992,2024-10-31,5,9,0
1992,2024-11-07,22,3,0
1992,2024-11-14,7,9,0
1992,2024-11-21,12,9,0
1992,2024-11-28,14,9,0
1992,2024-12-05,12,7,0
1992,2024-12-12,22,4,0
1992,2024-12-19,23,9,0
1992,2024-12-26,14,8,0
1993,2024-06-19,5,5,0
1993,2024-06-26,6,9,0
1993,2024-07-03,19,6,0
1993,2024-07-10,5,8,0
1993,2024-07-17,11,5,0
1993,2024-07-24,13,7,0
1993,2024-07-31,5,4,0
1993,2024-08-07,21,4,0
1993,2024-08-14,12,7,0
1993,2024-08-21,16,3,1
1993,2024-08-28,24,9,0
1993,2024-09-04,7,5,0
1993,2024-09-11,22,9,0
1993,2024-09-18,11,8,0
1993,2024-09-25,20,9,0
1993,2024-10-02,13,9,0
1993,2024-10-09,14,9,0
1993,2024-10-16,14,4,0
1993,2024-10-23,12,8,0
1993,2024-10-30,20,4,1
1993,2024-11-06,16,4,0
1993,2024-11-13,14,9,0
1993,2024-11-20,15,5,1
1993,2024-11-27,22,6,0
1993,2024-12-04,18,6,0
1993,2024-12-11,19,8,0
1993,2024-12-18,24,8,0
1993,2024-12-25,10,5,0
1993,2025-01-01,18,4,0
1994,2024-01-04,12,6,0
1994,2024-01-11,10,6,0
1994,2024-01-18,21,9,0
1994,2024-01-25,11,6,0
1994,2024-02-01,18,6,0
1994,2024-02-08,5,4,0
1994,2024-02-15,14,3,0
1994,2024-02-22,10,8,0
1994,2024-02-29,20,5,0
1994,2024-03-07,5,8,0
1994,2024-03-14,15,6,0
1994,2024-03-21,14,7,0
1994,2024-03-28,22,8,0
1994,2024-04-04,13,9,0
1994,2024-04-11,23,7,0
1994,2024-04-18,16,7,0
1994,2024-04-25,17,6,0
1994,2024-05-02,5,6,0
1994,2024-05-09,5,6,1
1994,2024-05-16,9,9,0
1994,2024-05-23,17,3,0
1994,2024-05-30,14,4,0
1994,2024-06-06,5,8,0
1994,2024-06-13,7,4,0
1994,2024-06-20,20,8,0
1994,2024-06-27,8,5,0
1994,2024-07-04,21,5,0
1994,2024-07-11,12,6,0
1994,2024-07-18,20,3,0
1994,2024-07-25,14,9,0
1994,2024-08-01,8,6,0
1994,2024-08-08,17,6,0
1994,2024-08-15,17,8,0
1994,2024-08-22,7,6,0
1994,2024-08-29,9,4,1
1994,2024-09-05,7,9,1
1994,2024-09-12,21,6,0
1994,2024-09-19,13,9,0
1994,2024-09-26,16,4,0
1994,2024-10-03,21,9,0
1994,2024-10-10,12,7,0
1994,2024-10-17,24,9,0
1994,2024-10-24,22,4,0
1994,2024-10-31,13,4,1
1994,2024-11-07,9,3,0
1994,2024-11-14,14,9,0
1994,2024-11-21,19,8,0
1994,2024-11-28,19,3,0
1994,2024-12-05,21,5,0
1994,2024-12-12,20,7,0
1994,2024-12-19,13,7,0
1994,2024-12-26,6,9,0
1995,2024-01-23,20,8,0
1995,2024-01-30,8,9,0
1995,2024-02-06,9,4,0
1995,2024-02-13,24,3,0
1995,2024-02-20,17,4,0
1995,2024-02-27,16,8,0
1995,2024-03-05,14,7,0
1995,2024-03-12,22,3,0
1995,2024-03-19,6,5,0
1995,2024-03-26,11,5,0
1995,2024-04-02,21,9,0
1995,2024-04-09,12,6,0
1995,2024-04-16,20,9,1
1995,2024-04-23,23,9,0
1995,2024-04-30,13,8,1
1995,2024-05-07,17,7,0
1995,2024-05-14,5,8,1
1995,2024-05-21,21,9,0
1995,2024-05-28,18,6,0
1995,2024-06-04,10,9,0
1995,2024-06-11,23,9,1
1995,2024-06-18,17,3,0
1995,2024-06-25,9,7,0
1995,2024-07-02,11,6,0
1995,2024-07-09,19,7,0
1995,2024-07-16,16,4,0
1995,2024-07-23,19,9,0
1995,2024-07-30,7,7,1
1995,2024-08-06,16,9,0
1995,2024-08-13,9,6,0
1995,2024-08-20,13,8,0
1995,2024-08-27,6,6,0
1995,2024-09-03,10,7,0
1995,2024-09-10,20,7,0
1995,2024-09-17,9,3,0
1995,2024-09-24,22,4,0
1995,2024-10-01,11,8,0
1995,2024-10-08,5,6,0
1995,2024-10-15,21,6,0
1995,2024-10-22,23,6,0
1995,2024-10-29,8,6,1
1995,2024-11-05,13,4,0
1995,2024-11-12,22,7,0
1995,2024-11-19,22,4,0
1995,2024-11-26,6,7,0
1995,2024-12-03,5,9,0
1995,2024-12-10,5,7,1
1995,2024-12-17,24,9,1
1995,2024-12-24,18,3,0
1995,2024-12-31,6,3,0
1998,2024-01-13,9,7,0
1998,2024-01-20,10,3,0
1998,2024-01-27,11,7,0
1998,2024-02-03,12,9,0
1998,2024-02-10,23,3,0
1998,2024-02-17,5,4,0
1998,2024-02-24,7,6,0
1998,2024-03-02,16,9,0
1998,2024-03-09,7,6,0
1998,2024-03-16,18,5,0
1998,2024-03-23,14,4,0
1998,2024-03-30,7,9,0
1998,2024-04-06,15,5,0
1998,2024-04-13,6,6,0
1998,2024-04-20,24,4,0
1998,2024-04-27,15,6,0
1998,2024-05-04,12,5,0
1998,2024-05-11,5,7,0
1998,2024-05-18,21,8,1
1998,2024-05-25,14,9,0
1998,2024-06-01,11,6,0
1998,2024-06-08,24,4,0
1998,2024-06-15,16,9,0
1998,2024-06-22,16,8,0
1998,2024-06-29,12,8,1
1998,2024-07-06,14,4,0
1998,2024-07-13,10,8,0
1998,2024-07-20,13,9,0
1998,2024-07-27,16,5,0
1998,2024-08-03,24,8,0
1998,2024-08-10,16,3,0
1998,2024-08-17,7,8,0
1998,2024-08-24,22,4,0
1998,2024-08-31,13,3,0
1998,2024-09-07,20,3,0
1998,2024-09-14,24,7,0
1998,2024-09-21,21,8,0
1998,2024-09-28,22,6,0
1998,2024-10-05,20,7,0
1998,2024-10-12,8,8,1
1998,2024-10-19,21,6,0
1998,2024-10-26,8,9,1
1998,2024-11-02,14,7,0
1998,2024-11-09,18,3,1
1998,2024-11-16,10,4,0
1998,2024-11-23,24,3,0
1998,2024-11-30,16,8,0
1998,2024-12-07,18,4,0
1998,2024-12-14,8,7,0
1998,2024-12-21,6,4,1
1998,2024-12-28,15,8,1
1999,2025-04-08,13,9,0
1999,2025-04-15,7,3,0
1999,2025-04-22,15,9,0
1999,2025-04-29,12,9,1
1999,2025-05-06,11,7,0
1999,2025-05-13,2,2,2
1999,2025-05-20,1,2,1
1999,2025-05-27,0,1,0
1999,2025-06-03,0,1,1
2000,2024-07-24,11,7,0
2000,2024-07-31,23,3,1
2000,2024-08-07,17,3,1
2000,2024-08-14,24,4,0
2000,2024-08-21,13,8,0
2000,2024-08-28,18,5,0
2000,2024-09-04,21,6,0
2000,2024-09-11,6,6,0
2000,2024-09-18,9,4,0
2000,2024-09-25,9,5,0
2000,2024-10-02,24,9,0
2000,2024-10-09,13,4,0
2000,2024-10-16,15,6,0
2000,2024-10-23,7,4,0
2000,2024-10-30,6,3,1
2000,2024-11-06,15,9,0
2000,2024-11-13,14,7,0
2000,2024-11-20,10,5,0
2000,2024-11-27,24,7,0
2000,2024-12-04,17,7,0
2000,2024-12-11,17,3,0
2000,2024-12-18,23,7,0
2000,2024-12-25,20,9,0
2000,2025-01-01,6,9,0
